author_1,author_2,weight
UC-HeUTT6_g-VoiWds2a4H-w,UC-Iul5tDYH_oiAMXQH-KaaQ,1
UC-HeUTT6_g-VoiWds2a4H-w,UC0HvfEWozTHbwl_iEmJNvVA,1
UC-HeUTT6_g-VoiWds2a4H-w,UC14qlobYKqD-DO0j6b75lcA,1
UC-HeUTT6_g-VoiWds2a4H-w,UC1NiEdJ7gk6FlDexIalWnGg,1
UC-HeUTT6_g-VoiWds2a4H-w,UC3YpzAr7pcdKC7BVFEpYzog,1
UC-HeUTT6_g-VoiWds2a4H-w,UC63tFvbQ_hJhGDi2nbjssjw,1
UC-HeUTT6_g-VoiWds2a4H-w,UCEHXl4VvvVpq-_4xC5tsbhg,1
UC-HeUTT6_g-VoiWds2a4H-w,UCFybmWapGvBKcQod7cPPH9w,1
UC-HeUTT6_g-VoiWds2a4H-w,UCRfkkatKrNtAARnXMMYBGlA,1
UC-HeUTT6_g-VoiWds2a4H-w,UCV3fr-YOixFKCZBbJP1-X4w,1
UC-HeUTT6_g-VoiWds2a4H-w,UCWaRixDdpgllTBf4V0jPnKQ,1
UC-HeUTT6_g-VoiWds2a4H-w,UCWvntqPQx99k_Z_skWKqNSA,1
UC-HeUTT6_g-VoiWds2a4H-w,UCZFQwqh90apuL8eFhvRBkUg,1
UC-HeUTT6_g-VoiWds2a4H-w,UCa36MjQLoPAmgJo-R3G8WQA,1
UC-HeUTT6_g-VoiWds2a4H-w,UCaT4saRcyqCLE657Rq2hhZQ,1
UC-HeUTT6_g-VoiWds2a4H-w,UCeQk-WfEA-cJRq4EKeE7TOw,1
UC-HeUTT6_g-VoiWds2a4H-w,UCfo_yUPzy1f1POwwZxhZ06Q,1
UC-HeUTT6_g-VoiWds2a4H-w,UCgGqw4aqMdMVSGkKiMgrJRQ,1
UC-HeUTT6_g-VoiWds2a4H-w,UCheEJ5GZuIvV0fj-nXyVwXw,1
UC-HeUTT6_g-VoiWds2a4H-w,UChyps3dqY-VY1_wLeq-2lhw,1
UC-HeUTT6_g-VoiWds2a4H-w,UCiOZX__1gahg1ypIj0_XG_w,1
UC-HeUTT6_g-VoiWds2a4H-w,UCjZgFEowMBrsjodqfovzdKw,1
UC-HeUTT6_g-VoiWds2a4H-w,UCoGdCoJg2Lh0OX_jv6cG16g,1
UC-HeUTT6_g-VoiWds2a4H-w,UCp29O_C7cchZV8IxV7Crdag,1
UC-HeUTT6_g-VoiWds2a4H-w,UCql1n3Ey6ULMSOACjMe-fxQ,1
UC-HeUTT6_g-VoiWds2a4H-w,UCtCtts20bW6F9CSohau51Iw,1
UC-HeUTT6_g-VoiWds2a4H-w,UCtsxPYw8VUsH_FfnKg-0lmw,1
UC-HeUTT6_g-VoiWds2a4H-w,UCvDwJBBY1mHK70aTEYl6rsA,1
UC-HeUTT6_g-VoiWds2a4H-w,UCwxoKK59nGCeBqB2sXfDBIw,1
UC-HeUTT6_g-VoiWds2a4H-w,UCyJhqmMbsvjpoarBBStA2kg,1
UC-HeUTT6_g-VoiWds2a4H-w,UCzZ6dDCEsLMXbc5pCFXIprw,1
UC-Iul5tDYH_oiAMXQH-KaaQ,UC0HvfEWozTHbwl_iEmJNvVA,1
UC-Iul5tDYH_oiAMXQH-KaaQ,UC14qlobYKqD-DO0j6b75lcA,1
UC-Iul5tDYH_oiAMXQH-KaaQ,UC1NiEdJ7gk6FlDexIalWnGg,1
UC-Iul5tDYH_oiAMXQH-KaaQ,UC3YpzAr7pcdKC7BVFEpYzog,1
UC-Iul5tDYH_oiAMXQH-KaaQ,UC63tFvbQ_hJhGDi2nbjssjw,1
UC-Iul5tDYH_oiAMXQH-KaaQ,UCEHXl4VvvVpq-_4xC5tsbhg,1
UC-Iul5tDYH_oiAMXQH-KaaQ,UCFybmWapGvBKcQod7cPPH9w,1
UC-Iul5tDYH_oiAMXQH-KaaQ,UCRfkkatKrNtAARnXMMYBGlA,1
UC-Iul5tDYH_oiAMXQH-KaaQ,UCV3fr-YOixFKCZBbJP1-X4w,1
UC-Iul5tDYH_oiAMXQH-KaaQ,UCWaRixDdpgllTBf4V0jPnKQ,1
UC-Iul5tDYH_oiAMXQH-KaaQ,UCWvntqPQx99k_Z_skWKqNSA,1
UC-Iul5tDYH_oiAMXQH-KaaQ,UCZFQwqh90apuL8eFhvRBkUg,1
UC-Iul5tDYH_oiAMXQH-KaaQ,UCa36MjQLoPAmgJo-R3G8WQA,1
UC-Iul5tDYH_oiAMXQH-KaaQ,UCaT4saRcyqCLE657Rq2hhZQ,1
UC-Iul5tDYH_oiAMXQH-KaaQ,UCeQk-WfEA-cJRq4EKeE7TOw,1
UC-Iul5tDYH_oiAMXQH-KaaQ,UCfo_yUPzy1f1POwwZxhZ06Q,1
UC-Iul5tDYH_oiAMXQH-KaaQ,UCgGqw4aqMdMVSGkKiMgrJRQ,1
UC-Iul5tDYH_oiAMXQH-KaaQ,UCheEJ5GZuIvV0fj-nXyVwXw,1
UC-Iul5tDYH_oiAMXQH-KaaQ,UChyps3dqY-VY1_wLeq-2lhw,1
UC-Iul5tDYH_oiAMXQH-KaaQ,UCiOZX__1gahg1ypIj0_XG_w,1
UC-Iul5tDYH_oiAMXQH-KaaQ,UCjZgFEowMBrsjodqfovzdKw,1
UC-Iul5tDYH_oiAMXQH-KaaQ,UCoGdCoJg2Lh0OX_jv6cG16g,1
UC-Iul5tDYH_oiAMXQH-KaaQ,UCp29O_C7cchZV8IxV7Crdag,1
UC-Iul5tDYH_oiAMXQH-KaaQ,UCql1n3Ey6ULMSOACjMe-fxQ,1
UC-Iul5tDYH_oiAMXQH-KaaQ,UCtCtts20bW6F9CSohau51Iw,1
UC-Iul5tDYH_oiAMXQH-KaaQ,UCtsxPYw8VUsH_FfnKg-0lmw,1
UC-Iul5tDYH_oiAMXQH-KaaQ,UCvDwJBBY1mHK70aTEYl6rsA,1
UC-Iul5tDYH_oiAMXQH-KaaQ,UCwxoKK59nGCeBqB2sXfDBIw,1
UC-Iul5tDYH_oiAMXQH-KaaQ,UCyJhqmMbsvjpoarBBStA2kg,1
UC-Iul5tDYH_oiAMXQH-KaaQ,UCzZ6dDCEsLMXbc5pCFXIprw,1
UC0HvfEWozTHbwl_iEmJNvVA,UC14qlobYKqD-DO0j6b75lcA,1
UC0HvfEWozTHbwl_iEmJNvVA,UC1NiEdJ7gk6FlDexIalWnGg,1
UC0HvfEWozTHbwl_iEmJNvVA,UC3YpzAr7pcdKC7BVFEpYzog,1
UC0HvfEWozTHbwl_iEmJNvVA,UC63tFvbQ_hJhGDi2nbjssjw,1
UC0HvfEWozTHbwl_iEmJNvVA,UCEHXl4VvvVpq-_4xC5tsbhg,1
UC0HvfEWozTHbwl_iEmJNvVA,UCFybmWapGvBKcQod7cPPH9w,1
UC0HvfEWozTHbwl_iEmJNvVA,UCRfkkatKrNtAARnXMMYBGlA,1
UC0HvfEWozTHbwl_iEmJNvVA,UCV3fr-YOixFKCZBbJP1-X4w,1
UC0HvfEWozTHbwl_iEmJNvVA,UCWaRixDdpgllTBf4V0jPnKQ,1
UC0HvfEWozTHbwl_iEmJNvVA,UCWvntqPQx99k_Z_skWKqNSA,1
UC0HvfEWozTHbwl_iEmJNvVA,UCZFQwqh90apuL8eFhvRBkUg,1
UC0HvfEWozTHbwl_iEmJNvVA,UCa36MjQLoPAmgJo-R3G8WQA,1
UC0HvfEWozTHbwl_iEmJNvVA,UCaT4saRcyqCLE657Rq2hhZQ,1
UC0HvfEWozTHbwl_iEmJNvVA,UCeQk-WfEA-cJRq4EKeE7TOw,1
UC0HvfEWozTHbwl_iEmJNvVA,UCfo_yUPzy1f1POwwZxhZ06Q,1
UC0HvfEWozTHbwl_iEmJNvVA,UCgGqw4aqMdMVSGkKiMgrJRQ,1
UC0HvfEWozTHbwl_iEmJNvVA,UCheEJ5GZuIvV0fj-nXyVwXw,1
UC0HvfEWozTHbwl_iEmJNvVA,UChyps3dqY-VY1_wLeq-2lhw,1
UC0HvfEWozTHbwl_iEmJNvVA,UCiOZX__1gahg1ypIj0_XG_w,1
UC0HvfEWozTHbwl_iEmJNvVA,UCjZgFEowMBrsjodqfovzdKw,1
UC0HvfEWozTHbwl_iEmJNvVA,UCoGdCoJg2Lh0OX_jv6cG16g,1
UC0HvfEWozTHbwl_iEmJNvVA,UCp29O_C7cchZV8IxV7Crdag,1
UC0HvfEWozTHbwl_iEmJNvVA,UCql1n3Ey6ULMSOACjMe-fxQ,1
UC0HvfEWozTHbwl_iEmJNvVA,UCtCtts20bW6F9CSohau51Iw,1
UC0HvfEWozTHbwl_iEmJNvVA,UCtsxPYw8VUsH_FfnKg-0lmw,1
UC0HvfEWozTHbwl_iEmJNvVA,UCvDwJBBY1mHK70aTEYl6rsA,1
UC0HvfEWozTHbwl_iEmJNvVA,UCwxoKK59nGCeBqB2sXfDBIw,1
UC0HvfEWozTHbwl_iEmJNvVA,UCyJhqmMbsvjpoarBBStA2kg,1
UC0HvfEWozTHbwl_iEmJNvVA,UCzZ6dDCEsLMXbc5pCFXIprw,1
UC14qlobYKqD-DO0j6b75lcA,UC1NiEdJ7gk6FlDexIalWnGg,1
UC14qlobYKqD-DO0j6b75lcA,UC3YpzAr7pcdKC7BVFEpYzog,1
UC14qlobYKqD-DO0j6b75lcA,UC63tFvbQ_hJhGDi2nbjssjw,1
UC14qlobYKqD-DO0j6b75lcA,UCEHXl4VvvVpq-_4xC5tsbhg,1
UC14qlobYKqD-DO0j6b75lcA,UCFybmWapGvBKcQod7cPPH9w,1
UC14qlobYKqD-DO0j6b75lcA,UCRfkkatKrNtAARnXMMYBGlA,1
UC14qlobYKqD-DO0j6b75lcA,UCV3fr-YOixFKCZBbJP1-X4w,1
UC14qlobYKqD-DO0j6b75lcA,UCWaRixDdpgllTBf4V0jPnKQ,1
UC14qlobYKqD-DO0j6b75lcA,UCWvntqPQx99k_Z_skWKqNSA,1
UC14qlobYKqD-DO0j6b75lcA,UCZFQwqh90apuL8eFhvRBkUg,1
UC14qlobYKqD-DO0j6b75lcA,UCa36MjQLoPAmgJo-R3G8WQA,1
UC14qlobYKqD-DO0j6b75lcA,UCaT4saRcyqCLE657Rq2hhZQ,1
UC14qlobYKqD-DO0j6b75lcA,UCeQk-WfEA-cJRq4EKeE7TOw,1
UC14qlobYKqD-DO0j6b75lcA,UCfo_yUPzy1f1POwwZxhZ06Q,1
UC14qlobYKqD-DO0j6b75lcA,UCgGqw4aqMdMVSGkKiMgrJRQ,1
UC14qlobYKqD-DO0j6b75lcA,UCheEJ5GZuIvV0fj-nXyVwXw,1
UC14qlobYKqD-DO0j6b75lcA,UChyps3dqY-VY1_wLeq-2lhw,1
UC14qlobYKqD-DO0j6b75lcA,UCiOZX__1gahg1ypIj0_XG_w,1
UC14qlobYKqD-DO0j6b75lcA,UCjZgFEowMBrsjodqfovzdKw,1
UC14qlobYKqD-DO0j6b75lcA,UCoGdCoJg2Lh0OX_jv6cG16g,1
UC14qlobYKqD-DO0j6b75lcA,UCp29O_C7cchZV8IxV7Crdag,1
UC14qlobYKqD-DO0j6b75lcA,UCql1n3Ey6ULMSOACjMe-fxQ,1
UC14qlobYKqD-DO0j6b75lcA,UCtCtts20bW6F9CSohau51Iw,1
UC14qlobYKqD-DO0j6b75lcA,UCtsxPYw8VUsH_FfnKg-0lmw,1
UC14qlobYKqD-DO0j6b75lcA,UCvDwJBBY1mHK70aTEYl6rsA,1
UC14qlobYKqD-DO0j6b75lcA,UCwxoKK59nGCeBqB2sXfDBIw,1
UC14qlobYKqD-DO0j6b75lcA,UCyJhqmMbsvjpoarBBStA2kg,1
UC14qlobYKqD-DO0j6b75lcA,UCzZ6dDCEsLMXbc5pCFXIprw,1
UC1NiEdJ7gk6FlDexIalWnGg,UC3YpzAr7pcdKC7BVFEpYzog,1
UC1NiEdJ7gk6FlDexIalWnGg,UC63tFvbQ_hJhGDi2nbjssjw,1
UC1NiEdJ7gk6FlDexIalWnGg,UCEHXl4VvvVpq-_4xC5tsbhg,1
UC1NiEdJ7gk6FlDexIalWnGg,UCFybmWapGvBKcQod7cPPH9w,1
UC1NiEdJ7gk6FlDexIalWnGg,UCRfkkatKrNtAARnXMMYBGlA,1
UC1NiEdJ7gk6FlDexIalWnGg,UCV3fr-YOixFKCZBbJP1-X4w,1
UC1NiEdJ7gk6FlDexIalWnGg,UCWaRixDdpgllTBf4V0jPnKQ,1
UC1NiEdJ7gk6FlDexIalWnGg,UCWvntqPQx99k_Z_skWKqNSA,1
UC1NiEdJ7gk6FlDexIalWnGg,UCZFQwqh90apuL8eFhvRBkUg,1
UC1NiEdJ7gk6FlDexIalWnGg,UCa36MjQLoPAmgJo-R3G8WQA,1
UC1NiEdJ7gk6FlDexIalWnGg,UCaT4saRcyqCLE657Rq2hhZQ,1
UC1NiEdJ7gk6FlDexIalWnGg,UCeQk-WfEA-cJRq4EKeE7TOw,1
UC1NiEdJ7gk6FlDexIalWnGg,UCfo_yUPzy1f1POwwZxhZ06Q,1
UC1NiEdJ7gk6FlDexIalWnGg,UCgGqw4aqMdMVSGkKiMgrJRQ,1
UC1NiEdJ7gk6FlDexIalWnGg,UCheEJ5GZuIvV0fj-nXyVwXw,1
UC1NiEdJ7gk6FlDexIalWnGg,UChyps3dqY-VY1_wLeq-2lhw,1
UC1NiEdJ7gk6FlDexIalWnGg,UCiOZX__1gahg1ypIj0_XG_w,1
UC1NiEdJ7gk6FlDexIalWnGg,UCjZgFEowMBrsjodqfovzdKw,1
UC1NiEdJ7gk6FlDexIalWnGg,UCoGdCoJg2Lh0OX_jv6cG16g,1
UC1NiEdJ7gk6FlDexIalWnGg,UCp29O_C7cchZV8IxV7Crdag,1
UC1NiEdJ7gk6FlDexIalWnGg,UCql1n3Ey6ULMSOACjMe-fxQ,1
UC1NiEdJ7gk6FlDexIalWnGg,UCtCtts20bW6F9CSohau51Iw,1
UC1NiEdJ7gk6FlDexIalWnGg,UCtsxPYw8VUsH_FfnKg-0lmw,1
UC1NiEdJ7gk6FlDexIalWnGg,UCvDwJBBY1mHK70aTEYl6rsA,1
UC1NiEdJ7gk6FlDexIalWnGg,UCwxoKK59nGCeBqB2sXfDBIw,1
UC1NiEdJ7gk6FlDexIalWnGg,UCyJhqmMbsvjpoarBBStA2kg,1
UC1NiEdJ7gk6FlDexIalWnGg,UCzZ6dDCEsLMXbc5pCFXIprw,1
UC3YpzAr7pcdKC7BVFEpYzog,UC63tFvbQ_hJhGDi2nbjssjw,1
UC3YpzAr7pcdKC7BVFEpYzog,UCEHXl4VvvVpq-_4xC5tsbhg,1
UC3YpzAr7pcdKC7BVFEpYzog,UCFybmWapGvBKcQod7cPPH9w,1
UC3YpzAr7pcdKC7BVFEpYzog,UCRfkkatKrNtAARnXMMYBGlA,1
UC3YpzAr7pcdKC7BVFEpYzog,UCV3fr-YOixFKCZBbJP1-X4w,1
UC3YpzAr7pcdKC7BVFEpYzog,UCWaRixDdpgllTBf4V0jPnKQ,1
UC3YpzAr7pcdKC7BVFEpYzog,UCWvntqPQx99k_Z_skWKqNSA,1
UC3YpzAr7pcdKC7BVFEpYzog,UCZFQwqh90apuL8eFhvRBkUg,1
UC3YpzAr7pcdKC7BVFEpYzog,UCa36MjQLoPAmgJo-R3G8WQA,1
UC3YpzAr7pcdKC7BVFEpYzog,UCaT4saRcyqCLE657Rq2hhZQ,1
UC3YpzAr7pcdKC7BVFEpYzog,UCeQk-WfEA-cJRq4EKeE7TOw,1
UC3YpzAr7pcdKC7BVFEpYzog,UCfo_yUPzy1f1POwwZxhZ06Q,1
UC3YpzAr7pcdKC7BVFEpYzog,UCgGqw4aqMdMVSGkKiMgrJRQ,1
UC3YpzAr7pcdKC7BVFEpYzog,UCheEJ5GZuIvV0fj-nXyVwXw,1
UC3YpzAr7pcdKC7BVFEpYzog,UChyps3dqY-VY1_wLeq-2lhw,1
UC3YpzAr7pcdKC7BVFEpYzog,UCiOZX__1gahg1ypIj0_XG_w,1
UC3YpzAr7pcdKC7BVFEpYzog,UCjZgFEowMBrsjodqfovzdKw,1
UC3YpzAr7pcdKC7BVFEpYzog,UCoGdCoJg2Lh0OX_jv6cG16g,1
UC3YpzAr7pcdKC7BVFEpYzog,UCp29O_C7cchZV8IxV7Crdag,1
UC3YpzAr7pcdKC7BVFEpYzog,UCql1n3Ey6ULMSOACjMe-fxQ,1
UC3YpzAr7pcdKC7BVFEpYzog,UCtCtts20bW6F9CSohau51Iw,1
UC3YpzAr7pcdKC7BVFEpYzog,UCtsxPYw8VUsH_FfnKg-0lmw,1
UC3YpzAr7pcdKC7BVFEpYzog,UCvDwJBBY1mHK70aTEYl6rsA,1
UC3YpzAr7pcdKC7BVFEpYzog,UCwxoKK59nGCeBqB2sXfDBIw,1
UC3YpzAr7pcdKC7BVFEpYzog,UCyJhqmMbsvjpoarBBStA2kg,1
UC3YpzAr7pcdKC7BVFEpYzog,UCzZ6dDCEsLMXbc5pCFXIprw,1
UC63tFvbQ_hJhGDi2nbjssjw,UCEHXl4VvvVpq-_4xC5tsbhg,1
UC63tFvbQ_hJhGDi2nbjssjw,UCFybmWapGvBKcQod7cPPH9w,1
UC63tFvbQ_hJhGDi2nbjssjw,UCRfkkatKrNtAARnXMMYBGlA,1
UC63tFvbQ_hJhGDi2nbjssjw,UCV3fr-YOixFKCZBbJP1-X4w,1
UC63tFvbQ_hJhGDi2nbjssjw,UCWaRixDdpgllTBf4V0jPnKQ,1
UC63tFvbQ_hJhGDi2nbjssjw,UCWvntqPQx99k_Z_skWKqNSA,1
UC63tFvbQ_hJhGDi2nbjssjw,UCZFQwqh90apuL8eFhvRBkUg,1
UC63tFvbQ_hJhGDi2nbjssjw,UCa36MjQLoPAmgJo-R3G8WQA,1
UC63tFvbQ_hJhGDi2nbjssjw,UCaT4saRcyqCLE657Rq2hhZQ,1
UC63tFvbQ_hJhGDi2nbjssjw,UCeQk-WfEA-cJRq4EKeE7TOw,1
UC63tFvbQ_hJhGDi2nbjssjw,UCfo_yUPzy1f1POwwZxhZ06Q,1
UC63tFvbQ_hJhGDi2nbjssjw,UCgGqw4aqMdMVSGkKiMgrJRQ,1
UC63tFvbQ_hJhGDi2nbjssjw,UCheEJ5GZuIvV0fj-nXyVwXw,1
UC63tFvbQ_hJhGDi2nbjssjw,UChyps3dqY-VY1_wLeq-2lhw,1
UC63tFvbQ_hJhGDi2nbjssjw,UCiOZX__1gahg1ypIj0_XG_w,1
UC63tFvbQ_hJhGDi2nbjssjw,UCjZgFEowMBrsjodqfovzdKw,1
UC63tFvbQ_hJhGDi2nbjssjw,UCoGdCoJg2Lh0OX_jv6cG16g,1
UC63tFvbQ_hJhGDi2nbjssjw,UCp29O_C7cchZV8IxV7Crdag,1
UC63tFvbQ_hJhGDi2nbjssjw,UCql1n3Ey6ULMSOACjMe-fxQ,1
UC63tFvbQ_hJhGDi2nbjssjw,UCtCtts20bW6F9CSohau51Iw,1
UC63tFvbQ_hJhGDi2nbjssjw,UCtsxPYw8VUsH_FfnKg-0lmw,1
UC63tFvbQ_hJhGDi2nbjssjw,UCvDwJBBY1mHK70aTEYl6rsA,1
UC63tFvbQ_hJhGDi2nbjssjw,UCwxoKK59nGCeBqB2sXfDBIw,1
UC63tFvbQ_hJhGDi2nbjssjw,UCyJhqmMbsvjpoarBBStA2kg,1
UC63tFvbQ_hJhGDi2nbjssjw,UCzZ6dDCEsLMXbc5pCFXIprw,1
UCEHXl4VvvVpq-_4xC5tsbhg,UCFybmWapGvBKcQod7cPPH9w,1
UCEHXl4VvvVpq-_4xC5tsbhg,UCRfkkatKrNtAARnXMMYBGlA,1
UCEHXl4VvvVpq-_4xC5tsbhg,UCV3fr-YOixFKCZBbJP1-X4w,1
UCEHXl4VvvVpq-_4xC5tsbhg,UCWaRixDdpgllTBf4V0jPnKQ,1
UCEHXl4VvvVpq-_4xC5tsbhg,UCWvntqPQx99k_Z_skWKqNSA,1
UCEHXl4VvvVpq-_4xC5tsbhg,UCZFQwqh90apuL8eFhvRBkUg,1
UCEHXl4VvvVpq-_4xC5tsbhg,UCa36MjQLoPAmgJo-R3G8WQA,1
UCEHXl4VvvVpq-_4xC5tsbhg,UCaT4saRcyqCLE657Rq2hhZQ,1
UCEHXl4VvvVpq-_4xC5tsbhg,UCeQk-WfEA-cJRq4EKeE7TOw,1
UCEHXl4VvvVpq-_4xC5tsbhg,UCfo_yUPzy1f1POwwZxhZ06Q,1
UCEHXl4VvvVpq-_4xC5tsbhg,UCgGqw4aqMdMVSGkKiMgrJRQ,1
UCEHXl4VvvVpq-_4xC5tsbhg,UCheEJ5GZuIvV0fj-nXyVwXw,1
UCEHXl4VvvVpq-_4xC5tsbhg,UChyps3dqY-VY1_wLeq-2lhw,1
UCEHXl4VvvVpq-_4xC5tsbhg,UCiOZX__1gahg1ypIj0_XG_w,1
UCEHXl4VvvVpq-_4xC5tsbhg,UCjZgFEowMBrsjodqfovzdKw,1
UCEHXl4VvvVpq-_4xC5tsbhg,UCoGdCoJg2Lh0OX_jv6cG16g,1
UCEHXl4VvvVpq-_4xC5tsbhg,UCp29O_C7cchZV8IxV7Crdag,1
UCEHXl4VvvVpq-_4xC5tsbhg,UCql1n3Ey6ULMSOACjMe-fxQ,1
UCEHXl4VvvVpq-_4xC5tsbhg,UCtCtts20bW6F9CSohau51Iw,1
UCEHXl4VvvVpq-_4xC5tsbhg,UCtsxPYw8VUsH_FfnKg-0lmw,1
UCEHXl4VvvVpq-_4xC5tsbhg,UCvDwJBBY1mHK70aTEYl6rsA,1
UCEHXl4VvvVpq-_4xC5tsbhg,UCwxoKK59nGCeBqB2sXfDBIw,1
UCEHXl4VvvVpq-_4xC5tsbhg,UCyJhqmMbsvjpoarBBStA2kg,1
UCEHXl4VvvVpq-_4xC5tsbhg,UCzZ6dDCEsLMXbc5pCFXIprw,1
UCFybmWapGvBKcQod7cPPH9w,UCRfkkatKrNtAARnXMMYBGlA,1
UCFybmWapGvBKcQod7cPPH9w,UCV3fr-YOixFKCZBbJP1-X4w,1
UCFybmWapGvBKcQod7cPPH9w,UCWaRixDdpgllTBf4V0jPnKQ,1
UCFybmWapGvBKcQod7cPPH9w,UCWvntqPQx99k_Z_skWKqNSA,1
UCFybmWapGvBKcQod7cPPH9w,UCZFQwqh90apuL8eFhvRBkUg,1
UCFybmWapGvBKcQod7cPPH9w,UCa36MjQLoPAmgJo-R3G8WQA,1
UCFybmWapGvBKcQod7cPPH9w,UCaT4saRcyqCLE657Rq2hhZQ,1
UCFybmWapGvBKcQod7cPPH9w,UCeQk-WfEA-cJRq4EKeE7TOw,1
UCFybmWapGvBKcQod7cPPH9w,UCfo_yUPzy1f1POwwZxhZ06Q,1
UCFybmWapGvBKcQod7cPPH9w,UCgGqw4aqMdMVSGkKiMgrJRQ,1
UCFybmWapGvBKcQod7cPPH9w,UCheEJ5GZuIvV0fj-nXyVwXw,1
UCFybmWapGvBKcQod7cPPH9w,UChyps3dqY-VY1_wLeq-2lhw,1
UCFybmWapGvBKcQod7cPPH9w,UCiOZX__1gahg1ypIj0_XG_w,1
UCFybmWapGvBKcQod7cPPH9w,UCjZgFEowMBrsjodqfovzdKw,1
UCFybmWapGvBKcQod7cPPH9w,UCoGdCoJg2Lh0OX_jv6cG16g,1
UCFybmWapGvBKcQod7cPPH9w,UCp29O_C7cchZV8IxV7Crdag,1
UCFybmWapGvBKcQod7cPPH9w,UCql1n3Ey6ULMSOACjMe-fxQ,1
UCFybmWapGvBKcQod7cPPH9w,UCtCtts20bW6F9CSohau51Iw,1
UCFybmWapGvBKcQod7cPPH9w,UCtsxPYw8VUsH_FfnKg-0lmw,1
UCFybmWapGvBKcQod7cPPH9w,UCvDwJBBY1mHK70aTEYl6rsA,1
UCFybmWapGvBKcQod7cPPH9w,UCwxoKK59nGCeBqB2sXfDBIw,1
UCFybmWapGvBKcQod7cPPH9w,UCyJhqmMbsvjpoarBBStA2kg,1
UCFybmWapGvBKcQod7cPPH9w,UCzZ6dDCEsLMXbc5pCFXIprw,1
UCRfkkatKrNtAARnXMMYBGlA,UCV3fr-YOixFKCZBbJP1-X4w,1
UCRfkkatKrNtAARnXMMYBGlA,UCWaRixDdpgllTBf4V0jPnKQ,1
UCRfkkatKrNtAARnXMMYBGlA,UCWvntqPQx99k_Z_skWKqNSA,1
UCRfkkatKrNtAARnXMMYBGlA,UCZFQwqh90apuL8eFhvRBkUg,1
UCRfkkatKrNtAARnXMMYBGlA,UCa36MjQLoPAmgJo-R3G8WQA,1
UCRfkkatKrNtAARnXMMYBGlA,UCaT4saRcyqCLE657Rq2hhZQ,1
UCRfkkatKrNtAARnXMMYBGlA,UCeQk-WfEA-cJRq4EKeE7TOw,1
UCRfkkatKrNtAARnXMMYBGlA,UCfo_yUPzy1f1POwwZxhZ06Q,1
UCRfkkatKrNtAARnXMMYBGlA,UCgGqw4aqMdMVSGkKiMgrJRQ,1
UCRfkkatKrNtAARnXMMYBGlA,UCheEJ5GZuIvV0fj-nXyVwXw,1
UCRfkkatKrNtAARnXMMYBGlA,UChyps3dqY-VY1_wLeq-2lhw,1
UCRfkkatKrNtAARnXMMYBGlA,UCiOZX__1gahg1ypIj0_XG_w,1
UCRfkkatKrNtAARnXMMYBGlA,UCjZgFEowMBrsjodqfovzdKw,1
UCRfkkatKrNtAARnXMMYBGlA,UCoGdCoJg2Lh0OX_jv6cG16g,1
UCRfkkatKrNtAARnXMMYBGlA,UCp29O_C7cchZV8IxV7Crdag,1
UCRfkkatKrNtAARnXMMYBGlA,UCql1n3Ey6ULMSOACjMe-fxQ,1
UCRfkkatKrNtAARnXMMYBGlA,UCtCtts20bW6F9CSohau51Iw,1
UCRfkkatKrNtAARnXMMYBGlA,UCtsxPYw8VUsH_FfnKg-0lmw,1
UCRfkkatKrNtAARnXMMYBGlA,UCvDwJBBY1mHK70aTEYl6rsA,1
UCRfkkatKrNtAARnXMMYBGlA,UCwxoKK59nGCeBqB2sXfDBIw,1
UCRfkkatKrNtAARnXMMYBGlA,UCyJhqmMbsvjpoarBBStA2kg,1
UCRfkkatKrNtAARnXMMYBGlA,UCzZ6dDCEsLMXbc5pCFXIprw,1
UCV3fr-YOixFKCZBbJP1-X4w,UCWaRixDdpgllTBf4V0jPnKQ,1
UCV3fr-YOixFKCZBbJP1-X4w,UCWvntqPQx99k_Z_skWKqNSA,1
UCV3fr-YOixFKCZBbJP1-X4w,UCZFQwqh90apuL8eFhvRBkUg,1
UCV3fr-YOixFKCZBbJP1-X4w,UCa36MjQLoPAmgJo-R3G8WQA,1
UCV3fr-YOixFKCZBbJP1-X4w,UCaT4saRcyqCLE657Rq2hhZQ,1
UCV3fr-YOixFKCZBbJP1-X4w,UCeQk-WfEA-cJRq4EKeE7TOw,1
UCV3fr-YOixFKCZBbJP1-X4w,UCfo_yUPzy1f1POwwZxhZ06Q,1
UCV3fr-YOixFKCZBbJP1-X4w,UCgGqw4aqMdMVSGkKiMgrJRQ,1
UCV3fr-YOixFKCZBbJP1-X4w,UCheEJ5GZuIvV0fj-nXyVwXw,1
UCV3fr-YOixFKCZBbJP1-X4w,UChyps3dqY-VY1_wLeq-2lhw,1
UCV3fr-YOixFKCZBbJP1-X4w,UCiOZX__1gahg1ypIj0_XG_w,1
UCV3fr-YOixFKCZBbJP1-X4w,UCjZgFEowMBrsjodqfovzdKw,1
UCV3fr-YOixFKCZBbJP1-X4w,UCoGdCoJg2Lh0OX_jv6cG16g,1
UCV3fr-YOixFKCZBbJP1-X4w,UCp29O_C7cchZV8IxV7Crdag,1
UCV3fr-YOixFKCZBbJP1-X4w,UCql1n3Ey6ULMSOACjMe-fxQ,1
UCV3fr-YOixFKCZBbJP1-X4w,UCtCtts20bW6F9CSohau51Iw,1
UCV3fr-YOixFKCZBbJP1-X4w,UCtsxPYw8VUsH_FfnKg-0lmw,1
UCV3fr-YOixFKCZBbJP1-X4w,UCvDwJBBY1mHK70aTEYl6rsA,1
UCV3fr-YOixFKCZBbJP1-X4w,UCwxoKK59nGCeBqB2sXfDBIw,1
UCV3fr-YOixFKCZBbJP1-X4w,UCyJhqmMbsvjpoarBBStA2kg,1
UCV3fr-YOixFKCZBbJP1-X4w,UCzZ6dDCEsLMXbc5pCFXIprw,1
UCWaRixDdpgllTBf4V0jPnKQ,UCWvntqPQx99k_Z_skWKqNSA,1
UCWaRixDdpgllTBf4V0jPnKQ,UCZFQwqh90apuL8eFhvRBkUg,1
UCWaRixDdpgllTBf4V0jPnKQ,UCa36MjQLoPAmgJo-R3G8WQA,1
UCWaRixDdpgllTBf4V0jPnKQ,UCaT4saRcyqCLE657Rq2hhZQ,1
UCWaRixDdpgllTBf4V0jPnKQ,UCeQk-WfEA-cJRq4EKeE7TOw,1
UCWaRixDdpgllTBf4V0jPnKQ,UCfo_yUPzy1f1POwwZxhZ06Q,1
UCWaRixDdpgllTBf4V0jPnKQ,UCgGqw4aqMdMVSGkKiMgrJRQ,1
UCWaRixDdpgllTBf4V0jPnKQ,UCheEJ5GZuIvV0fj-nXyVwXw,1
UCWaRixDdpgllTBf4V0jPnKQ,UChyps3dqY-VY1_wLeq-2lhw,1
UCWaRixDdpgllTBf4V0jPnKQ,UCiOZX__1gahg1ypIj0_XG_w,1
UCWaRixDdpgllTBf4V0jPnKQ,UCjZgFEowMBrsjodqfovzdKw,1
UCWaRixDdpgllTBf4V0jPnKQ,UCoGdCoJg2Lh0OX_jv6cG16g,1
UCWaRixDdpgllTBf4V0jPnKQ,UCp29O_C7cchZV8IxV7Crdag,1
UCWaRixDdpgllTBf4V0jPnKQ,UCql1n3Ey6ULMSOACjMe-fxQ,1
UCWaRixDdpgllTBf4V0jPnKQ,UCtCtts20bW6F9CSohau51Iw,1
UCWaRixDdpgllTBf4V0jPnKQ,UCtsxPYw8VUsH_FfnKg-0lmw,1
UCWaRixDdpgllTBf4V0jPnKQ,UCvDwJBBY1mHK70aTEYl6rsA,1
UCWaRixDdpgllTBf4V0jPnKQ,UCwxoKK59nGCeBqB2sXfDBIw,1
UCWaRixDdpgllTBf4V0jPnKQ,UCyJhqmMbsvjpoarBBStA2kg,1
UCWaRixDdpgllTBf4V0jPnKQ,UCzZ6dDCEsLMXbc5pCFXIprw,1
UCWvntqPQx99k_Z_skWKqNSA,UCZFQwqh90apuL8eFhvRBkUg,1
UCWvntqPQx99k_Z_skWKqNSA,UCa36MjQLoPAmgJo-R3G8WQA,1
UCWvntqPQx99k_Z_skWKqNSA,UCaT4saRcyqCLE657Rq2hhZQ,1
UCWvntqPQx99k_Z_skWKqNSA,UCeQk-WfEA-cJRq4EKeE7TOw,1
UCWvntqPQx99k_Z_skWKqNSA,UCfo_yUPzy1f1POwwZxhZ06Q,1
UCWvntqPQx99k_Z_skWKqNSA,UCgGqw4aqMdMVSGkKiMgrJRQ,1
UCWvntqPQx99k_Z_skWKqNSA,UCheEJ5GZuIvV0fj-nXyVwXw,1
UCWvntqPQx99k_Z_skWKqNSA,UChyps3dqY-VY1_wLeq-2lhw,1
UCWvntqPQx99k_Z_skWKqNSA,UCiOZX__1gahg1ypIj0_XG_w,1
UCWvntqPQx99k_Z_skWKqNSA,UCjZgFEowMBrsjodqfovzdKw,1
UCWvntqPQx99k_Z_skWKqNSA,UCoGdCoJg2Lh0OX_jv6cG16g,1
UCWvntqPQx99k_Z_skWKqNSA,UCp29O_C7cchZV8IxV7Crdag,1
UCWvntqPQx99k_Z_skWKqNSA,UCql1n3Ey6ULMSOACjMe-fxQ,1
UCWvntqPQx99k_Z_skWKqNSA,UCtCtts20bW6F9CSohau51Iw,1
UCWvntqPQx99k_Z_skWKqNSA,UCtsxPYw8VUsH_FfnKg-0lmw,1
UCWvntqPQx99k_Z_skWKqNSA,UCvDwJBBY1mHK70aTEYl6rsA,1
UCWvntqPQx99k_Z_skWKqNSA,UCwxoKK59nGCeBqB2sXfDBIw,1
UCWvntqPQx99k_Z_skWKqNSA,UCyJhqmMbsvjpoarBBStA2kg,1
UCWvntqPQx99k_Z_skWKqNSA,UCzZ6dDCEsLMXbc5pCFXIprw,1
UCZFQwqh90apuL8eFhvRBkUg,UCa36MjQLoPAmgJo-R3G8WQA,1
UCZFQwqh90apuL8eFhvRBkUg,UCaT4saRcyqCLE657Rq2hhZQ,1
UCZFQwqh90apuL8eFhvRBkUg,UCeQk-WfEA-cJRq4EKeE7TOw,1
UCZFQwqh90apuL8eFhvRBkUg,UCfo_yUPzy1f1POwwZxhZ06Q,1
UCZFQwqh90apuL8eFhvRBkUg,UCgGqw4aqMdMVSGkKiMgrJRQ,1
UCZFQwqh90apuL8eFhvRBkUg,UCheEJ5GZuIvV0fj-nXyVwXw,1
UCZFQwqh90apuL8eFhvRBkUg,UChyps3dqY-VY1_wLeq-2lhw,1
UCZFQwqh90apuL8eFhvRBkUg,UCiOZX__1gahg1ypIj0_XG_w,1
UCZFQwqh90apuL8eFhvRBkUg,UCjZgFEowMBrsjodqfovzdKw,1
UCZFQwqh90apuL8eFhvRBkUg,UCoGdCoJg2Lh0OX_jv6cG16g,1
UCZFQwqh90apuL8eFhvRBkUg,UCp29O_C7cchZV8IxV7Crdag,1
UCZFQwqh90apuL8eFhvRBkUg,UCql1n3Ey6ULMSOACjMe-fxQ,1
UCZFQwqh90apuL8eFhvRBkUg,UCtCtts20bW6F9CSohau51Iw,1
UCZFQwqh90apuL8eFhvRBkUg,UCtsxPYw8VUsH_FfnKg-0lmw,1
UCZFQwqh90apuL8eFhvRBkUg,UCvDwJBBY1mHK70aTEYl6rsA,1
UCZFQwqh90apuL8eFhvRBkUg,UCwxoKK59nGCeBqB2sXfDBIw,1
UCZFQwqh90apuL8eFhvRBkUg,UCyJhqmMbsvjpoarBBStA2kg,1
UCZFQwqh90apuL8eFhvRBkUg,UCzZ6dDCEsLMXbc5pCFXIprw,1
UCa36MjQLoPAmgJo-R3G8WQA,UCaT4saRcyqCLE657Rq2hhZQ,1
UCa36MjQLoPAmgJo-R3G8WQA,UCeQk-WfEA-cJRq4EKeE7TOw,1
UCa36MjQLoPAmgJo-R3G8WQA,UCfo_yUPzy1f1POwwZxhZ06Q,1
UCa36MjQLoPAmgJo-R3G8WQA,UCgGqw4aqMdMVSGkKiMgrJRQ,1
UCa36MjQLoPAmgJo-R3G8WQA,UCheEJ5GZuIvV0fj-nXyVwXw,1
UCa36MjQLoPAmgJo-R3G8WQA,UChyps3dqY-VY1_wLeq-2lhw,1
UCa36MjQLoPAmgJo-R3G8WQA,UCiOZX__1gahg1ypIj0_XG_w,1
UCa36MjQLoPAmgJo-R3G8WQA,UCjZgFEowMBrsjodqfovzdKw,1
UCa36MjQLoPAmgJo-R3G8WQA,UCoGdCoJg2Lh0OX_jv6cG16g,1
UCa36MjQLoPAmgJo-R3G8WQA,UCp29O_C7cchZV8IxV7Crdag,1
UCa36MjQLoPAmgJo-R3G8WQA,UCql1n3Ey6ULMSOACjMe-fxQ,1
UCa36MjQLoPAmgJo-R3G8WQA,UCtCtts20bW6F9CSohau51Iw,1
UCa36MjQLoPAmgJo-R3G8WQA,UCtsxPYw8VUsH_FfnKg-0lmw,1
UCa36MjQLoPAmgJo-R3G8WQA,UCvDwJBBY1mHK70aTEYl6rsA,1
UCa36MjQLoPAmgJo-R3G8WQA,UCwxoKK59nGCeBqB2sXfDBIw,1
UCa36MjQLoPAmgJo-R3G8WQA,UCyJhqmMbsvjpoarBBStA2kg,1
UCa36MjQLoPAmgJo-R3G8WQA,UCzZ6dDCEsLMXbc5pCFXIprw,1
UCaT4saRcyqCLE657Rq2hhZQ,UCeQk-WfEA-cJRq4EKeE7TOw,1
UCaT4saRcyqCLE657Rq2hhZQ,UCfo_yUPzy1f1POwwZxhZ06Q,1
UCaT4saRcyqCLE657Rq2hhZQ,UCgGqw4aqMdMVSGkKiMgrJRQ,1
UCaT4saRcyqCLE657Rq2hhZQ,UCheEJ5GZuIvV0fj-nXyVwXw,1
UCaT4saRcyqCLE657Rq2hhZQ,UChyps3dqY-VY1_wLeq-2lhw,1
UCaT4saRcyqCLE657Rq2hhZQ,UCiOZX__1gahg1ypIj0_XG_w,1
UCaT4saRcyqCLE657Rq2hhZQ,UCjZgFEowMBrsjodqfovzdKw,1
UCaT4saRcyqCLE657Rq2hhZQ,UCoGdCoJg2Lh0OX_jv6cG16g,1
UCaT4saRcyqCLE657Rq2hhZQ,UCp29O_C7cchZV8IxV7Crdag,1
UCaT4saRcyqCLE657Rq2hhZQ,UCql1n3Ey6ULMSOACjMe-fxQ,1
UCaT4saRcyqCLE657Rq2hhZQ,UCtCtts20bW6F9CSohau51Iw,1
UCaT4saRcyqCLE657Rq2hhZQ,UCtsxPYw8VUsH_FfnKg-0lmw,1
UCaT4saRcyqCLE657Rq2hhZQ,UCvDwJBBY1mHK70aTEYl6rsA,1
UCaT4saRcyqCLE657Rq2hhZQ,UCwxoKK59nGCeBqB2sXfDBIw,1
UCaT4saRcyqCLE657Rq2hhZQ,UCyJhqmMbsvjpoarBBStA2kg,1
UCaT4saRcyqCLE657Rq2hhZQ,UCzZ6dDCEsLMXbc5pCFXIprw,1
UCeQk-WfEA-cJRq4EKeE7TOw,UCfo_yUPzy1f1POwwZxhZ06Q,1
UCeQk-WfEA-cJRq4EKeE7TOw,UCgGqw4aqMdMVSGkKiMgrJRQ,1
UCeQk-WfEA-cJRq4EKeE7TOw,UCheEJ5GZuIvV0fj-nXyVwXw,1
UCeQk-WfEA-cJRq4EKeE7TOw,UChyps3dqY-VY1_wLeq-2lhw,1
UCeQk-WfEA-cJRq4EKeE7TOw,UCiOZX__1gahg1ypIj0_XG_w,1
UCeQk-WfEA-cJRq4EKeE7TOw,UCjZgFEowMBrsjodqfovzdKw,1
UCeQk-WfEA-cJRq4EKeE7TOw,UCoGdCoJg2Lh0OX_jv6cG16g,1
UCeQk-WfEA-cJRq4EKeE7TOw,UCp29O_C7cchZV8IxV7Crdag,1
UCeQk-WfEA-cJRq4EKeE7TOw,UCql1n3Ey6ULMSOACjMe-fxQ,1
UCeQk-WfEA-cJRq4EKeE7TOw,UCtCtts20bW6F9CSohau51Iw,1
UCeQk-WfEA-cJRq4EKeE7TOw,UCtsxPYw8VUsH_FfnKg-0lmw,1
UCeQk-WfEA-cJRq4EKeE7TOw,UCvDwJBBY1mHK70aTEYl6rsA,1
UCeQk-WfEA-cJRq4EKeE7TOw,UCwxoKK59nGCeBqB2sXfDBIw,1
UCeQk-WfEA-cJRq4EKeE7TOw,UCyJhqmMbsvjpoarBBStA2kg,1
UCeQk-WfEA-cJRq4EKeE7TOw,UCzZ6dDCEsLMXbc5pCFXIprw,1
UCfo_yUPzy1f1POwwZxhZ06Q,UCgGqw4aqMdMVSGkKiMgrJRQ,1
UCfo_yUPzy1f1POwwZxhZ06Q,UCheEJ5GZuIvV0fj-nXyVwXw,1
UCfo_yUPzy1f1POwwZxhZ06Q,UChyps3dqY-VY1_wLeq-2lhw,1
UCfo_yUPzy1f1POwwZxhZ06Q,UCiOZX__1gahg1ypIj0_XG_w,1
UCfo_yUPzy1f1POwwZxhZ06Q,UCjZgFEowMBrsjodqfovzdKw,1
UCfo_yUPzy1f1POwwZxhZ06Q,UCoGdCoJg2Lh0OX_jv6cG16g,1
UCfo_yUPzy1f1POwwZxhZ06Q,UCp29O_C7cchZV8IxV7Crdag,1
UCfo_yUPzy1f1POwwZxhZ06Q,UCql1n3Ey6ULMSOACjMe-fxQ,1
UCfo_yUPzy1f1POwwZxhZ06Q,UCtCtts20bW6F9CSohau51Iw,1
UCfo_yUPzy1f1POwwZxhZ06Q,UCtsxPYw8VUsH_FfnKg-0lmw,1
UCfo_yUPzy1f1POwwZxhZ06Q,UCvDwJBBY1mHK70aTEYl6rsA,1
UCfo_yUPzy1f1POwwZxhZ06Q,UCwxoKK59nGCeBqB2sXfDBIw,1
UCfo_yUPzy1f1POwwZxhZ06Q,UCyJhqmMbsvjpoarBBStA2kg,1
UCfo_yUPzy1f1POwwZxhZ06Q,UCzZ6dDCEsLMXbc5pCFXIprw,1
UCgGqw4aqMdMVSGkKiMgrJRQ,UCheEJ5GZuIvV0fj-nXyVwXw,1
UCgGqw4aqMdMVSGkKiMgrJRQ,UChyps3dqY-VY1_wLeq-2lhw,1
UCgGqw4aqMdMVSGkKiMgrJRQ,UCiOZX__1gahg1ypIj0_XG_w,1
UCgGqw4aqMdMVSGkKiMgrJRQ,UCjZgFEowMBrsjodqfovzdKw,1
UCgGqw4aqMdMVSGkKiMgrJRQ,UCoGdCoJg2Lh0OX_jv6cG16g,1
UCgGqw4aqMdMVSGkKiMgrJRQ,UCp29O_C7cchZV8IxV7Crdag,1
UCgGqw4aqMdMVSGkKiMgrJRQ,UCql1n3Ey6ULMSOACjMe-fxQ,1
UCgGqw4aqMdMVSGkKiMgrJRQ,UCtCtts20bW6F9CSohau51Iw,1
UCgGqw4aqMdMVSGkKiMgrJRQ,UCtsxPYw8VUsH_FfnKg-0lmw,1
UCgGqw4aqMdMVSGkKiMgrJRQ,UCvDwJBBY1mHK70aTEYl6rsA,1
UCgGqw4aqMdMVSGkKiMgrJRQ,UCwxoKK59nGCeBqB2sXfDBIw,1
UCgGqw4aqMdMVSGkKiMgrJRQ,UCyJhqmMbsvjpoarBBStA2kg,1
UCgGqw4aqMdMVSGkKiMgrJRQ,UCzZ6dDCEsLMXbc5pCFXIprw,1
UCheEJ5GZuIvV0fj-nXyVwXw,UChyps3dqY-VY1_wLeq-2lhw,1
UCheEJ5GZuIvV0fj-nXyVwXw,UCiOZX__1gahg1ypIj0_XG_w,1
UCheEJ5GZuIvV0fj-nXyVwXw,UCjZgFEowMBrsjodqfovzdKw,1
UCheEJ5GZuIvV0fj-nXyVwXw,UCoGdCoJg2Lh0OX_jv6cG16g,1
UCheEJ5GZuIvV0fj-nXyVwXw,UCp29O_C7cchZV8IxV7Crdag,1
UCheEJ5GZuIvV0fj-nXyVwXw,UCql1n3Ey6ULMSOACjMe-fxQ,1
UCheEJ5GZuIvV0fj-nXyVwXw,UCtCtts20bW6F9CSohau51Iw,1
UCheEJ5GZuIvV0fj-nXyVwXw,UCtsxPYw8VUsH_FfnKg-0lmw,1
UCheEJ5GZuIvV0fj-nXyVwXw,UCvDwJBBY1mHK70aTEYl6rsA,1
UCheEJ5GZuIvV0fj-nXyVwXw,UCwxoKK59nGCeBqB2sXfDBIw,1
UCheEJ5GZuIvV0fj-nXyVwXw,UCyJhqmMbsvjpoarBBStA2kg,1
UCheEJ5GZuIvV0fj-nXyVwXw,UCzZ6dDCEsLMXbc5pCFXIprw,1
UChyps3dqY-VY1_wLeq-2lhw,UCiOZX__1gahg1ypIj0_XG_w,1
UChyps3dqY-VY1_wLeq-2lhw,UCjZgFEowMBrsjodqfovzdKw,1
UChyps3dqY-VY1_wLeq-2lhw,UCoGdCoJg2Lh0OX_jv6cG16g,1
UChyps3dqY-VY1_wLeq-2lhw,UCp29O_C7cchZV8IxV7Crdag,1
UChyps3dqY-VY1_wLeq-2lhw,UCql1n3Ey6ULMSOACjMe-fxQ,1
UChyps3dqY-VY1_wLeq-2lhw,UCtCtts20bW6F9CSohau51Iw,1
UChyps3dqY-VY1_wLeq-2lhw,UCtsxPYw8VUsH_FfnKg-0lmw,1
UChyps3dqY-VY1_wLeq-2lhw,UCvDwJBBY1mHK70aTEYl6rsA,1
UChyps3dqY-VY1_wLeq-2lhw,UCwxoKK59nGCeBqB2sXfDBIw,1
UChyps3dqY-VY1_wLeq-2lhw,UCyJhqmMbsvjpoarBBStA2kg,1
UChyps3dqY-VY1_wLeq-2lhw,UCzZ6dDCEsLMXbc5pCFXIprw,1
UCiOZX__1gahg1ypIj0_XG_w,UCjZgFEowMBrsjodqfovzdKw,1
UCiOZX__1gahg1ypIj0_XG_w,UCoGdCoJg2Lh0OX_jv6cG16g,1
UCiOZX__1gahg1ypIj0_XG_w,UCp29O_C7cchZV8IxV7Crdag,1
UCiOZX__1gahg1ypIj0_XG_w,UCql1n3Ey6ULMSOACjMe-fxQ,1
UCiOZX__1gahg1ypIj0_XG_w,UCtCtts20bW6F9CSohau51Iw,1
UCiOZX__1gahg1ypIj0_XG_w,UCtsxPYw8VUsH_FfnKg-0lmw,1
UCiOZX__1gahg1ypIj0_XG_w,UCvDwJBBY1mHK70aTEYl6rsA,1
UCiOZX__1gahg1ypIj0_XG_w,UCwxoKK59nGCeBqB2sXfDBIw,1
UCiOZX__1gahg1ypIj0_XG_w,UCyJhqmMbsvjpoarBBStA2kg,1
UCiOZX__1gahg1ypIj0_XG_w,UCzZ6dDCEsLMXbc5pCFXIprw,1
UCjZgFEowMBrsjodqfovzdKw,UCoGdCoJg2Lh0OX_jv6cG16g,1
UCjZgFEowMBrsjodqfovzdKw,UCp29O_C7cchZV8IxV7Crdag,1
UCjZgFEowMBrsjodqfovzdKw,UCql1n3Ey6ULMSOACjMe-fxQ,1
UCjZgFEowMBrsjodqfovzdKw,UCtCtts20bW6F9CSohau51Iw,1
UCjZgFEowMBrsjodqfovzdKw,UCtsxPYw8VUsH_FfnKg-0lmw,1
UCjZgFEowMBrsjodqfovzdKw,UCvDwJBBY1mHK70aTEYl6rsA,1
UCjZgFEowMBrsjodqfovzdKw,UCwxoKK59nGCeBqB2sXfDBIw,1
UCjZgFEowMBrsjodqfovzdKw,UCyJhqmMbsvjpoarBBStA2kg,1
UCjZgFEowMBrsjodqfovzdKw,UCzZ6dDCEsLMXbc5pCFXIprw,1
UCoGdCoJg2Lh0OX_jv6cG16g,UCp29O_C7cchZV8IxV7Crdag,1
UCoGdCoJg2Lh0OX_jv6cG16g,UCql1n3Ey6ULMSOACjMe-fxQ,1
UCoGdCoJg2Lh0OX_jv6cG16g,UCtCtts20bW6F9CSohau51Iw,1
UCoGdCoJg2Lh0OX_jv6cG16g,UCtsxPYw8VUsH_FfnKg-0lmw,1
UCoGdCoJg2Lh0OX_jv6cG16g,UCvDwJBBY1mHK70aTEYl6rsA,1
UCoGdCoJg2Lh0OX_jv6cG16g,UCwxoKK59nGCeBqB2sXfDBIw,1
UCoGdCoJg2Lh0OX_jv6cG16g,UCyJhqmMbsvjpoarBBStA2kg,1
UCoGdCoJg2Lh0OX_jv6cG16g,UCzZ6dDCEsLMXbc5pCFXIprw,1
UCp29O_C7cchZV8IxV7Crdag,UCql1n3Ey6ULMSOACjMe-fxQ,1
UCp29O_C7cchZV8IxV7Crdag,UCtCtts20bW6F9CSohau51Iw,1
UCp29O_C7cchZV8IxV7Crdag,UCtsxPYw8VUsH_FfnKg-0lmw,1
UCp29O_C7cchZV8IxV7Crdag,UCvDwJBBY1mHK70aTEYl6rsA,1
UCp29O_C7cchZV8IxV7Crdag,UCwxoKK59nGCeBqB2sXfDBIw,1
UCp29O_C7cchZV8IxV7Crdag,UCyJhqmMbsvjpoarBBStA2kg,1
UCp29O_C7cchZV8IxV7Crdag,UCzZ6dDCEsLMXbc5pCFXIprw,1
UCql1n3Ey6ULMSOACjMe-fxQ,UCtCtts20bW6F9CSohau51Iw,1
UCql1n3Ey6ULMSOACjMe-fxQ,UCtsxPYw8VUsH_FfnKg-0lmw,1
UCql1n3Ey6ULMSOACjMe-fxQ,UCvDwJBBY1mHK70aTEYl6rsA,1
UCql1n3Ey6ULMSOACjMe-fxQ,UCwxoKK59nGCeBqB2sXfDBIw,1
UCql1n3Ey6ULMSOACjMe-fxQ,UCyJhqmMbsvjpoarBBStA2kg,1
UCql1n3Ey6ULMSOACjMe-fxQ,UCzZ6dDCEsLMXbc5pCFXIprw,1
UCtCtts20bW6F9CSohau51Iw,UCtsxPYw8VUsH_FfnKg-0lmw,1
UCtCtts20bW6F9CSohau51Iw,UCvDwJBBY1mHK70aTEYl6rsA,1
UCtCtts20bW6F9CSohau51Iw,UCwxoKK59nGCeBqB2sXfDBIw,1
UCtCtts20bW6F9CSohau51Iw,UCyJhqmMbsvjpoarBBStA2kg,1
UCtCtts20bW6F9CSohau51Iw,UCzZ6dDCEsLMXbc5pCFXIprw,1
UCtsxPYw8VUsH_FfnKg-0lmw,UCvDwJBBY1mHK70aTEYl6rsA,1
UCtsxPYw8VUsH_FfnKg-0lmw,UCwxoKK59nGCeBqB2sXfDBIw,1
UCtsxPYw8VUsH_FfnKg-0lmw,UCyJhqmMbsvjpoarBBStA2kg,1
UCtsxPYw8VUsH_FfnKg-0lmw,UCzZ6dDCEsLMXbc5pCFXIprw,1
UCvDwJBBY1mHK70aTEYl6rsA,UCwxoKK59nGCeBqB2sXfDBIw,1
UCvDwJBBY1mHK70aTEYl6rsA,UCyJhqmMbsvjpoarBBStA2kg,1
UCvDwJBBY1mHK70aTEYl6rsA,UCzZ6dDCEsLMXbc5pCFXIprw,1
UCwxoKK59nGCeBqB2sXfDBIw,UCyJhqmMbsvjpoarBBStA2kg,1
UCwxoKK59nGCeBqB2sXfDBIw,UCzZ6dDCEsLMXbc5pCFXIprw,1
UCyJhqmMbsvjpoarBBStA2kg,UCzZ6dDCEsLMXbc5pCFXIprw,1
UC-QOpE7GOxlXcHZ8b7HbQKA,UC1WlJfQmaIskYhP4gmWoamw,1
UC-QOpE7GOxlXcHZ8b7HbQKA,UCBlm80VQ4YoV3bUJR_XhkaQ,1
UC-QOpE7GOxlXcHZ8b7HbQKA,UCGZMgmM92E3njyXNe9-kjAQ,1
UC-QOpE7GOxlXcHZ8b7HbQKA,UCIgoiXdIKJyUGmUoH2Lxdzg,1
UC-QOpE7GOxlXcHZ8b7HbQKA,UCOLHH4ZpMxPYF-Q6e6wvn5A,1
UC-QOpE7GOxlXcHZ8b7HbQKA,UCPNXmbOBVeC4HS-xemvcPtQ,1
UC-QOpE7GOxlXcHZ8b7HbQKA,UCQMMuADgqWUOcJpLwHOzC-g,1
UC-QOpE7GOxlXcHZ8b7HbQKA,UCVdjCrh4tQoX3haNAZv-n5A,1
UC-QOpE7GOxlXcHZ8b7HbQKA,UCZjm6U576nX8WOiLhmMR3bw,1
UC-QOpE7GOxlXcHZ8b7HbQKA,UCat2qkYvqmtDNEmo2PVuhXw,1
UC-QOpE7GOxlXcHZ8b7HbQKA,UCbNanjFI51cwGqMAb2rOrBw,1
UC-QOpE7GOxlXcHZ8b7HbQKA,UCi2KiZq63sRq8Mfbcp-MelQ,1
UC-QOpE7GOxlXcHZ8b7HbQKA,UCozFYHN0e_-vlQbX3wQGOug,1
UC-QOpE7GOxlXcHZ8b7HbQKA,UCp_dAUfv8i3LW3zWc24dLaQ,1
UC-QOpE7GOxlXcHZ8b7HbQKA,UCrqXyRsg-_hTosURZ-uvoKg,1
UC-QOpE7GOxlXcHZ8b7HbQKA,UCtiHFjFu7d5v2XxHnKFUYig,1
UC-QOpE7GOxlXcHZ8b7HbQKA,UCxhtlxPV8AYWaNNyU6S9H8Q,1
UC1WlJfQmaIskYhP4gmWoamw,UCBlm80VQ4YoV3bUJR_XhkaQ,1
UC1WlJfQmaIskYhP4gmWoamw,UCGZMgmM92E3njyXNe9-kjAQ,1
UC1WlJfQmaIskYhP4gmWoamw,UCIgoiXdIKJyUGmUoH2Lxdzg,1
UC1WlJfQmaIskYhP4gmWoamw,UCOLHH4ZpMxPYF-Q6e6wvn5A,1
UC1WlJfQmaIskYhP4gmWoamw,UCPNXmbOBVeC4HS-xemvcPtQ,1
UC1WlJfQmaIskYhP4gmWoamw,UCQMMuADgqWUOcJpLwHOzC-g,1
UC1WlJfQmaIskYhP4gmWoamw,UCVdjCrh4tQoX3haNAZv-n5A,1
UC1WlJfQmaIskYhP4gmWoamw,UCZjm6U576nX8WOiLhmMR3bw,1
UC1WlJfQmaIskYhP4gmWoamw,UCat2qkYvqmtDNEmo2PVuhXw,1
UC1WlJfQmaIskYhP4gmWoamw,UCbNanjFI51cwGqMAb2rOrBw,1
UC1WlJfQmaIskYhP4gmWoamw,UCi2KiZq63sRq8Mfbcp-MelQ,1
UC1WlJfQmaIskYhP4gmWoamw,UCozFYHN0e_-vlQbX3wQGOug,1
UC1WlJfQmaIskYhP4gmWoamw,UCp_dAUfv8i3LW3zWc24dLaQ,1
UC1WlJfQmaIskYhP4gmWoamw,UCrqXyRsg-_hTosURZ-uvoKg,1
UC1WlJfQmaIskYhP4gmWoamw,UCtiHFjFu7d5v2XxHnKFUYig,1
UC1WlJfQmaIskYhP4gmWoamw,UCxhtlxPV8AYWaNNyU6S9H8Q,1
UCBlm80VQ4YoV3bUJR_XhkaQ,UCGZMgmM92E3njyXNe9-kjAQ,1
UCBlm80VQ4YoV3bUJR_XhkaQ,UCIgoiXdIKJyUGmUoH2Lxdzg,1
UCBlm80VQ4YoV3bUJR_XhkaQ,UCOLHH4ZpMxPYF-Q6e6wvn5A,1
UCBlm80VQ4YoV3bUJR_XhkaQ,UCPNXmbOBVeC4HS-xemvcPtQ,1
UCBlm80VQ4YoV3bUJR_XhkaQ,UCQMMuADgqWUOcJpLwHOzC-g,1
UCBlm80VQ4YoV3bUJR_XhkaQ,UCVdjCrh4tQoX3haNAZv-n5A,1
UCBlm80VQ4YoV3bUJR_XhkaQ,UCZjm6U576nX8WOiLhmMR3bw,1
UCBlm80VQ4YoV3bUJR_XhkaQ,UCat2qkYvqmtDNEmo2PVuhXw,1
UCBlm80VQ4YoV3bUJR_XhkaQ,UCbNanjFI51cwGqMAb2rOrBw,1
UCBlm80VQ4YoV3bUJR_XhkaQ,UCi2KiZq63sRq8Mfbcp-MelQ,1
UCBlm80VQ4YoV3bUJR_XhkaQ,UCozFYHN0e_-vlQbX3wQGOug,1
UCBlm80VQ4YoV3bUJR_XhkaQ,UCp_dAUfv8i3LW3zWc24dLaQ,1
UCBlm80VQ4YoV3bUJR_XhkaQ,UCrqXyRsg-_hTosURZ-uvoKg,1
UCBlm80VQ4YoV3bUJR_XhkaQ,UCtiHFjFu7d5v2XxHnKFUYig,1
UCBlm80VQ4YoV3bUJR_XhkaQ,UCxhtlxPV8AYWaNNyU6S9H8Q,1
UCGZMgmM92E3njyXNe9-kjAQ,UCIgoiXdIKJyUGmUoH2Lxdzg,1
UCGZMgmM92E3njyXNe9-kjAQ,UCOLHH4ZpMxPYF-Q6e6wvn5A,1
UCGZMgmM92E3njyXNe9-kjAQ,UCPNXmbOBVeC4HS-xemvcPtQ,1
UCGZMgmM92E3njyXNe9-kjAQ,UCQMMuADgqWUOcJpLwHOzC-g,1
UCGZMgmM92E3njyXNe9-kjAQ,UCVdjCrh4tQoX3haNAZv-n5A,1
UCGZMgmM92E3njyXNe9-kjAQ,UCZjm6U576nX8WOiLhmMR3bw,1
UCGZMgmM92E3njyXNe9-kjAQ,UCat2qkYvqmtDNEmo2PVuhXw,1
UCGZMgmM92E3njyXNe9-kjAQ,UCbNanjFI51cwGqMAb2rOrBw,1
UCGZMgmM92E3njyXNe9-kjAQ,UCi2KiZq63sRq8Mfbcp-MelQ,1
UCGZMgmM92E3njyXNe9-kjAQ,UCozFYHN0e_-vlQbX3wQGOug,1
UCGZMgmM92E3njyXNe9-kjAQ,UCp_dAUfv8i3LW3zWc24dLaQ,1
UCGZMgmM92E3njyXNe9-kjAQ,UCrqXyRsg-_hTosURZ-uvoKg,1
UCGZMgmM92E3njyXNe9-kjAQ,UCtiHFjFu7d5v2XxHnKFUYig,1
UCGZMgmM92E3njyXNe9-kjAQ,UCxhtlxPV8AYWaNNyU6S9H8Q,1
UCIgoiXdIKJyUGmUoH2Lxdzg,UCOLHH4ZpMxPYF-Q6e6wvn5A,1
UCIgoiXdIKJyUGmUoH2Lxdzg,UCPNXmbOBVeC4HS-xemvcPtQ,1
UCIgoiXdIKJyUGmUoH2Lxdzg,UCQMMuADgqWUOcJpLwHOzC-g,1
UCIgoiXdIKJyUGmUoH2Lxdzg,UCVdjCrh4tQoX3haNAZv-n5A,1
UCIgoiXdIKJyUGmUoH2Lxdzg,UCZjm6U576nX8WOiLhmMR3bw,1
UCIgoiXdIKJyUGmUoH2Lxdzg,UCat2qkYvqmtDNEmo2PVuhXw,1
UCIgoiXdIKJyUGmUoH2Lxdzg,UCbNanjFI51cwGqMAb2rOrBw,1
UCIgoiXdIKJyUGmUoH2Lxdzg,UCi2KiZq63sRq8Mfbcp-MelQ,1
UCIgoiXdIKJyUGmUoH2Lxdzg,UCozFYHN0e_-vlQbX3wQGOug,1
UCIgoiXdIKJyUGmUoH2Lxdzg,UCp_dAUfv8i3LW3zWc24dLaQ,1
UCIgoiXdIKJyUGmUoH2Lxdzg,UCrqXyRsg-_hTosURZ-uvoKg,1
UCIgoiXdIKJyUGmUoH2Lxdzg,UCtiHFjFu7d5v2XxHnKFUYig,1
UCIgoiXdIKJyUGmUoH2Lxdzg,UCxhtlxPV8AYWaNNyU6S9H8Q,1
UCOLHH4ZpMxPYF-Q6e6wvn5A,UCPNXmbOBVeC4HS-xemvcPtQ,1
UCOLHH4ZpMxPYF-Q6e6wvn5A,UCQMMuADgqWUOcJpLwHOzC-g,1
UCOLHH4ZpMxPYF-Q6e6wvn5A,UCVdjCrh4tQoX3haNAZv-n5A,1
UCOLHH4ZpMxPYF-Q6e6wvn5A,UCZjm6U576nX8WOiLhmMR3bw,1
UCOLHH4ZpMxPYF-Q6e6wvn5A,UCat2qkYvqmtDNEmo2PVuhXw,1
UCOLHH4ZpMxPYF-Q6e6wvn5A,UCbNanjFI51cwGqMAb2rOrBw,1
UCOLHH4ZpMxPYF-Q6e6wvn5A,UCi2KiZq63sRq8Mfbcp-MelQ,1
UCOLHH4ZpMxPYF-Q6e6wvn5A,UCozFYHN0e_-vlQbX3wQGOug,1
UCOLHH4ZpMxPYF-Q6e6wvn5A,UCp_dAUfv8i3LW3zWc24dLaQ,1
UCOLHH4ZpMxPYF-Q6e6wvn5A,UCrqXyRsg-_hTosURZ-uvoKg,1
UCOLHH4ZpMxPYF-Q6e6wvn5A,UCtiHFjFu7d5v2XxHnKFUYig,1
UCOLHH4ZpMxPYF-Q6e6wvn5A,UCxhtlxPV8AYWaNNyU6S9H8Q,1
UCPNXmbOBVeC4HS-xemvcPtQ,UCQMMuADgqWUOcJpLwHOzC-g,1
UCPNXmbOBVeC4HS-xemvcPtQ,UCVdjCrh4tQoX3haNAZv-n5A,1
UCPNXmbOBVeC4HS-xemvcPtQ,UCZjm6U576nX8WOiLhmMR3bw,1
UCPNXmbOBVeC4HS-xemvcPtQ,UCat2qkYvqmtDNEmo2PVuhXw,1
UCPNXmbOBVeC4HS-xemvcPtQ,UCbNanjFI51cwGqMAb2rOrBw,1
UCPNXmbOBVeC4HS-xemvcPtQ,UCi2KiZq63sRq8Mfbcp-MelQ,1
UCPNXmbOBVeC4HS-xemvcPtQ,UCozFYHN0e_-vlQbX3wQGOug,1
UCPNXmbOBVeC4HS-xemvcPtQ,UCp_dAUfv8i3LW3zWc24dLaQ,1
UCPNXmbOBVeC4HS-xemvcPtQ,UCrqXyRsg-_hTosURZ-uvoKg,1
UCPNXmbOBVeC4HS-xemvcPtQ,UCtiHFjFu7d5v2XxHnKFUYig,1
UCPNXmbOBVeC4HS-xemvcPtQ,UCxhtlxPV8AYWaNNyU6S9H8Q,1
UCQMMuADgqWUOcJpLwHOzC-g,UCVdjCrh4tQoX3haNAZv-n5A,1
UCQMMuADgqWUOcJpLwHOzC-g,UCZjm6U576nX8WOiLhmMR3bw,1
UCQMMuADgqWUOcJpLwHOzC-g,UCat2qkYvqmtDNEmo2PVuhXw,1
UCQMMuADgqWUOcJpLwHOzC-g,UCbNanjFI51cwGqMAb2rOrBw,1
UCQMMuADgqWUOcJpLwHOzC-g,UCi2KiZq63sRq8Mfbcp-MelQ,1
UCQMMuADgqWUOcJpLwHOzC-g,UCozFYHN0e_-vlQbX3wQGOug,1
UCQMMuADgqWUOcJpLwHOzC-g,UCp_dAUfv8i3LW3zWc24dLaQ,1
UCQMMuADgqWUOcJpLwHOzC-g,UCrqXyRsg-_hTosURZ-uvoKg,1
UCQMMuADgqWUOcJpLwHOzC-g,UCtiHFjFu7d5v2XxHnKFUYig,1
UCQMMuADgqWUOcJpLwHOzC-g,UCxhtlxPV8AYWaNNyU6S9H8Q,1
UCVdjCrh4tQoX3haNAZv-n5A,UCZjm6U576nX8WOiLhmMR3bw,1
UCVdjCrh4tQoX3haNAZv-n5A,UCat2qkYvqmtDNEmo2PVuhXw,1
UCVdjCrh4tQoX3haNAZv-n5A,UCbNanjFI51cwGqMAb2rOrBw,1
UCVdjCrh4tQoX3haNAZv-n5A,UCi2KiZq63sRq8Mfbcp-MelQ,1
UCVdjCrh4tQoX3haNAZv-n5A,UCozFYHN0e_-vlQbX3wQGOug,1
UCVdjCrh4tQoX3haNAZv-n5A,UCp_dAUfv8i3LW3zWc24dLaQ,1
UCVdjCrh4tQoX3haNAZv-n5A,UCrqXyRsg-_hTosURZ-uvoKg,1
UCVdjCrh4tQoX3haNAZv-n5A,UCtiHFjFu7d5v2XxHnKFUYig,1
UCVdjCrh4tQoX3haNAZv-n5A,UCxhtlxPV8AYWaNNyU6S9H8Q,1
UCZjm6U576nX8WOiLhmMR3bw,UCat2qkYvqmtDNEmo2PVuhXw,1
UCZjm6U576nX8WOiLhmMR3bw,UCbNanjFI51cwGqMAb2rOrBw,1
UCZjm6U576nX8WOiLhmMR3bw,UCi2KiZq63sRq8Mfbcp-MelQ,1
UCZjm6U576nX8WOiLhmMR3bw,UCozFYHN0e_-vlQbX3wQGOug,1
UCZjm6U576nX8WOiLhmMR3bw,UCp_dAUfv8i3LW3zWc24dLaQ,1
UCZjm6U576nX8WOiLhmMR3bw,UCrqXyRsg-_hTosURZ-uvoKg,1
UCZjm6U576nX8WOiLhmMR3bw,UCtiHFjFu7d5v2XxHnKFUYig,1
UCZjm6U576nX8WOiLhmMR3bw,UCxhtlxPV8AYWaNNyU6S9H8Q,1
UCat2qkYvqmtDNEmo2PVuhXw,UCbNanjFI51cwGqMAb2rOrBw,1
UCat2qkYvqmtDNEmo2PVuhXw,UCi2KiZq63sRq8Mfbcp-MelQ,1
UCat2qkYvqmtDNEmo2PVuhXw,UCozFYHN0e_-vlQbX3wQGOug,1
UCat2qkYvqmtDNEmo2PVuhXw,UCp_dAUfv8i3LW3zWc24dLaQ,1
UCat2qkYvqmtDNEmo2PVuhXw,UCrqXyRsg-_hTosURZ-uvoKg,1
UCat2qkYvqmtDNEmo2PVuhXw,UCtiHFjFu7d5v2XxHnKFUYig,1
UCat2qkYvqmtDNEmo2PVuhXw,UCxhtlxPV8AYWaNNyU6S9H8Q,1
UCbNanjFI51cwGqMAb2rOrBw,UCi2KiZq63sRq8Mfbcp-MelQ,1
UCbNanjFI51cwGqMAb2rOrBw,UCozFYHN0e_-vlQbX3wQGOug,1
UCbNanjFI51cwGqMAb2rOrBw,UCp_dAUfv8i3LW3zWc24dLaQ,1
UCbNanjFI51cwGqMAb2rOrBw,UCrqXyRsg-_hTosURZ-uvoKg,1
UCbNanjFI51cwGqMAb2rOrBw,UCtiHFjFu7d5v2XxHnKFUYig,1
UCbNanjFI51cwGqMAb2rOrBw,UCxhtlxPV8AYWaNNyU6S9H8Q,1
UCi2KiZq63sRq8Mfbcp-MelQ,UCozFYHN0e_-vlQbX3wQGOug,1
UCi2KiZq63sRq8Mfbcp-MelQ,UCp_dAUfv8i3LW3zWc24dLaQ,1
UCi2KiZq63sRq8Mfbcp-MelQ,UCrqXyRsg-_hTosURZ-uvoKg,1
UCi2KiZq63sRq8Mfbcp-MelQ,UCtiHFjFu7d5v2XxHnKFUYig,1
UCi2KiZq63sRq8Mfbcp-MelQ,UCxhtlxPV8AYWaNNyU6S9H8Q,1
UCozFYHN0e_-vlQbX3wQGOug,UCp_dAUfv8i3LW3zWc24dLaQ,1
UCozFYHN0e_-vlQbX3wQGOug,UCrqXyRsg-_hTosURZ-uvoKg,1
UCozFYHN0e_-vlQbX3wQGOug,UCtiHFjFu7d5v2XxHnKFUYig,1
UCozFYHN0e_-vlQbX3wQGOug,UCxhtlxPV8AYWaNNyU6S9H8Q,1
UCp_dAUfv8i3LW3zWc24dLaQ,UCrqXyRsg-_hTosURZ-uvoKg,1
UCp_dAUfv8i3LW3zWc24dLaQ,UCtiHFjFu7d5v2XxHnKFUYig,1
UCp_dAUfv8i3LW3zWc24dLaQ,UCxhtlxPV8AYWaNNyU6S9H8Q,1
UCrqXyRsg-_hTosURZ-uvoKg,UCtiHFjFu7d5v2XxHnKFUYig,1
UCrqXyRsg-_hTosURZ-uvoKg,UCxhtlxPV8AYWaNNyU6S9H8Q,1
UCtiHFjFu7d5v2XxHnKFUYig,UCxhtlxPV8AYWaNNyU6S9H8Q,1
UC-fiZBS5Gp1eCJd9ucgWnCg,UC1DpqK6vaPEkBOMNvypsKYg,1
UC-fiZBS5Gp1eCJd9ucgWnCg,UC32oozucwCF3q8d4m8fyOUg,1
UC-fiZBS5Gp1eCJd9ucgWnCg,UC3UVO7pTbeYvZ3ILEyRDskQ,1
UC-fiZBS5Gp1eCJd9ucgWnCg,UC4Avya4kmR4Q0FrfFdBozSQ,1
UC-fiZBS5Gp1eCJd9ucgWnCg,UC5hvEnRUzI4Kfvwnyi4QxqQ,1
UC-fiZBS5Gp1eCJd9ucgWnCg,UC6Uj1FT5JjDSF8vudvDxPAA,1
UC-fiZBS5Gp1eCJd9ucgWnCg,UC7dadZG7kkGYnsNu6td0FbA,1
UC-fiZBS5Gp1eCJd9ucgWnCg,UC816IGbFCZinfYS1LRDaaHg,1
UC-fiZBS5Gp1eCJd9ucgWnCg,UC95PSMouTx2N5CbSq0hIyrQ,1
UC-fiZBS5Gp1eCJd9ucgWnCg,UCAKuKvcbfnBD3kF5njNu-IA,1
UC-fiZBS5Gp1eCJd9ucgWnCg,UCCBYcToQ2dwkd6TJh0FSyDg,1
UC-fiZBS5Gp1eCJd9ucgWnCg,UCDrmf9y9nLgFY5wnA2hTuGA,1
UC-fiZBS5Gp1eCJd9ucgWnCg,UCGGHbtfbbe0o68etrOf0qxw,1
UC-fiZBS5Gp1eCJd9ucgWnCg,UCHbwIx9pmQuf7i-4_xO2EpA,1
UC-fiZBS5Gp1eCJd9ucgWnCg,UCNpt5CQlTzNjlAKY6CJtClQ,1
UC-fiZBS5Gp1eCJd9ucgWnCg,UCOcUI5XkTYNMSFhZNMIPpGg,1
UC-fiZBS5Gp1eCJd9ucgWnCg,UCQqlPPUGqAfWjd-FSh_qn7Q,1
UC-fiZBS5Gp1eCJd9ucgWnCg,UCQyOePccUP-fIJYzchAgZYw,1
UC-fiZBS5Gp1eCJd9ucgWnCg,UCRAquv8el-tQ30bN7MlmySQ,1
UC-fiZBS5Gp1eCJd9ucgWnCg,UCRvPToDkkumha7WJAfCDk1A,1
UC-fiZBS5Gp1eCJd9ucgWnCg,UCUoYsrx1oZnCZ0usbBJn4fA,1
UC-fiZBS5Gp1eCJd9ucgWnCg,UCV0lM03g5fg5pbPj97-sAtA,1
UC-fiZBS5Gp1eCJd9ucgWnCg,UCW-JC6lebVmf2P1dmY_L94g,1
UC-fiZBS5Gp1eCJd9ucgWnCg,UCW80DaMjQlEUibC98Cot-Dg,1
UC-fiZBS5Gp1eCJd9ucgWnCg,UCWoAVGVqCn4xtINCMOTM4jg,1
UC-fiZBS5Gp1eCJd9ucgWnCg,UCZeIIQrGAedW8tCbKWmGY-A,1
UC-fiZBS5Gp1eCJd9ucgWnCg,UC_LYoGs5C3mbZKZuKuqYCvw,1
UC-fiZBS5Gp1eCJd9ucgWnCg,UCaKAjTW9MVub_clgr4DRYjQ,1
UC-fiZBS5Gp1eCJd9ucgWnCg,UCdFlugHJJa4l3YqWuNRmvXw,1
UC-fiZBS5Gp1eCJd9ucgWnCg,UCe8JZoYkX5oKUZyivHYdXhw,1
UC-fiZBS5Gp1eCJd9ucgWnCg,UCeDNEtI8_a42bZ47wJiJMwQ,1
UC-fiZBS5Gp1eCJd9ucgWnCg,UCgJNFj5dnxXpcMvmuhZDPxA,1
UC-fiZBS5Gp1eCJd9ucgWnCg,UCgQw_Sbq3ugruDUKsq1e0-A,1
UC-fiZBS5Gp1eCJd9ucgWnCg,UCiC-Jn7wdgyQV4_Urk0DkWQ,1
UC-fiZBS5Gp1eCJd9ucgWnCg,UCkVtmkK07b2zaVVNssX4lOg,1
UC-fiZBS5Gp1eCJd9ucgWnCg,UCkbsS_3D-pvg1iHOld9uvIg,1
UC-fiZBS5Gp1eCJd9ucgWnCg,UClhMWQ7XKWywYvbRnuf8QsA,1
UC-fiZBS5Gp1eCJd9ucgWnCg,UClqA491Xa5fQcXcJJa-vTWw,1
UC-fiZBS5Gp1eCJd9ucgWnCg,UColMq7LmaoY3MT6aIDGrGvA,1
UC-fiZBS5Gp1eCJd9ucgWnCg,UCpe5jW3MIqkgTJ-PgkzvM6Q,1
UC-fiZBS5Gp1eCJd9ucgWnCg,UCpsKOkt5iWTbenzeuq7dsmQ,1
UC-fiZBS5Gp1eCJd9ucgWnCg,UCqCrvuoJpC-aVb0f4logQRQ,1
UC-fiZBS5Gp1eCJd9ucgWnCg,UCsGoJEvb-cFPZ2rWoJcXzEQ,1
UC-fiZBS5Gp1eCJd9ucgWnCg,UCu8_3-Wg-YzNyvHYQDEscfw,1
UC-fiZBS5Gp1eCJd9ucgWnCg,UCuXmOjxC-htcprLgeVXz6Tg,1
UC-fiZBS5Gp1eCJd9ucgWnCg,UCwgCc9Jd_gG-uLE_SY-FfPg,1
UC-fiZBS5Gp1eCJd9ucgWnCg,UCwjUvRseNtJoItylIyIez7Q,1
UC-fiZBS5Gp1eCJd9ucgWnCg,UCylqlpsh8ENNM1LqgQ1KbxA,1
UC1DpqK6vaPEkBOMNvypsKYg,UC32oozucwCF3q8d4m8fyOUg,1
UC1DpqK6vaPEkBOMNvypsKYg,UC3UVO7pTbeYvZ3ILEyRDskQ,1
UC1DpqK6vaPEkBOMNvypsKYg,UC4Avya4kmR4Q0FrfFdBozSQ,1
UC1DpqK6vaPEkBOMNvypsKYg,UC5hvEnRUzI4Kfvwnyi4QxqQ,1
UC1DpqK6vaPEkBOMNvypsKYg,UC6Uj1FT5JjDSF8vudvDxPAA,1
UC1DpqK6vaPEkBOMNvypsKYg,UC7dadZG7kkGYnsNu6td0FbA,1
UC1DpqK6vaPEkBOMNvypsKYg,UC816IGbFCZinfYS1LRDaaHg,1
UC1DpqK6vaPEkBOMNvypsKYg,UC95PSMouTx2N5CbSq0hIyrQ,1
UC1DpqK6vaPEkBOMNvypsKYg,UCAKuKvcbfnBD3kF5njNu-IA,1
UC1DpqK6vaPEkBOMNvypsKYg,UCCBYcToQ2dwkd6TJh0FSyDg,1
UC1DpqK6vaPEkBOMNvypsKYg,UCDrmf9y9nLgFY5wnA2hTuGA,1
UC1DpqK6vaPEkBOMNvypsKYg,UCGGHbtfbbe0o68etrOf0qxw,1
UC1DpqK6vaPEkBOMNvypsKYg,UCHbwIx9pmQuf7i-4_xO2EpA,1
UC1DpqK6vaPEkBOMNvypsKYg,UCNpt5CQlTzNjlAKY6CJtClQ,1
UC1DpqK6vaPEkBOMNvypsKYg,UCOcUI5XkTYNMSFhZNMIPpGg,1
UC1DpqK6vaPEkBOMNvypsKYg,UCQqlPPUGqAfWjd-FSh_qn7Q,1
UC1DpqK6vaPEkBOMNvypsKYg,UCQyOePccUP-fIJYzchAgZYw,1
UC1DpqK6vaPEkBOMNvypsKYg,UCRAquv8el-tQ30bN7MlmySQ,1
UC1DpqK6vaPEkBOMNvypsKYg,UCRvPToDkkumha7WJAfCDk1A,1
UC1DpqK6vaPEkBOMNvypsKYg,UCUoYsrx1oZnCZ0usbBJn4fA,1
UC1DpqK6vaPEkBOMNvypsKYg,UCV0lM03g5fg5pbPj97-sAtA,1
UC1DpqK6vaPEkBOMNvypsKYg,UCW-JC6lebVmf2P1dmY_L94g,1
UC1DpqK6vaPEkBOMNvypsKYg,UCW80DaMjQlEUibC98Cot-Dg,1
UC1DpqK6vaPEkBOMNvypsKYg,UCWoAVGVqCn4xtINCMOTM4jg,1
UC1DpqK6vaPEkBOMNvypsKYg,UCZeIIQrGAedW8tCbKWmGY-A,1
UC1DpqK6vaPEkBOMNvypsKYg,UC_LYoGs5C3mbZKZuKuqYCvw,1
UC1DpqK6vaPEkBOMNvypsKYg,UCaKAjTW9MVub_clgr4DRYjQ,1
UC1DpqK6vaPEkBOMNvypsKYg,UCdFlugHJJa4l3YqWuNRmvXw,1
UC1DpqK6vaPEkBOMNvypsKYg,UCe8JZoYkX5oKUZyivHYdXhw,1
UC1DpqK6vaPEkBOMNvypsKYg,UCeDNEtI8_a42bZ47wJiJMwQ,1
UC1DpqK6vaPEkBOMNvypsKYg,UCgJNFj5dnxXpcMvmuhZDPxA,1
UC1DpqK6vaPEkBOMNvypsKYg,UCgQw_Sbq3ugruDUKsq1e0-A,1
UC1DpqK6vaPEkBOMNvypsKYg,UCiC-Jn7wdgyQV4_Urk0DkWQ,1
UC1DpqK6vaPEkBOMNvypsKYg,UCkVtmkK07b2zaVVNssX4lOg,1
UC1DpqK6vaPEkBOMNvypsKYg,UCkbsS_3D-pvg1iHOld9uvIg,1
UC1DpqK6vaPEkBOMNvypsKYg,UClhMWQ7XKWywYvbRnuf8QsA,1
UC1DpqK6vaPEkBOMNvypsKYg,UClqA491Xa5fQcXcJJa-vTWw,1
UC1DpqK6vaPEkBOMNvypsKYg,UColMq7LmaoY3MT6aIDGrGvA,1
UC1DpqK6vaPEkBOMNvypsKYg,UCpe5jW3MIqkgTJ-PgkzvM6Q,1
UC1DpqK6vaPEkBOMNvypsKYg,UCpsKOkt5iWTbenzeuq7dsmQ,1
UC1DpqK6vaPEkBOMNvypsKYg,UCqCrvuoJpC-aVb0f4logQRQ,1
UC1DpqK6vaPEkBOMNvypsKYg,UCsGoJEvb-cFPZ2rWoJcXzEQ,1
UC1DpqK6vaPEkBOMNvypsKYg,UCu8_3-Wg-YzNyvHYQDEscfw,1
UC1DpqK6vaPEkBOMNvypsKYg,UCuXmOjxC-htcprLgeVXz6Tg,1
UC1DpqK6vaPEkBOMNvypsKYg,UCwgCc9Jd_gG-uLE_SY-FfPg,1
UC1DpqK6vaPEkBOMNvypsKYg,UCwjUvRseNtJoItylIyIez7Q,1
UC1DpqK6vaPEkBOMNvypsKYg,UCylqlpsh8ENNM1LqgQ1KbxA,1
UC32oozucwCF3q8d4m8fyOUg,UC3UVO7pTbeYvZ3ILEyRDskQ,1
UC32oozucwCF3q8d4m8fyOUg,UC4Avya4kmR4Q0FrfFdBozSQ,1
UC32oozucwCF3q8d4m8fyOUg,UC5hvEnRUzI4Kfvwnyi4QxqQ,1
UC32oozucwCF3q8d4m8fyOUg,UC6Uj1FT5JjDSF8vudvDxPAA,1
UC32oozucwCF3q8d4m8fyOUg,UC7dadZG7kkGYnsNu6td0FbA,1
UC32oozucwCF3q8d4m8fyOUg,UC816IGbFCZinfYS1LRDaaHg,1
UC32oozucwCF3q8d4m8fyOUg,UC95PSMouTx2N5CbSq0hIyrQ,1
UC32oozucwCF3q8d4m8fyOUg,UCAKuKvcbfnBD3kF5njNu-IA,1
UC32oozucwCF3q8d4m8fyOUg,UCCBYcToQ2dwkd6TJh0FSyDg,1
UC32oozucwCF3q8d4m8fyOUg,UCDrmf9y9nLgFY5wnA2hTuGA,1
UC32oozucwCF3q8d4m8fyOUg,UCGGHbtfbbe0o68etrOf0qxw,1
UC32oozucwCF3q8d4m8fyOUg,UCHbwIx9pmQuf7i-4_xO2EpA,1
UC32oozucwCF3q8d4m8fyOUg,UCNpt5CQlTzNjlAKY6CJtClQ,1
UC32oozucwCF3q8d4m8fyOUg,UCOcUI5XkTYNMSFhZNMIPpGg,1
UC32oozucwCF3q8d4m8fyOUg,UCQqlPPUGqAfWjd-FSh_qn7Q,1
UC32oozucwCF3q8d4m8fyOUg,UCQyOePccUP-fIJYzchAgZYw,1
UC32oozucwCF3q8d4m8fyOUg,UCRAquv8el-tQ30bN7MlmySQ,1
UC32oozucwCF3q8d4m8fyOUg,UCRvPToDkkumha7WJAfCDk1A,1
UC32oozucwCF3q8d4m8fyOUg,UCUoYsrx1oZnCZ0usbBJn4fA,1
UC32oozucwCF3q8d4m8fyOUg,UCV0lM03g5fg5pbPj97-sAtA,1
UC32oozucwCF3q8d4m8fyOUg,UCW-JC6lebVmf2P1dmY_L94g,1
UC32oozucwCF3q8d4m8fyOUg,UCW80DaMjQlEUibC98Cot-Dg,1
UC32oozucwCF3q8d4m8fyOUg,UCWoAVGVqCn4xtINCMOTM4jg,1
UC32oozucwCF3q8d4m8fyOUg,UCZeIIQrGAedW8tCbKWmGY-A,1
UC32oozucwCF3q8d4m8fyOUg,UC_LYoGs5C3mbZKZuKuqYCvw,1
UC32oozucwCF3q8d4m8fyOUg,UCaKAjTW9MVub_clgr4DRYjQ,1
UC32oozucwCF3q8d4m8fyOUg,UCdFlugHJJa4l3YqWuNRmvXw,1
UC32oozucwCF3q8d4m8fyOUg,UCe8JZoYkX5oKUZyivHYdXhw,1
UC32oozucwCF3q8d4m8fyOUg,UCeDNEtI8_a42bZ47wJiJMwQ,1
UC32oozucwCF3q8d4m8fyOUg,UCgJNFj5dnxXpcMvmuhZDPxA,1
UC32oozucwCF3q8d4m8fyOUg,UCgQw_Sbq3ugruDUKsq1e0-A,1
UC32oozucwCF3q8d4m8fyOUg,UCiC-Jn7wdgyQV4_Urk0DkWQ,1
UC32oozucwCF3q8d4m8fyOUg,UCkVtmkK07b2zaVVNssX4lOg,1
UC32oozucwCF3q8d4m8fyOUg,UCkbsS_3D-pvg1iHOld9uvIg,1
UC32oozucwCF3q8d4m8fyOUg,UClhMWQ7XKWywYvbRnuf8QsA,1
UC32oozucwCF3q8d4m8fyOUg,UClqA491Xa5fQcXcJJa-vTWw,1
UC32oozucwCF3q8d4m8fyOUg,UColMq7LmaoY3MT6aIDGrGvA,1
UC32oozucwCF3q8d4m8fyOUg,UCpe5jW3MIqkgTJ-PgkzvM6Q,1
UC32oozucwCF3q8d4m8fyOUg,UCpsKOkt5iWTbenzeuq7dsmQ,1
UC32oozucwCF3q8d4m8fyOUg,UCqCrvuoJpC-aVb0f4logQRQ,1
UC32oozucwCF3q8d4m8fyOUg,UCsGoJEvb-cFPZ2rWoJcXzEQ,1
UC32oozucwCF3q8d4m8fyOUg,UCu8_3-Wg-YzNyvHYQDEscfw,1
UC32oozucwCF3q8d4m8fyOUg,UCuXmOjxC-htcprLgeVXz6Tg,1
UC32oozucwCF3q8d4m8fyOUg,UCwgCc9Jd_gG-uLE_SY-FfPg,1
UC32oozucwCF3q8d4m8fyOUg,UCwjUvRseNtJoItylIyIez7Q,1
UC32oozucwCF3q8d4m8fyOUg,UCylqlpsh8ENNM1LqgQ1KbxA,1
UC3UVO7pTbeYvZ3ILEyRDskQ,UC4Avya4kmR4Q0FrfFdBozSQ,1
UC3UVO7pTbeYvZ3ILEyRDskQ,UC5hvEnRUzI4Kfvwnyi4QxqQ,1
UC3UVO7pTbeYvZ3ILEyRDskQ,UC6Uj1FT5JjDSF8vudvDxPAA,1
UC3UVO7pTbeYvZ3ILEyRDskQ,UC7dadZG7kkGYnsNu6td0FbA,1
UC3UVO7pTbeYvZ3ILEyRDskQ,UC816IGbFCZinfYS1LRDaaHg,1
UC3UVO7pTbeYvZ3ILEyRDskQ,UC95PSMouTx2N5CbSq0hIyrQ,1
UC3UVO7pTbeYvZ3ILEyRDskQ,UCAKuKvcbfnBD3kF5njNu-IA,1
UC3UVO7pTbeYvZ3ILEyRDskQ,UCCBYcToQ2dwkd6TJh0FSyDg,1
UC3UVO7pTbeYvZ3ILEyRDskQ,UCDrmf9y9nLgFY5wnA2hTuGA,1
UC3UVO7pTbeYvZ3ILEyRDskQ,UCGGHbtfbbe0o68etrOf0qxw,1
UC3UVO7pTbeYvZ3ILEyRDskQ,UCHbwIx9pmQuf7i-4_xO2EpA,1
UC3UVO7pTbeYvZ3ILEyRDskQ,UCNpt5CQlTzNjlAKY6CJtClQ,1
UC3UVO7pTbeYvZ3ILEyRDskQ,UCOcUI5XkTYNMSFhZNMIPpGg,1
UC3UVO7pTbeYvZ3ILEyRDskQ,UCQqlPPUGqAfWjd-FSh_qn7Q,1
UC3UVO7pTbeYvZ3ILEyRDskQ,UCQyOePccUP-fIJYzchAgZYw,1
UC3UVO7pTbeYvZ3ILEyRDskQ,UCRAquv8el-tQ30bN7MlmySQ,1
UC3UVO7pTbeYvZ3ILEyRDskQ,UCRvPToDkkumha7WJAfCDk1A,1
UC3UVO7pTbeYvZ3ILEyRDskQ,UCUoYsrx1oZnCZ0usbBJn4fA,1
UC3UVO7pTbeYvZ3ILEyRDskQ,UCV0lM03g5fg5pbPj97-sAtA,1
UC3UVO7pTbeYvZ3ILEyRDskQ,UCW-JC6lebVmf2P1dmY_L94g,1
UC3UVO7pTbeYvZ3ILEyRDskQ,UCW80DaMjQlEUibC98Cot-Dg,1
UC3UVO7pTbeYvZ3ILEyRDskQ,UCWoAVGVqCn4xtINCMOTM4jg,1
UC3UVO7pTbeYvZ3ILEyRDskQ,UCZeIIQrGAedW8tCbKWmGY-A,1
UC3UVO7pTbeYvZ3ILEyRDskQ,UC_LYoGs5C3mbZKZuKuqYCvw,1
UC3UVO7pTbeYvZ3ILEyRDskQ,UCaKAjTW9MVub_clgr4DRYjQ,1
UC3UVO7pTbeYvZ3ILEyRDskQ,UCdFlugHJJa4l3YqWuNRmvXw,1
UC3UVO7pTbeYvZ3ILEyRDskQ,UCe8JZoYkX5oKUZyivHYdXhw,1
UC3UVO7pTbeYvZ3ILEyRDskQ,UCeDNEtI8_a42bZ47wJiJMwQ,1
UC3UVO7pTbeYvZ3ILEyRDskQ,UCgJNFj5dnxXpcMvmuhZDPxA,1
UC3UVO7pTbeYvZ3ILEyRDskQ,UCgQw_Sbq3ugruDUKsq1e0-A,1
UC3UVO7pTbeYvZ3ILEyRDskQ,UCiC-Jn7wdgyQV4_Urk0DkWQ,1
UC3UVO7pTbeYvZ3ILEyRDskQ,UCkVtmkK07b2zaVVNssX4lOg,1
UC3UVO7pTbeYvZ3ILEyRDskQ,UCkbsS_3D-pvg1iHOld9uvIg,1
UC3UVO7pTbeYvZ3ILEyRDskQ,UClhMWQ7XKWywYvbRnuf8QsA,1
UC3UVO7pTbeYvZ3ILEyRDskQ,UClqA491Xa5fQcXcJJa-vTWw,1
UC3UVO7pTbeYvZ3ILEyRDskQ,UColMq7LmaoY3MT6aIDGrGvA,1
UC3UVO7pTbeYvZ3ILEyRDskQ,UCpe5jW3MIqkgTJ-PgkzvM6Q,1
UC3UVO7pTbeYvZ3ILEyRDskQ,UCpsKOkt5iWTbenzeuq7dsmQ,1
UC3UVO7pTbeYvZ3ILEyRDskQ,UCqCrvuoJpC-aVb0f4logQRQ,1
UC3UVO7pTbeYvZ3ILEyRDskQ,UCsGoJEvb-cFPZ2rWoJcXzEQ,1
UC3UVO7pTbeYvZ3ILEyRDskQ,UCu8_3-Wg-YzNyvHYQDEscfw,1
UC3UVO7pTbeYvZ3ILEyRDskQ,UCuXmOjxC-htcprLgeVXz6Tg,1
UC3UVO7pTbeYvZ3ILEyRDskQ,UCwgCc9Jd_gG-uLE_SY-FfPg,1
UC3UVO7pTbeYvZ3ILEyRDskQ,UCwjUvRseNtJoItylIyIez7Q,1
UC3UVO7pTbeYvZ3ILEyRDskQ,UCylqlpsh8ENNM1LqgQ1KbxA,1
UC4Avya4kmR4Q0FrfFdBozSQ,UC5hvEnRUzI4Kfvwnyi4QxqQ,1
UC4Avya4kmR4Q0FrfFdBozSQ,UC6Uj1FT5JjDSF8vudvDxPAA,1
UC4Avya4kmR4Q0FrfFdBozSQ,UC7dadZG7kkGYnsNu6td0FbA,1
UC4Avya4kmR4Q0FrfFdBozSQ,UC816IGbFCZinfYS1LRDaaHg,1
UC4Avya4kmR4Q0FrfFdBozSQ,UC95PSMouTx2N5CbSq0hIyrQ,1
UC4Avya4kmR4Q0FrfFdBozSQ,UCAKuKvcbfnBD3kF5njNu-IA,1
UC4Avya4kmR4Q0FrfFdBozSQ,UCCBYcToQ2dwkd6TJh0FSyDg,1
UC4Avya4kmR4Q0FrfFdBozSQ,UCDrmf9y9nLgFY5wnA2hTuGA,1
UC4Avya4kmR4Q0FrfFdBozSQ,UCGGHbtfbbe0o68etrOf0qxw,1
UC4Avya4kmR4Q0FrfFdBozSQ,UCHbwIx9pmQuf7i-4_xO2EpA,1
UC4Avya4kmR4Q0FrfFdBozSQ,UCNpt5CQlTzNjlAKY6CJtClQ,1
UC4Avya4kmR4Q0FrfFdBozSQ,UCOcUI5XkTYNMSFhZNMIPpGg,1
UC4Avya4kmR4Q0FrfFdBozSQ,UCQqlPPUGqAfWjd-FSh_qn7Q,1
UC4Avya4kmR4Q0FrfFdBozSQ,UCQyOePccUP-fIJYzchAgZYw,1
UC4Avya4kmR4Q0FrfFdBozSQ,UCRAquv8el-tQ30bN7MlmySQ,1
UC4Avya4kmR4Q0FrfFdBozSQ,UCRvPToDkkumha7WJAfCDk1A,1
UC4Avya4kmR4Q0FrfFdBozSQ,UCUoYsrx1oZnCZ0usbBJn4fA,1
UC4Avya4kmR4Q0FrfFdBozSQ,UCV0lM03g5fg5pbPj97-sAtA,1
UC4Avya4kmR4Q0FrfFdBozSQ,UCW-JC6lebVmf2P1dmY_L94g,1
UC4Avya4kmR4Q0FrfFdBozSQ,UCW80DaMjQlEUibC98Cot-Dg,1
UC4Avya4kmR4Q0FrfFdBozSQ,UCWoAVGVqCn4xtINCMOTM4jg,1
UC4Avya4kmR4Q0FrfFdBozSQ,UCZeIIQrGAedW8tCbKWmGY-A,1
UC4Avya4kmR4Q0FrfFdBozSQ,UC_LYoGs5C3mbZKZuKuqYCvw,1
UC4Avya4kmR4Q0FrfFdBozSQ,UCaKAjTW9MVub_clgr4DRYjQ,1
UC4Avya4kmR4Q0FrfFdBozSQ,UCdFlugHJJa4l3YqWuNRmvXw,1
UC4Avya4kmR4Q0FrfFdBozSQ,UCe8JZoYkX5oKUZyivHYdXhw,1
UC4Avya4kmR4Q0FrfFdBozSQ,UCeDNEtI8_a42bZ47wJiJMwQ,1
UC4Avya4kmR4Q0FrfFdBozSQ,UCgJNFj5dnxXpcMvmuhZDPxA,1
UC4Avya4kmR4Q0FrfFdBozSQ,UCgQw_Sbq3ugruDUKsq1e0-A,1
UC4Avya4kmR4Q0FrfFdBozSQ,UCiC-Jn7wdgyQV4_Urk0DkWQ,1
UC4Avya4kmR4Q0FrfFdBozSQ,UCkVtmkK07b2zaVVNssX4lOg,1
UC4Avya4kmR4Q0FrfFdBozSQ,UCkbsS_3D-pvg1iHOld9uvIg,1
UC4Avya4kmR4Q0FrfFdBozSQ,UClhMWQ7XKWywYvbRnuf8QsA,1
UC4Avya4kmR4Q0FrfFdBozSQ,UClqA491Xa5fQcXcJJa-vTWw,1
UC4Avya4kmR4Q0FrfFdBozSQ,UColMq7LmaoY3MT6aIDGrGvA,1
UC4Avya4kmR4Q0FrfFdBozSQ,UCpe5jW3MIqkgTJ-PgkzvM6Q,1
UC4Avya4kmR4Q0FrfFdBozSQ,UCpsKOkt5iWTbenzeuq7dsmQ,1
UC4Avya4kmR4Q0FrfFdBozSQ,UCqCrvuoJpC-aVb0f4logQRQ,1
UC4Avya4kmR4Q0FrfFdBozSQ,UCsGoJEvb-cFPZ2rWoJcXzEQ,1
UC4Avya4kmR4Q0FrfFdBozSQ,UCu8_3-Wg-YzNyvHYQDEscfw,1
UC4Avya4kmR4Q0FrfFdBozSQ,UCuXmOjxC-htcprLgeVXz6Tg,1
UC4Avya4kmR4Q0FrfFdBozSQ,UCwgCc9Jd_gG-uLE_SY-FfPg,1
UC4Avya4kmR4Q0FrfFdBozSQ,UCwjUvRseNtJoItylIyIez7Q,1
UC4Avya4kmR4Q0FrfFdBozSQ,UCylqlpsh8ENNM1LqgQ1KbxA,1
UC5hvEnRUzI4Kfvwnyi4QxqQ,UC6Uj1FT5JjDSF8vudvDxPAA,1
UC5hvEnRUzI4Kfvwnyi4QxqQ,UC7dadZG7kkGYnsNu6td0FbA,1
UC5hvEnRUzI4Kfvwnyi4QxqQ,UC816IGbFCZinfYS1LRDaaHg,1
UC5hvEnRUzI4Kfvwnyi4QxqQ,UC95PSMouTx2N5CbSq0hIyrQ,1
UC5hvEnRUzI4Kfvwnyi4QxqQ,UCAKuKvcbfnBD3kF5njNu-IA,1
UC5hvEnRUzI4Kfvwnyi4QxqQ,UCCBYcToQ2dwkd6TJh0FSyDg,1
UC5hvEnRUzI4Kfvwnyi4QxqQ,UCDrmf9y9nLgFY5wnA2hTuGA,1
UC5hvEnRUzI4Kfvwnyi4QxqQ,UCGGHbtfbbe0o68etrOf0qxw,1
UC5hvEnRUzI4Kfvwnyi4QxqQ,UCHbwIx9pmQuf7i-4_xO2EpA,1
UC5hvEnRUzI4Kfvwnyi4QxqQ,UCNpt5CQlTzNjlAKY6CJtClQ,1
UC5hvEnRUzI4Kfvwnyi4QxqQ,UCOcUI5XkTYNMSFhZNMIPpGg,1
UC5hvEnRUzI4Kfvwnyi4QxqQ,UCQqlPPUGqAfWjd-FSh_qn7Q,1
UC5hvEnRUzI4Kfvwnyi4QxqQ,UCQyOePccUP-fIJYzchAgZYw,1
UC5hvEnRUzI4Kfvwnyi4QxqQ,UCRAquv8el-tQ30bN7MlmySQ,1
UC5hvEnRUzI4Kfvwnyi4QxqQ,UCRvPToDkkumha7WJAfCDk1A,1
UC5hvEnRUzI4Kfvwnyi4QxqQ,UCUoYsrx1oZnCZ0usbBJn4fA,1
UC5hvEnRUzI4Kfvwnyi4QxqQ,UCV0lM03g5fg5pbPj97-sAtA,1
UC5hvEnRUzI4Kfvwnyi4QxqQ,UCW-JC6lebVmf2P1dmY_L94g,1
UC5hvEnRUzI4Kfvwnyi4QxqQ,UCW80DaMjQlEUibC98Cot-Dg,1
UC5hvEnRUzI4Kfvwnyi4QxqQ,UCWoAVGVqCn4xtINCMOTM4jg,1
UC5hvEnRUzI4Kfvwnyi4QxqQ,UCZeIIQrGAedW8tCbKWmGY-A,1
UC5hvEnRUzI4Kfvwnyi4QxqQ,UC_LYoGs5C3mbZKZuKuqYCvw,1
UC5hvEnRUzI4Kfvwnyi4QxqQ,UCaKAjTW9MVub_clgr4DRYjQ,1
UC5hvEnRUzI4Kfvwnyi4QxqQ,UCdFlugHJJa4l3YqWuNRmvXw,1
UC5hvEnRUzI4Kfvwnyi4QxqQ,UCe8JZoYkX5oKUZyivHYdXhw,1
UC5hvEnRUzI4Kfvwnyi4QxqQ,UCeDNEtI8_a42bZ47wJiJMwQ,1
UC5hvEnRUzI4Kfvwnyi4QxqQ,UCgJNFj5dnxXpcMvmuhZDPxA,1
UC5hvEnRUzI4Kfvwnyi4QxqQ,UCgQw_Sbq3ugruDUKsq1e0-A,1
UC5hvEnRUzI4Kfvwnyi4QxqQ,UCiC-Jn7wdgyQV4_Urk0DkWQ,1
UC5hvEnRUzI4Kfvwnyi4QxqQ,UCkVtmkK07b2zaVVNssX4lOg,1
UC5hvEnRUzI4Kfvwnyi4QxqQ,UCkbsS_3D-pvg1iHOld9uvIg,1
UC5hvEnRUzI4Kfvwnyi4QxqQ,UClhMWQ7XKWywYvbRnuf8QsA,1
UC5hvEnRUzI4Kfvwnyi4QxqQ,UClqA491Xa5fQcXcJJa-vTWw,1
UC5hvEnRUzI4Kfvwnyi4QxqQ,UColMq7LmaoY3MT6aIDGrGvA,1
UC5hvEnRUzI4Kfvwnyi4QxqQ,UCpe5jW3MIqkgTJ-PgkzvM6Q,1
UC5hvEnRUzI4Kfvwnyi4QxqQ,UCpsKOkt5iWTbenzeuq7dsmQ,1
UC5hvEnRUzI4Kfvwnyi4QxqQ,UCqCrvuoJpC-aVb0f4logQRQ,1
UC5hvEnRUzI4Kfvwnyi4QxqQ,UCsGoJEvb-cFPZ2rWoJcXzEQ,1
UC5hvEnRUzI4Kfvwnyi4QxqQ,UCu8_3-Wg-YzNyvHYQDEscfw,1
UC5hvEnRUzI4Kfvwnyi4QxqQ,UCuXmOjxC-htcprLgeVXz6Tg,1
UC5hvEnRUzI4Kfvwnyi4QxqQ,UCwgCc9Jd_gG-uLE_SY-FfPg,1
UC5hvEnRUzI4Kfvwnyi4QxqQ,UCwjUvRseNtJoItylIyIez7Q,1
UC5hvEnRUzI4Kfvwnyi4QxqQ,UCylqlpsh8ENNM1LqgQ1KbxA,1
UC6Uj1FT5JjDSF8vudvDxPAA,UC7dadZG7kkGYnsNu6td0FbA,1
UC6Uj1FT5JjDSF8vudvDxPAA,UC816IGbFCZinfYS1LRDaaHg,1
UC6Uj1FT5JjDSF8vudvDxPAA,UC95PSMouTx2N5CbSq0hIyrQ,1
UC6Uj1FT5JjDSF8vudvDxPAA,UCAKuKvcbfnBD3kF5njNu-IA,1
UC6Uj1FT5JjDSF8vudvDxPAA,UCCBYcToQ2dwkd6TJh0FSyDg,1
UC6Uj1FT5JjDSF8vudvDxPAA,UCDrmf9y9nLgFY5wnA2hTuGA,1
UC6Uj1FT5JjDSF8vudvDxPAA,UCGGHbtfbbe0o68etrOf0qxw,1
UC6Uj1FT5JjDSF8vudvDxPAA,UCHbwIx9pmQuf7i-4_xO2EpA,1
UC6Uj1FT5JjDSF8vudvDxPAA,UCNpt5CQlTzNjlAKY6CJtClQ,1
UC6Uj1FT5JjDSF8vudvDxPAA,UCOcUI5XkTYNMSFhZNMIPpGg,1
UC6Uj1FT5JjDSF8vudvDxPAA,UCQqlPPUGqAfWjd-FSh_qn7Q,1
UC6Uj1FT5JjDSF8vudvDxPAA,UCQyOePccUP-fIJYzchAgZYw,1
UC6Uj1FT5JjDSF8vudvDxPAA,UCRAquv8el-tQ30bN7MlmySQ,1
UC6Uj1FT5JjDSF8vudvDxPAA,UCRvPToDkkumha7WJAfCDk1A,1
UC6Uj1FT5JjDSF8vudvDxPAA,UCUoYsrx1oZnCZ0usbBJn4fA,1
UC6Uj1FT5JjDSF8vudvDxPAA,UCV0lM03g5fg5pbPj97-sAtA,1
UC6Uj1FT5JjDSF8vudvDxPAA,UCW-JC6lebVmf2P1dmY_L94g,1
UC6Uj1FT5JjDSF8vudvDxPAA,UCW80DaMjQlEUibC98Cot-Dg,1
UC6Uj1FT5JjDSF8vudvDxPAA,UCWoAVGVqCn4xtINCMOTM4jg,1
UC6Uj1FT5JjDSF8vudvDxPAA,UCZeIIQrGAedW8tCbKWmGY-A,1
UC6Uj1FT5JjDSF8vudvDxPAA,UC_LYoGs5C3mbZKZuKuqYCvw,1
UC6Uj1FT5JjDSF8vudvDxPAA,UCaKAjTW9MVub_clgr4DRYjQ,1
UC6Uj1FT5JjDSF8vudvDxPAA,UCdFlugHJJa4l3YqWuNRmvXw,1
UC6Uj1FT5JjDSF8vudvDxPAA,UCe8JZoYkX5oKUZyivHYdXhw,1
UC6Uj1FT5JjDSF8vudvDxPAA,UCeDNEtI8_a42bZ47wJiJMwQ,1
UC6Uj1FT5JjDSF8vudvDxPAA,UCgJNFj5dnxXpcMvmuhZDPxA,1
UC6Uj1FT5JjDSF8vudvDxPAA,UCgQw_Sbq3ugruDUKsq1e0-A,1
UC6Uj1FT5JjDSF8vudvDxPAA,UCiC-Jn7wdgyQV4_Urk0DkWQ,1
UC6Uj1FT5JjDSF8vudvDxPAA,UCkVtmkK07b2zaVVNssX4lOg,1
UC6Uj1FT5JjDSF8vudvDxPAA,UCkbsS_3D-pvg1iHOld9uvIg,1
UC6Uj1FT5JjDSF8vudvDxPAA,UClhMWQ7XKWywYvbRnuf8QsA,1
UC6Uj1FT5JjDSF8vudvDxPAA,UClqA491Xa5fQcXcJJa-vTWw,1
UC6Uj1FT5JjDSF8vudvDxPAA,UColMq7LmaoY3MT6aIDGrGvA,1
UC6Uj1FT5JjDSF8vudvDxPAA,UCpe5jW3MIqkgTJ-PgkzvM6Q,1
UC6Uj1FT5JjDSF8vudvDxPAA,UCpsKOkt5iWTbenzeuq7dsmQ,1
UC6Uj1FT5JjDSF8vudvDxPAA,UCqCrvuoJpC-aVb0f4logQRQ,1
UC6Uj1FT5JjDSF8vudvDxPAA,UCsGoJEvb-cFPZ2rWoJcXzEQ,1
UC6Uj1FT5JjDSF8vudvDxPAA,UCu8_3-Wg-YzNyvHYQDEscfw,1
UC6Uj1FT5JjDSF8vudvDxPAA,UCuXmOjxC-htcprLgeVXz6Tg,1
UC6Uj1FT5JjDSF8vudvDxPAA,UCwgCc9Jd_gG-uLE_SY-FfPg,1
UC6Uj1FT5JjDSF8vudvDxPAA,UCwjUvRseNtJoItylIyIez7Q,1
UC6Uj1FT5JjDSF8vudvDxPAA,UCylqlpsh8ENNM1LqgQ1KbxA,1
UC7dadZG7kkGYnsNu6td0FbA,UC816IGbFCZinfYS1LRDaaHg,1
UC7dadZG7kkGYnsNu6td0FbA,UC95PSMouTx2N5CbSq0hIyrQ,1
UC7dadZG7kkGYnsNu6td0FbA,UCAKuKvcbfnBD3kF5njNu-IA,1
UC7dadZG7kkGYnsNu6td0FbA,UCCBYcToQ2dwkd6TJh0FSyDg,1
UC7dadZG7kkGYnsNu6td0FbA,UCDrmf9y9nLgFY5wnA2hTuGA,1
UC7dadZG7kkGYnsNu6td0FbA,UCGGHbtfbbe0o68etrOf0qxw,1
UC7dadZG7kkGYnsNu6td0FbA,UCHbwIx9pmQuf7i-4_xO2EpA,1
UC7dadZG7kkGYnsNu6td0FbA,UCNpt5CQlTzNjlAKY6CJtClQ,1
UC7dadZG7kkGYnsNu6td0FbA,UCOcUI5XkTYNMSFhZNMIPpGg,1
UC7dadZG7kkGYnsNu6td0FbA,UCQqlPPUGqAfWjd-FSh_qn7Q,1
UC7dadZG7kkGYnsNu6td0FbA,UCQyOePccUP-fIJYzchAgZYw,1
UC7dadZG7kkGYnsNu6td0FbA,UCRAquv8el-tQ30bN7MlmySQ,1
UC7dadZG7kkGYnsNu6td0FbA,UCRvPToDkkumha7WJAfCDk1A,1
UC7dadZG7kkGYnsNu6td0FbA,UCUoYsrx1oZnCZ0usbBJn4fA,1
UC7dadZG7kkGYnsNu6td0FbA,UCV0lM03g5fg5pbPj97-sAtA,1
UC7dadZG7kkGYnsNu6td0FbA,UCW-JC6lebVmf2P1dmY_L94g,1
UC7dadZG7kkGYnsNu6td0FbA,UCW80DaMjQlEUibC98Cot-Dg,1
UC7dadZG7kkGYnsNu6td0FbA,UCWoAVGVqCn4xtINCMOTM4jg,1
UC7dadZG7kkGYnsNu6td0FbA,UCZeIIQrGAedW8tCbKWmGY-A,1
UC7dadZG7kkGYnsNu6td0FbA,UC_LYoGs5C3mbZKZuKuqYCvw,1
UC7dadZG7kkGYnsNu6td0FbA,UCaKAjTW9MVub_clgr4DRYjQ,1
UC7dadZG7kkGYnsNu6td0FbA,UCdFlugHJJa4l3YqWuNRmvXw,1
UC7dadZG7kkGYnsNu6td0FbA,UCe8JZoYkX5oKUZyivHYdXhw,1
UC7dadZG7kkGYnsNu6td0FbA,UCeDNEtI8_a42bZ47wJiJMwQ,1
UC7dadZG7kkGYnsNu6td0FbA,UCgJNFj5dnxXpcMvmuhZDPxA,1
UC7dadZG7kkGYnsNu6td0FbA,UCgQw_Sbq3ugruDUKsq1e0-A,1
UC7dadZG7kkGYnsNu6td0FbA,UCiC-Jn7wdgyQV4_Urk0DkWQ,1
UC7dadZG7kkGYnsNu6td0FbA,UCkVtmkK07b2zaVVNssX4lOg,1
UC7dadZG7kkGYnsNu6td0FbA,UCkbsS_3D-pvg1iHOld9uvIg,1
UC7dadZG7kkGYnsNu6td0FbA,UClhMWQ7XKWywYvbRnuf8QsA,1
UC7dadZG7kkGYnsNu6td0FbA,UClqA491Xa5fQcXcJJa-vTWw,1
UC7dadZG7kkGYnsNu6td0FbA,UColMq7LmaoY3MT6aIDGrGvA,1
UC7dadZG7kkGYnsNu6td0FbA,UCpe5jW3MIqkgTJ-PgkzvM6Q,1
UC7dadZG7kkGYnsNu6td0FbA,UCpsKOkt5iWTbenzeuq7dsmQ,1
UC7dadZG7kkGYnsNu6td0FbA,UCqCrvuoJpC-aVb0f4logQRQ,1
UC7dadZG7kkGYnsNu6td0FbA,UCsGoJEvb-cFPZ2rWoJcXzEQ,1
UC7dadZG7kkGYnsNu6td0FbA,UCu8_3-Wg-YzNyvHYQDEscfw,1
UC7dadZG7kkGYnsNu6td0FbA,UCuXmOjxC-htcprLgeVXz6Tg,1
UC7dadZG7kkGYnsNu6td0FbA,UCwgCc9Jd_gG-uLE_SY-FfPg,1
UC7dadZG7kkGYnsNu6td0FbA,UCwjUvRseNtJoItylIyIez7Q,1
UC7dadZG7kkGYnsNu6td0FbA,UCylqlpsh8ENNM1LqgQ1KbxA,1
UC816IGbFCZinfYS1LRDaaHg,UC95PSMouTx2N5CbSq0hIyrQ,1
UC816IGbFCZinfYS1LRDaaHg,UCAKuKvcbfnBD3kF5njNu-IA,1
UC816IGbFCZinfYS1LRDaaHg,UCCBYcToQ2dwkd6TJh0FSyDg,1
UC816IGbFCZinfYS1LRDaaHg,UCDrmf9y9nLgFY5wnA2hTuGA,1
UC816IGbFCZinfYS1LRDaaHg,UCGGHbtfbbe0o68etrOf0qxw,1
UC816IGbFCZinfYS1LRDaaHg,UCHbwIx9pmQuf7i-4_xO2EpA,1
UC816IGbFCZinfYS1LRDaaHg,UCNpt5CQlTzNjlAKY6CJtClQ,1
UC816IGbFCZinfYS1LRDaaHg,UCOcUI5XkTYNMSFhZNMIPpGg,1
UC816IGbFCZinfYS1LRDaaHg,UCQqlPPUGqAfWjd-FSh_qn7Q,1
UC816IGbFCZinfYS1LRDaaHg,UCQyOePccUP-fIJYzchAgZYw,1
UC816IGbFCZinfYS1LRDaaHg,UCRAquv8el-tQ30bN7MlmySQ,1
UC816IGbFCZinfYS1LRDaaHg,UCRvPToDkkumha7WJAfCDk1A,1
UC816IGbFCZinfYS1LRDaaHg,UCUoYsrx1oZnCZ0usbBJn4fA,1
UC816IGbFCZinfYS1LRDaaHg,UCV0lM03g5fg5pbPj97-sAtA,1
UC816IGbFCZinfYS1LRDaaHg,UCW-JC6lebVmf2P1dmY_L94g,1
UC816IGbFCZinfYS1LRDaaHg,UCW80DaMjQlEUibC98Cot-Dg,1
UC816IGbFCZinfYS1LRDaaHg,UCWoAVGVqCn4xtINCMOTM4jg,1
UC816IGbFCZinfYS1LRDaaHg,UCZeIIQrGAedW8tCbKWmGY-A,1
UC816IGbFCZinfYS1LRDaaHg,UC_LYoGs5C3mbZKZuKuqYCvw,1
UC816IGbFCZinfYS1LRDaaHg,UCaKAjTW9MVub_clgr4DRYjQ,1
UC816IGbFCZinfYS1LRDaaHg,UCdFlugHJJa4l3YqWuNRmvXw,1
UC816IGbFCZinfYS1LRDaaHg,UCe8JZoYkX5oKUZyivHYdXhw,1
UC816IGbFCZinfYS1LRDaaHg,UCeDNEtI8_a42bZ47wJiJMwQ,1
UC816IGbFCZinfYS1LRDaaHg,UCgJNFj5dnxXpcMvmuhZDPxA,1
UC816IGbFCZinfYS1LRDaaHg,UCgQw_Sbq3ugruDUKsq1e0-A,1
UC816IGbFCZinfYS1LRDaaHg,UCiC-Jn7wdgyQV4_Urk0DkWQ,1
UC816IGbFCZinfYS1LRDaaHg,UCkVtmkK07b2zaVVNssX4lOg,1
UC816IGbFCZinfYS1LRDaaHg,UCkbsS_3D-pvg1iHOld9uvIg,1
UC816IGbFCZinfYS1LRDaaHg,UClhMWQ7XKWywYvbRnuf8QsA,1
UC816IGbFCZinfYS1LRDaaHg,UClqA491Xa5fQcXcJJa-vTWw,1
UC816IGbFCZinfYS1LRDaaHg,UColMq7LmaoY3MT6aIDGrGvA,1
UC816IGbFCZinfYS1LRDaaHg,UCpe5jW3MIqkgTJ-PgkzvM6Q,1
UC816IGbFCZinfYS1LRDaaHg,UCpsKOkt5iWTbenzeuq7dsmQ,1
UC816IGbFCZinfYS1LRDaaHg,UCqCrvuoJpC-aVb0f4logQRQ,1
UC816IGbFCZinfYS1LRDaaHg,UCsGoJEvb-cFPZ2rWoJcXzEQ,1
UC816IGbFCZinfYS1LRDaaHg,UCu8_3-Wg-YzNyvHYQDEscfw,1
UC816IGbFCZinfYS1LRDaaHg,UCuXmOjxC-htcprLgeVXz6Tg,1
UC816IGbFCZinfYS1LRDaaHg,UCwgCc9Jd_gG-uLE_SY-FfPg,1
UC816IGbFCZinfYS1LRDaaHg,UCwjUvRseNtJoItylIyIez7Q,1
UC816IGbFCZinfYS1LRDaaHg,UCylqlpsh8ENNM1LqgQ1KbxA,1
UC95PSMouTx2N5CbSq0hIyrQ,UCAKuKvcbfnBD3kF5njNu-IA,1
UC95PSMouTx2N5CbSq0hIyrQ,UCCBYcToQ2dwkd6TJh0FSyDg,1
UC95PSMouTx2N5CbSq0hIyrQ,UCDrmf9y9nLgFY5wnA2hTuGA,1
UC95PSMouTx2N5CbSq0hIyrQ,UCGGHbtfbbe0o68etrOf0qxw,1
UC95PSMouTx2N5CbSq0hIyrQ,UCHbwIx9pmQuf7i-4_xO2EpA,1
UC95PSMouTx2N5CbSq0hIyrQ,UCNpt5CQlTzNjlAKY6CJtClQ,1
UC95PSMouTx2N5CbSq0hIyrQ,UCOcUI5XkTYNMSFhZNMIPpGg,1
UC95PSMouTx2N5CbSq0hIyrQ,UCQqlPPUGqAfWjd-FSh_qn7Q,1
UC95PSMouTx2N5CbSq0hIyrQ,UCQyOePccUP-fIJYzchAgZYw,1
UC95PSMouTx2N5CbSq0hIyrQ,UCRAquv8el-tQ30bN7MlmySQ,1
UC95PSMouTx2N5CbSq0hIyrQ,UCRvPToDkkumha7WJAfCDk1A,1
UC95PSMouTx2N5CbSq0hIyrQ,UCUoYsrx1oZnCZ0usbBJn4fA,1
UC95PSMouTx2N5CbSq0hIyrQ,UCV0lM03g5fg5pbPj97-sAtA,1
UC95PSMouTx2N5CbSq0hIyrQ,UCW-JC6lebVmf2P1dmY_L94g,1
UC95PSMouTx2N5CbSq0hIyrQ,UCW80DaMjQlEUibC98Cot-Dg,1
UC95PSMouTx2N5CbSq0hIyrQ,UCWoAVGVqCn4xtINCMOTM4jg,1
UC95PSMouTx2N5CbSq0hIyrQ,UCZeIIQrGAedW8tCbKWmGY-A,1
UC95PSMouTx2N5CbSq0hIyrQ,UC_LYoGs5C3mbZKZuKuqYCvw,1
UC95PSMouTx2N5CbSq0hIyrQ,UCaKAjTW9MVub_clgr4DRYjQ,1
UC95PSMouTx2N5CbSq0hIyrQ,UCdFlugHJJa4l3YqWuNRmvXw,1
UC95PSMouTx2N5CbSq0hIyrQ,UCe8JZoYkX5oKUZyivHYdXhw,1
UC95PSMouTx2N5CbSq0hIyrQ,UCeDNEtI8_a42bZ47wJiJMwQ,1
UC95PSMouTx2N5CbSq0hIyrQ,UCgJNFj5dnxXpcMvmuhZDPxA,1
UC95PSMouTx2N5CbSq0hIyrQ,UCgQw_Sbq3ugruDUKsq1e0-A,1
UC95PSMouTx2N5CbSq0hIyrQ,UCiC-Jn7wdgyQV4_Urk0DkWQ,1
UC95PSMouTx2N5CbSq0hIyrQ,UCkVtmkK07b2zaVVNssX4lOg,1
UC95PSMouTx2N5CbSq0hIyrQ,UCkbsS_3D-pvg1iHOld9uvIg,1
UC95PSMouTx2N5CbSq0hIyrQ,UClhMWQ7XKWywYvbRnuf8QsA,1
UC95PSMouTx2N5CbSq0hIyrQ,UClqA491Xa5fQcXcJJa-vTWw,1
UC95PSMouTx2N5CbSq0hIyrQ,UColMq7LmaoY3MT6aIDGrGvA,1
UC95PSMouTx2N5CbSq0hIyrQ,UCpe5jW3MIqkgTJ-PgkzvM6Q,1
UC95PSMouTx2N5CbSq0hIyrQ,UCpsKOkt5iWTbenzeuq7dsmQ,1
UC95PSMouTx2N5CbSq0hIyrQ,UCqCrvuoJpC-aVb0f4logQRQ,1
UC95PSMouTx2N5CbSq0hIyrQ,UCsGoJEvb-cFPZ2rWoJcXzEQ,1
UC95PSMouTx2N5CbSq0hIyrQ,UCu8_3-Wg-YzNyvHYQDEscfw,1
UC95PSMouTx2N5CbSq0hIyrQ,UCuXmOjxC-htcprLgeVXz6Tg,1
UC95PSMouTx2N5CbSq0hIyrQ,UCwgCc9Jd_gG-uLE_SY-FfPg,1
UC95PSMouTx2N5CbSq0hIyrQ,UCwjUvRseNtJoItylIyIez7Q,1
UC95PSMouTx2N5CbSq0hIyrQ,UCylqlpsh8ENNM1LqgQ1KbxA,1
UCAKuKvcbfnBD3kF5njNu-IA,UCCBYcToQ2dwkd6TJh0FSyDg,1
UCAKuKvcbfnBD3kF5njNu-IA,UCDrmf9y9nLgFY5wnA2hTuGA,1
UCAKuKvcbfnBD3kF5njNu-IA,UCGGHbtfbbe0o68etrOf0qxw,1
UCAKuKvcbfnBD3kF5njNu-IA,UCHbwIx9pmQuf7i-4_xO2EpA,1
UCAKuKvcbfnBD3kF5njNu-IA,UCNpt5CQlTzNjlAKY6CJtClQ,1
UCAKuKvcbfnBD3kF5njNu-IA,UCOcUI5XkTYNMSFhZNMIPpGg,1
UCAKuKvcbfnBD3kF5njNu-IA,UCQqlPPUGqAfWjd-FSh_qn7Q,1
UCAKuKvcbfnBD3kF5njNu-IA,UCQyOePccUP-fIJYzchAgZYw,1
UCAKuKvcbfnBD3kF5njNu-IA,UCRAquv8el-tQ30bN7MlmySQ,1
UCAKuKvcbfnBD3kF5njNu-IA,UCRvPToDkkumha7WJAfCDk1A,1
UCAKuKvcbfnBD3kF5njNu-IA,UCUoYsrx1oZnCZ0usbBJn4fA,1
UCAKuKvcbfnBD3kF5njNu-IA,UCV0lM03g5fg5pbPj97-sAtA,1
UCAKuKvcbfnBD3kF5njNu-IA,UCW-JC6lebVmf2P1dmY_L94g,1
UCAKuKvcbfnBD3kF5njNu-IA,UCW80DaMjQlEUibC98Cot-Dg,1
UCAKuKvcbfnBD3kF5njNu-IA,UCWoAVGVqCn4xtINCMOTM4jg,1
UCAKuKvcbfnBD3kF5njNu-IA,UCZeIIQrGAedW8tCbKWmGY-A,1
UCAKuKvcbfnBD3kF5njNu-IA,UC_LYoGs5C3mbZKZuKuqYCvw,1
UCAKuKvcbfnBD3kF5njNu-IA,UCaKAjTW9MVub_clgr4DRYjQ,1
UCAKuKvcbfnBD3kF5njNu-IA,UCdFlugHJJa4l3YqWuNRmvXw,1
UCAKuKvcbfnBD3kF5njNu-IA,UCe8JZoYkX5oKUZyivHYdXhw,1
UCAKuKvcbfnBD3kF5njNu-IA,UCeDNEtI8_a42bZ47wJiJMwQ,1
UCAKuKvcbfnBD3kF5njNu-IA,UCgJNFj5dnxXpcMvmuhZDPxA,1
UCAKuKvcbfnBD3kF5njNu-IA,UCgQw_Sbq3ugruDUKsq1e0-A,1
UCAKuKvcbfnBD3kF5njNu-IA,UCiC-Jn7wdgyQV4_Urk0DkWQ,1
UCAKuKvcbfnBD3kF5njNu-IA,UCkVtmkK07b2zaVVNssX4lOg,1
UCAKuKvcbfnBD3kF5njNu-IA,UCkbsS_3D-pvg1iHOld9uvIg,1
UCAKuKvcbfnBD3kF5njNu-IA,UClhMWQ7XKWywYvbRnuf8QsA,1
UCAKuKvcbfnBD3kF5njNu-IA,UClqA491Xa5fQcXcJJa-vTWw,1
UCAKuKvcbfnBD3kF5njNu-IA,UColMq7LmaoY3MT6aIDGrGvA,1
UCAKuKvcbfnBD3kF5njNu-IA,UCpe5jW3MIqkgTJ-PgkzvM6Q,1
UCAKuKvcbfnBD3kF5njNu-IA,UCpsKOkt5iWTbenzeuq7dsmQ,1
UCAKuKvcbfnBD3kF5njNu-IA,UCqCrvuoJpC-aVb0f4logQRQ,1
UCAKuKvcbfnBD3kF5njNu-IA,UCsGoJEvb-cFPZ2rWoJcXzEQ,1
UCAKuKvcbfnBD3kF5njNu-IA,UCu8_3-Wg-YzNyvHYQDEscfw,1
UCAKuKvcbfnBD3kF5njNu-IA,UCuXmOjxC-htcprLgeVXz6Tg,1
UCAKuKvcbfnBD3kF5njNu-IA,UCwgCc9Jd_gG-uLE_SY-FfPg,1
UCAKuKvcbfnBD3kF5njNu-IA,UCwjUvRseNtJoItylIyIez7Q,1
UCAKuKvcbfnBD3kF5njNu-IA,UCylqlpsh8ENNM1LqgQ1KbxA,1
UCCBYcToQ2dwkd6TJh0FSyDg,UCDrmf9y9nLgFY5wnA2hTuGA,1
UCCBYcToQ2dwkd6TJh0FSyDg,UCGGHbtfbbe0o68etrOf0qxw,1
UCCBYcToQ2dwkd6TJh0FSyDg,UCHbwIx9pmQuf7i-4_xO2EpA,1
UCCBYcToQ2dwkd6TJh0FSyDg,UCNpt5CQlTzNjlAKY6CJtClQ,1
UCCBYcToQ2dwkd6TJh0FSyDg,UCOcUI5XkTYNMSFhZNMIPpGg,1
UCCBYcToQ2dwkd6TJh0FSyDg,UCQqlPPUGqAfWjd-FSh_qn7Q,1
UCCBYcToQ2dwkd6TJh0FSyDg,UCQyOePccUP-fIJYzchAgZYw,1
UCCBYcToQ2dwkd6TJh0FSyDg,UCRAquv8el-tQ30bN7MlmySQ,1
UCCBYcToQ2dwkd6TJh0FSyDg,UCRvPToDkkumha7WJAfCDk1A,1
UCCBYcToQ2dwkd6TJh0FSyDg,UCUoYsrx1oZnCZ0usbBJn4fA,1
UCCBYcToQ2dwkd6TJh0FSyDg,UCV0lM03g5fg5pbPj97-sAtA,1
UCCBYcToQ2dwkd6TJh0FSyDg,UCW-JC6lebVmf2P1dmY_L94g,1
UCCBYcToQ2dwkd6TJh0FSyDg,UCW80DaMjQlEUibC98Cot-Dg,1
UCCBYcToQ2dwkd6TJh0FSyDg,UCWoAVGVqCn4xtINCMOTM4jg,1
UCCBYcToQ2dwkd6TJh0FSyDg,UCZeIIQrGAedW8tCbKWmGY-A,1
UCCBYcToQ2dwkd6TJh0FSyDg,UC_LYoGs5C3mbZKZuKuqYCvw,1
UCCBYcToQ2dwkd6TJh0FSyDg,UCaKAjTW9MVub_clgr4DRYjQ,1
UCCBYcToQ2dwkd6TJh0FSyDg,UCdFlugHJJa4l3YqWuNRmvXw,1
UCCBYcToQ2dwkd6TJh0FSyDg,UCe8JZoYkX5oKUZyivHYdXhw,1
UCCBYcToQ2dwkd6TJh0FSyDg,UCeDNEtI8_a42bZ47wJiJMwQ,1
UCCBYcToQ2dwkd6TJh0FSyDg,UCgJNFj5dnxXpcMvmuhZDPxA,1
UCCBYcToQ2dwkd6TJh0FSyDg,UCgQw_Sbq3ugruDUKsq1e0-A,1
UCCBYcToQ2dwkd6TJh0FSyDg,UCiC-Jn7wdgyQV4_Urk0DkWQ,1
UCCBYcToQ2dwkd6TJh0FSyDg,UCkVtmkK07b2zaVVNssX4lOg,1
UCCBYcToQ2dwkd6TJh0FSyDg,UCkbsS_3D-pvg1iHOld9uvIg,1
UCCBYcToQ2dwkd6TJh0FSyDg,UClhMWQ7XKWywYvbRnuf8QsA,1
UCCBYcToQ2dwkd6TJh0FSyDg,UClqA491Xa5fQcXcJJa-vTWw,1
UCCBYcToQ2dwkd6TJh0FSyDg,UColMq7LmaoY3MT6aIDGrGvA,1
UCCBYcToQ2dwkd6TJh0FSyDg,UCpe5jW3MIqkgTJ-PgkzvM6Q,1
UCCBYcToQ2dwkd6TJh0FSyDg,UCpsKOkt5iWTbenzeuq7dsmQ,1
UCCBYcToQ2dwkd6TJh0FSyDg,UCqCrvuoJpC-aVb0f4logQRQ,1
UCCBYcToQ2dwkd6TJh0FSyDg,UCsGoJEvb-cFPZ2rWoJcXzEQ,1
UCCBYcToQ2dwkd6TJh0FSyDg,UCu8_3-Wg-YzNyvHYQDEscfw,1
UCCBYcToQ2dwkd6TJh0FSyDg,UCuXmOjxC-htcprLgeVXz6Tg,1
UCCBYcToQ2dwkd6TJh0FSyDg,UCwgCc9Jd_gG-uLE_SY-FfPg,1
UCCBYcToQ2dwkd6TJh0FSyDg,UCwjUvRseNtJoItylIyIez7Q,1
UCCBYcToQ2dwkd6TJh0FSyDg,UCylqlpsh8ENNM1LqgQ1KbxA,1
UCDrmf9y9nLgFY5wnA2hTuGA,UCGGHbtfbbe0o68etrOf0qxw,1
UCDrmf9y9nLgFY5wnA2hTuGA,UCHbwIx9pmQuf7i-4_xO2EpA,1
UCDrmf9y9nLgFY5wnA2hTuGA,UCNpt5CQlTzNjlAKY6CJtClQ,1
UCDrmf9y9nLgFY5wnA2hTuGA,UCOcUI5XkTYNMSFhZNMIPpGg,1
UCDrmf9y9nLgFY5wnA2hTuGA,UCQqlPPUGqAfWjd-FSh_qn7Q,1
UCDrmf9y9nLgFY5wnA2hTuGA,UCQyOePccUP-fIJYzchAgZYw,1
UCDrmf9y9nLgFY5wnA2hTuGA,UCRAquv8el-tQ30bN7MlmySQ,1
UCDrmf9y9nLgFY5wnA2hTuGA,UCRvPToDkkumha7WJAfCDk1A,1
UCDrmf9y9nLgFY5wnA2hTuGA,UCUoYsrx1oZnCZ0usbBJn4fA,1
UCDrmf9y9nLgFY5wnA2hTuGA,UCV0lM03g5fg5pbPj97-sAtA,1
UCDrmf9y9nLgFY5wnA2hTuGA,UCW-JC6lebVmf2P1dmY_L94g,1
UCDrmf9y9nLgFY5wnA2hTuGA,UCW80DaMjQlEUibC98Cot-Dg,1
UCDrmf9y9nLgFY5wnA2hTuGA,UCWoAVGVqCn4xtINCMOTM4jg,1
UCDrmf9y9nLgFY5wnA2hTuGA,UCZeIIQrGAedW8tCbKWmGY-A,1
UCDrmf9y9nLgFY5wnA2hTuGA,UC_LYoGs5C3mbZKZuKuqYCvw,1
UCDrmf9y9nLgFY5wnA2hTuGA,UCaKAjTW9MVub_clgr4DRYjQ,1
UCDrmf9y9nLgFY5wnA2hTuGA,UCdFlugHJJa4l3YqWuNRmvXw,1
UCDrmf9y9nLgFY5wnA2hTuGA,UCe8JZoYkX5oKUZyivHYdXhw,1
UCDrmf9y9nLgFY5wnA2hTuGA,UCeDNEtI8_a42bZ47wJiJMwQ,1
UCDrmf9y9nLgFY5wnA2hTuGA,UCgJNFj5dnxXpcMvmuhZDPxA,1
UCDrmf9y9nLgFY5wnA2hTuGA,UCgQw_Sbq3ugruDUKsq1e0-A,1
UCDrmf9y9nLgFY5wnA2hTuGA,UCiC-Jn7wdgyQV4_Urk0DkWQ,1
UCDrmf9y9nLgFY5wnA2hTuGA,UCkVtmkK07b2zaVVNssX4lOg,1
UCDrmf9y9nLgFY5wnA2hTuGA,UCkbsS_3D-pvg1iHOld9uvIg,1
UCDrmf9y9nLgFY5wnA2hTuGA,UClhMWQ7XKWywYvbRnuf8QsA,1
UCDrmf9y9nLgFY5wnA2hTuGA,UClqA491Xa5fQcXcJJa-vTWw,1
UCDrmf9y9nLgFY5wnA2hTuGA,UColMq7LmaoY3MT6aIDGrGvA,1
UCDrmf9y9nLgFY5wnA2hTuGA,UCpe5jW3MIqkgTJ-PgkzvM6Q,1
UCDrmf9y9nLgFY5wnA2hTuGA,UCpsKOkt5iWTbenzeuq7dsmQ,1
UCDrmf9y9nLgFY5wnA2hTuGA,UCqCrvuoJpC-aVb0f4logQRQ,1
UCDrmf9y9nLgFY5wnA2hTuGA,UCsGoJEvb-cFPZ2rWoJcXzEQ,1
UCDrmf9y9nLgFY5wnA2hTuGA,UCu8_3-Wg-YzNyvHYQDEscfw,1
UCDrmf9y9nLgFY5wnA2hTuGA,UCuXmOjxC-htcprLgeVXz6Tg,1
UCDrmf9y9nLgFY5wnA2hTuGA,UCwgCc9Jd_gG-uLE_SY-FfPg,1
UCDrmf9y9nLgFY5wnA2hTuGA,UCwjUvRseNtJoItylIyIez7Q,1
UCDrmf9y9nLgFY5wnA2hTuGA,UCylqlpsh8ENNM1LqgQ1KbxA,1
UCGGHbtfbbe0o68etrOf0qxw,UCHbwIx9pmQuf7i-4_xO2EpA,1
UCGGHbtfbbe0o68etrOf0qxw,UCNpt5CQlTzNjlAKY6CJtClQ,1
UCGGHbtfbbe0o68etrOf0qxw,UCOcUI5XkTYNMSFhZNMIPpGg,1
UCGGHbtfbbe0o68etrOf0qxw,UCQqlPPUGqAfWjd-FSh_qn7Q,1
UCGGHbtfbbe0o68etrOf0qxw,UCQyOePccUP-fIJYzchAgZYw,1
UCGGHbtfbbe0o68etrOf0qxw,UCRAquv8el-tQ30bN7MlmySQ,1
UCGGHbtfbbe0o68etrOf0qxw,UCRvPToDkkumha7WJAfCDk1A,1
UCGGHbtfbbe0o68etrOf0qxw,UCUoYsrx1oZnCZ0usbBJn4fA,1
UCGGHbtfbbe0o68etrOf0qxw,UCV0lM03g5fg5pbPj97-sAtA,1
UCGGHbtfbbe0o68etrOf0qxw,UCW-JC6lebVmf2P1dmY_L94g,1
UCGGHbtfbbe0o68etrOf0qxw,UCW80DaMjQlEUibC98Cot-Dg,1
UCGGHbtfbbe0o68etrOf0qxw,UCWoAVGVqCn4xtINCMOTM4jg,1
UCGGHbtfbbe0o68etrOf0qxw,UCZeIIQrGAedW8tCbKWmGY-A,1
UCGGHbtfbbe0o68etrOf0qxw,UC_LYoGs5C3mbZKZuKuqYCvw,1
UCGGHbtfbbe0o68etrOf0qxw,UCaKAjTW9MVub_clgr4DRYjQ,1
UCGGHbtfbbe0o68etrOf0qxw,UCdFlugHJJa4l3YqWuNRmvXw,1
UCGGHbtfbbe0o68etrOf0qxw,UCe8JZoYkX5oKUZyivHYdXhw,1
UCGGHbtfbbe0o68etrOf0qxw,UCeDNEtI8_a42bZ47wJiJMwQ,1
UCGGHbtfbbe0o68etrOf0qxw,UCgJNFj5dnxXpcMvmuhZDPxA,1
UCGGHbtfbbe0o68etrOf0qxw,UCgQw_Sbq3ugruDUKsq1e0-A,1
UCGGHbtfbbe0o68etrOf0qxw,UCiC-Jn7wdgyQV4_Urk0DkWQ,1
UCGGHbtfbbe0o68etrOf0qxw,UCkVtmkK07b2zaVVNssX4lOg,1
UCGGHbtfbbe0o68etrOf0qxw,UCkbsS_3D-pvg1iHOld9uvIg,1
UCGGHbtfbbe0o68etrOf0qxw,UClhMWQ7XKWywYvbRnuf8QsA,1
UCGGHbtfbbe0o68etrOf0qxw,UClqA491Xa5fQcXcJJa-vTWw,1
UCGGHbtfbbe0o68etrOf0qxw,UColMq7LmaoY3MT6aIDGrGvA,1
UCGGHbtfbbe0o68etrOf0qxw,UCpe5jW3MIqkgTJ-PgkzvM6Q,1
UCGGHbtfbbe0o68etrOf0qxw,UCpsKOkt5iWTbenzeuq7dsmQ,1
UCGGHbtfbbe0o68etrOf0qxw,UCqCrvuoJpC-aVb0f4logQRQ,1
UCGGHbtfbbe0o68etrOf0qxw,UCsGoJEvb-cFPZ2rWoJcXzEQ,1
UCGGHbtfbbe0o68etrOf0qxw,UCu8_3-Wg-YzNyvHYQDEscfw,1
UCGGHbtfbbe0o68etrOf0qxw,UCuXmOjxC-htcprLgeVXz6Tg,1
UCGGHbtfbbe0o68etrOf0qxw,UCwgCc9Jd_gG-uLE_SY-FfPg,1
UCGGHbtfbbe0o68etrOf0qxw,UCwjUvRseNtJoItylIyIez7Q,1
UCGGHbtfbbe0o68etrOf0qxw,UCylqlpsh8ENNM1LqgQ1KbxA,1
UCHbwIx9pmQuf7i-4_xO2EpA,UCNpt5CQlTzNjlAKY6CJtClQ,1
UCHbwIx9pmQuf7i-4_xO2EpA,UCOcUI5XkTYNMSFhZNMIPpGg,1
UCHbwIx9pmQuf7i-4_xO2EpA,UCQqlPPUGqAfWjd-FSh_qn7Q,1
UCHbwIx9pmQuf7i-4_xO2EpA,UCQyOePccUP-fIJYzchAgZYw,1
UCHbwIx9pmQuf7i-4_xO2EpA,UCRAquv8el-tQ30bN7MlmySQ,1
UCHbwIx9pmQuf7i-4_xO2EpA,UCRvPToDkkumha7WJAfCDk1A,1
UCHbwIx9pmQuf7i-4_xO2EpA,UCUoYsrx1oZnCZ0usbBJn4fA,1
UCHbwIx9pmQuf7i-4_xO2EpA,UCV0lM03g5fg5pbPj97-sAtA,1
UCHbwIx9pmQuf7i-4_xO2EpA,UCW-JC6lebVmf2P1dmY_L94g,1
UCHbwIx9pmQuf7i-4_xO2EpA,UCW80DaMjQlEUibC98Cot-Dg,1
UCHbwIx9pmQuf7i-4_xO2EpA,UCWoAVGVqCn4xtINCMOTM4jg,1
UCHbwIx9pmQuf7i-4_xO2EpA,UCZeIIQrGAedW8tCbKWmGY-A,1
UCHbwIx9pmQuf7i-4_xO2EpA,UC_LYoGs5C3mbZKZuKuqYCvw,1
UCHbwIx9pmQuf7i-4_xO2EpA,UCaKAjTW9MVub_clgr4DRYjQ,1
UCHbwIx9pmQuf7i-4_xO2EpA,UCdFlugHJJa4l3YqWuNRmvXw,1
UCHbwIx9pmQuf7i-4_xO2EpA,UCe8JZoYkX5oKUZyivHYdXhw,1
UCHbwIx9pmQuf7i-4_xO2EpA,UCeDNEtI8_a42bZ47wJiJMwQ,1
UCHbwIx9pmQuf7i-4_xO2EpA,UCgJNFj5dnxXpcMvmuhZDPxA,1
UCHbwIx9pmQuf7i-4_xO2EpA,UCgQw_Sbq3ugruDUKsq1e0-A,1
UCHbwIx9pmQuf7i-4_xO2EpA,UCiC-Jn7wdgyQV4_Urk0DkWQ,1
UCHbwIx9pmQuf7i-4_xO2EpA,UCkVtmkK07b2zaVVNssX4lOg,1
UCHbwIx9pmQuf7i-4_xO2EpA,UCkbsS_3D-pvg1iHOld9uvIg,1
UCHbwIx9pmQuf7i-4_xO2EpA,UClhMWQ7XKWywYvbRnuf8QsA,1
UCHbwIx9pmQuf7i-4_xO2EpA,UClqA491Xa5fQcXcJJa-vTWw,1
UCHbwIx9pmQuf7i-4_xO2EpA,UColMq7LmaoY3MT6aIDGrGvA,1
UCHbwIx9pmQuf7i-4_xO2EpA,UCpe5jW3MIqkgTJ-PgkzvM6Q,1
UCHbwIx9pmQuf7i-4_xO2EpA,UCpsKOkt5iWTbenzeuq7dsmQ,1
UCHbwIx9pmQuf7i-4_xO2EpA,UCqCrvuoJpC-aVb0f4logQRQ,1
UCHbwIx9pmQuf7i-4_xO2EpA,UCsGoJEvb-cFPZ2rWoJcXzEQ,1
UCHbwIx9pmQuf7i-4_xO2EpA,UCu8_3-Wg-YzNyvHYQDEscfw,1
UCHbwIx9pmQuf7i-4_xO2EpA,UCuXmOjxC-htcprLgeVXz6Tg,1
UCHbwIx9pmQuf7i-4_xO2EpA,UCwgCc9Jd_gG-uLE_SY-FfPg,1
UCHbwIx9pmQuf7i-4_xO2EpA,UCwjUvRseNtJoItylIyIez7Q,1
UCHbwIx9pmQuf7i-4_xO2EpA,UCylqlpsh8ENNM1LqgQ1KbxA,1
UCNpt5CQlTzNjlAKY6CJtClQ,UCOcUI5XkTYNMSFhZNMIPpGg,1
UCNpt5CQlTzNjlAKY6CJtClQ,UCQqlPPUGqAfWjd-FSh_qn7Q,1
UCNpt5CQlTzNjlAKY6CJtClQ,UCQyOePccUP-fIJYzchAgZYw,1
UCNpt5CQlTzNjlAKY6CJtClQ,UCRAquv8el-tQ30bN7MlmySQ,1
UCNpt5CQlTzNjlAKY6CJtClQ,UCRvPToDkkumha7WJAfCDk1A,1
UCNpt5CQlTzNjlAKY6CJtClQ,UCUoYsrx1oZnCZ0usbBJn4fA,1
UCNpt5CQlTzNjlAKY6CJtClQ,UCV0lM03g5fg5pbPj97-sAtA,1
UCNpt5CQlTzNjlAKY6CJtClQ,UCW-JC6lebVmf2P1dmY_L94g,1
UCNpt5CQlTzNjlAKY6CJtClQ,UCW80DaMjQlEUibC98Cot-Dg,1
UCNpt5CQlTzNjlAKY6CJtClQ,UCWoAVGVqCn4xtINCMOTM4jg,1
UCNpt5CQlTzNjlAKY6CJtClQ,UCZeIIQrGAedW8tCbKWmGY-A,1
UCNpt5CQlTzNjlAKY6CJtClQ,UC_LYoGs5C3mbZKZuKuqYCvw,1
UCNpt5CQlTzNjlAKY6CJtClQ,UCaKAjTW9MVub_clgr4DRYjQ,1
UCNpt5CQlTzNjlAKY6CJtClQ,UCdFlugHJJa4l3YqWuNRmvXw,1
UCNpt5CQlTzNjlAKY6CJtClQ,UCe8JZoYkX5oKUZyivHYdXhw,1
UCNpt5CQlTzNjlAKY6CJtClQ,UCeDNEtI8_a42bZ47wJiJMwQ,1
UCNpt5CQlTzNjlAKY6CJtClQ,UCgJNFj5dnxXpcMvmuhZDPxA,1
UCNpt5CQlTzNjlAKY6CJtClQ,UCgQw_Sbq3ugruDUKsq1e0-A,1
UCNpt5CQlTzNjlAKY6CJtClQ,UCiC-Jn7wdgyQV4_Urk0DkWQ,1
UCNpt5CQlTzNjlAKY6CJtClQ,UCkVtmkK07b2zaVVNssX4lOg,1
UCNpt5CQlTzNjlAKY6CJtClQ,UCkbsS_3D-pvg1iHOld9uvIg,1
UCNpt5CQlTzNjlAKY6CJtClQ,UClhMWQ7XKWywYvbRnuf8QsA,1
UCNpt5CQlTzNjlAKY6CJtClQ,UClqA491Xa5fQcXcJJa-vTWw,1
UCNpt5CQlTzNjlAKY6CJtClQ,UColMq7LmaoY3MT6aIDGrGvA,1
UCNpt5CQlTzNjlAKY6CJtClQ,UCpe5jW3MIqkgTJ-PgkzvM6Q,1
UCNpt5CQlTzNjlAKY6CJtClQ,UCpsKOkt5iWTbenzeuq7dsmQ,1
UCNpt5CQlTzNjlAKY6CJtClQ,UCqCrvuoJpC-aVb0f4logQRQ,1
UCNpt5CQlTzNjlAKY6CJtClQ,UCsGoJEvb-cFPZ2rWoJcXzEQ,1
UCNpt5CQlTzNjlAKY6CJtClQ,UCu8_3-Wg-YzNyvHYQDEscfw,1
UCNpt5CQlTzNjlAKY6CJtClQ,UCuXmOjxC-htcprLgeVXz6Tg,1
UCNpt5CQlTzNjlAKY6CJtClQ,UCwgCc9Jd_gG-uLE_SY-FfPg,1
UCNpt5CQlTzNjlAKY6CJtClQ,UCwjUvRseNtJoItylIyIez7Q,1
UCNpt5CQlTzNjlAKY6CJtClQ,UCylqlpsh8ENNM1LqgQ1KbxA,1
UCOcUI5XkTYNMSFhZNMIPpGg,UCQqlPPUGqAfWjd-FSh_qn7Q,1
UCOcUI5XkTYNMSFhZNMIPpGg,UCQyOePccUP-fIJYzchAgZYw,1
UCOcUI5XkTYNMSFhZNMIPpGg,UCRAquv8el-tQ30bN7MlmySQ,1
UCOcUI5XkTYNMSFhZNMIPpGg,UCRvPToDkkumha7WJAfCDk1A,1
UCOcUI5XkTYNMSFhZNMIPpGg,UCUoYsrx1oZnCZ0usbBJn4fA,1
UCOcUI5XkTYNMSFhZNMIPpGg,UCV0lM03g5fg5pbPj97-sAtA,1
UCOcUI5XkTYNMSFhZNMIPpGg,UCW-JC6lebVmf2P1dmY_L94g,1
UCOcUI5XkTYNMSFhZNMIPpGg,UCW80DaMjQlEUibC98Cot-Dg,1
UCOcUI5XkTYNMSFhZNMIPpGg,UCWoAVGVqCn4xtINCMOTM4jg,1
UCOcUI5XkTYNMSFhZNMIPpGg,UCZeIIQrGAedW8tCbKWmGY-A,1
UCOcUI5XkTYNMSFhZNMIPpGg,UC_LYoGs5C3mbZKZuKuqYCvw,1
UCOcUI5XkTYNMSFhZNMIPpGg,UCaKAjTW9MVub_clgr4DRYjQ,1
UCOcUI5XkTYNMSFhZNMIPpGg,UCdFlugHJJa4l3YqWuNRmvXw,1
UCOcUI5XkTYNMSFhZNMIPpGg,UCe8JZoYkX5oKUZyivHYdXhw,1
UCOcUI5XkTYNMSFhZNMIPpGg,UCeDNEtI8_a42bZ47wJiJMwQ,1
UCOcUI5XkTYNMSFhZNMIPpGg,UCgJNFj5dnxXpcMvmuhZDPxA,1
UCOcUI5XkTYNMSFhZNMIPpGg,UCgQw_Sbq3ugruDUKsq1e0-A,1
UCOcUI5XkTYNMSFhZNMIPpGg,UCiC-Jn7wdgyQV4_Urk0DkWQ,1
UCOcUI5XkTYNMSFhZNMIPpGg,UCkVtmkK07b2zaVVNssX4lOg,1
UCOcUI5XkTYNMSFhZNMIPpGg,UCkbsS_3D-pvg1iHOld9uvIg,1
UCOcUI5XkTYNMSFhZNMIPpGg,UClhMWQ7XKWywYvbRnuf8QsA,1
UCOcUI5XkTYNMSFhZNMIPpGg,UClqA491Xa5fQcXcJJa-vTWw,1
UCOcUI5XkTYNMSFhZNMIPpGg,UColMq7LmaoY3MT6aIDGrGvA,1
UCOcUI5XkTYNMSFhZNMIPpGg,UCpe5jW3MIqkgTJ-PgkzvM6Q,1
UCOcUI5XkTYNMSFhZNMIPpGg,UCpsKOkt5iWTbenzeuq7dsmQ,1
UCOcUI5XkTYNMSFhZNMIPpGg,UCqCrvuoJpC-aVb0f4logQRQ,1
UCOcUI5XkTYNMSFhZNMIPpGg,UCsGoJEvb-cFPZ2rWoJcXzEQ,1
UCOcUI5XkTYNMSFhZNMIPpGg,UCu8_3-Wg-YzNyvHYQDEscfw,1
UCOcUI5XkTYNMSFhZNMIPpGg,UCuXmOjxC-htcprLgeVXz6Tg,1
UCOcUI5XkTYNMSFhZNMIPpGg,UCwgCc9Jd_gG-uLE_SY-FfPg,1
UCOcUI5XkTYNMSFhZNMIPpGg,UCwjUvRseNtJoItylIyIez7Q,1
UCOcUI5XkTYNMSFhZNMIPpGg,UCylqlpsh8ENNM1LqgQ1KbxA,1
UCQqlPPUGqAfWjd-FSh_qn7Q,UCQyOePccUP-fIJYzchAgZYw,1
UCQqlPPUGqAfWjd-FSh_qn7Q,UCRAquv8el-tQ30bN7MlmySQ,1
UCQqlPPUGqAfWjd-FSh_qn7Q,UCRvPToDkkumha7WJAfCDk1A,1
UCQqlPPUGqAfWjd-FSh_qn7Q,UCUoYsrx1oZnCZ0usbBJn4fA,1
UCQqlPPUGqAfWjd-FSh_qn7Q,UCV0lM03g5fg5pbPj97-sAtA,1
UCQqlPPUGqAfWjd-FSh_qn7Q,UCW-JC6lebVmf2P1dmY_L94g,1
UCQqlPPUGqAfWjd-FSh_qn7Q,UCW80DaMjQlEUibC98Cot-Dg,1
UCQqlPPUGqAfWjd-FSh_qn7Q,UCWoAVGVqCn4xtINCMOTM4jg,1
UCQqlPPUGqAfWjd-FSh_qn7Q,UCZeIIQrGAedW8tCbKWmGY-A,1
UCQqlPPUGqAfWjd-FSh_qn7Q,UC_LYoGs5C3mbZKZuKuqYCvw,1
UCQqlPPUGqAfWjd-FSh_qn7Q,UCaKAjTW9MVub_clgr4DRYjQ,1
UCQqlPPUGqAfWjd-FSh_qn7Q,UCdFlugHJJa4l3YqWuNRmvXw,1
UCQqlPPUGqAfWjd-FSh_qn7Q,UCe8JZoYkX5oKUZyivHYdXhw,1
UCQqlPPUGqAfWjd-FSh_qn7Q,UCeDNEtI8_a42bZ47wJiJMwQ,1
UCQqlPPUGqAfWjd-FSh_qn7Q,UCgJNFj5dnxXpcMvmuhZDPxA,1
UCQqlPPUGqAfWjd-FSh_qn7Q,UCgQw_Sbq3ugruDUKsq1e0-A,1
UCQqlPPUGqAfWjd-FSh_qn7Q,UCiC-Jn7wdgyQV4_Urk0DkWQ,1
UCQqlPPUGqAfWjd-FSh_qn7Q,UCkVtmkK07b2zaVVNssX4lOg,1
UCQqlPPUGqAfWjd-FSh_qn7Q,UCkbsS_3D-pvg1iHOld9uvIg,1
UCQqlPPUGqAfWjd-FSh_qn7Q,UClhMWQ7XKWywYvbRnuf8QsA,1
UCQqlPPUGqAfWjd-FSh_qn7Q,UClqA491Xa5fQcXcJJa-vTWw,1
UCQqlPPUGqAfWjd-FSh_qn7Q,UColMq7LmaoY3MT6aIDGrGvA,1
UCQqlPPUGqAfWjd-FSh_qn7Q,UCpe5jW3MIqkgTJ-PgkzvM6Q,1
UCQqlPPUGqAfWjd-FSh_qn7Q,UCpsKOkt5iWTbenzeuq7dsmQ,1
UCQqlPPUGqAfWjd-FSh_qn7Q,UCqCrvuoJpC-aVb0f4logQRQ,1
UCQqlPPUGqAfWjd-FSh_qn7Q,UCsGoJEvb-cFPZ2rWoJcXzEQ,1
UCQqlPPUGqAfWjd-FSh_qn7Q,UCu8_3-Wg-YzNyvHYQDEscfw,1
UCQqlPPUGqAfWjd-FSh_qn7Q,UCuXmOjxC-htcprLgeVXz6Tg,1
UCQqlPPUGqAfWjd-FSh_qn7Q,UCwgCc9Jd_gG-uLE_SY-FfPg,1
UCQqlPPUGqAfWjd-FSh_qn7Q,UCwjUvRseNtJoItylIyIez7Q,1
UCQqlPPUGqAfWjd-FSh_qn7Q,UCylqlpsh8ENNM1LqgQ1KbxA,1
UCQyOePccUP-fIJYzchAgZYw,UCRAquv8el-tQ30bN7MlmySQ,1
UCQyOePccUP-fIJYzchAgZYw,UCRvPToDkkumha7WJAfCDk1A,1
UCQyOePccUP-fIJYzchAgZYw,UCUoYsrx1oZnCZ0usbBJn4fA,1
UCQyOePccUP-fIJYzchAgZYw,UCV0lM03g5fg5pbPj97-sAtA,1
UCQyOePccUP-fIJYzchAgZYw,UCW-JC6lebVmf2P1dmY_L94g,1
UCQyOePccUP-fIJYzchAgZYw,UCW80DaMjQlEUibC98Cot-Dg,1
UCQyOePccUP-fIJYzchAgZYw,UCWoAVGVqCn4xtINCMOTM4jg,1
UCQyOePccUP-fIJYzchAgZYw,UCZeIIQrGAedW8tCbKWmGY-A,1
UCQyOePccUP-fIJYzchAgZYw,UC_LYoGs5C3mbZKZuKuqYCvw,1
UCQyOePccUP-fIJYzchAgZYw,UCaKAjTW9MVub_clgr4DRYjQ,1
UCQyOePccUP-fIJYzchAgZYw,UCdFlugHJJa4l3YqWuNRmvXw,1
UCQyOePccUP-fIJYzchAgZYw,UCe8JZoYkX5oKUZyivHYdXhw,1
UCQyOePccUP-fIJYzchAgZYw,UCeDNEtI8_a42bZ47wJiJMwQ,1
UCQyOePccUP-fIJYzchAgZYw,UCgJNFj5dnxXpcMvmuhZDPxA,1
UCQyOePccUP-fIJYzchAgZYw,UCgQw_Sbq3ugruDUKsq1e0-A,1
UCQyOePccUP-fIJYzchAgZYw,UCiC-Jn7wdgyQV4_Urk0DkWQ,1
UCQyOePccUP-fIJYzchAgZYw,UCkVtmkK07b2zaVVNssX4lOg,1
UCQyOePccUP-fIJYzchAgZYw,UCkbsS_3D-pvg1iHOld9uvIg,1
UCQyOePccUP-fIJYzchAgZYw,UClhMWQ7XKWywYvbRnuf8QsA,1
UCQyOePccUP-fIJYzchAgZYw,UClqA491Xa5fQcXcJJa-vTWw,1
UCQyOePccUP-fIJYzchAgZYw,UColMq7LmaoY3MT6aIDGrGvA,1
UCQyOePccUP-fIJYzchAgZYw,UCpe5jW3MIqkgTJ-PgkzvM6Q,1
UCQyOePccUP-fIJYzchAgZYw,UCpsKOkt5iWTbenzeuq7dsmQ,1
UCQyOePccUP-fIJYzchAgZYw,UCqCrvuoJpC-aVb0f4logQRQ,1
UCQyOePccUP-fIJYzchAgZYw,UCsGoJEvb-cFPZ2rWoJcXzEQ,1
UCQyOePccUP-fIJYzchAgZYw,UCu8_3-Wg-YzNyvHYQDEscfw,1
UCQyOePccUP-fIJYzchAgZYw,UCuXmOjxC-htcprLgeVXz6Tg,1
UCQyOePccUP-fIJYzchAgZYw,UCwgCc9Jd_gG-uLE_SY-FfPg,1
UCQyOePccUP-fIJYzchAgZYw,UCwjUvRseNtJoItylIyIez7Q,1
UCQyOePccUP-fIJYzchAgZYw,UCylqlpsh8ENNM1LqgQ1KbxA,1
UCRAquv8el-tQ30bN7MlmySQ,UCRvPToDkkumha7WJAfCDk1A,1
UCRAquv8el-tQ30bN7MlmySQ,UCUoYsrx1oZnCZ0usbBJn4fA,1
UCRAquv8el-tQ30bN7MlmySQ,UCV0lM03g5fg5pbPj97-sAtA,1
UCRAquv8el-tQ30bN7MlmySQ,UCW-JC6lebVmf2P1dmY_L94g,1
UCRAquv8el-tQ30bN7MlmySQ,UCW80DaMjQlEUibC98Cot-Dg,1
UCRAquv8el-tQ30bN7MlmySQ,UCWoAVGVqCn4xtINCMOTM4jg,1
UCRAquv8el-tQ30bN7MlmySQ,UCZeIIQrGAedW8tCbKWmGY-A,1
UCRAquv8el-tQ30bN7MlmySQ,UC_LYoGs5C3mbZKZuKuqYCvw,1
UCRAquv8el-tQ30bN7MlmySQ,UCaKAjTW9MVub_clgr4DRYjQ,1
UCRAquv8el-tQ30bN7MlmySQ,UCdFlugHJJa4l3YqWuNRmvXw,1
UCRAquv8el-tQ30bN7MlmySQ,UCe8JZoYkX5oKUZyivHYdXhw,1
UCRAquv8el-tQ30bN7MlmySQ,UCeDNEtI8_a42bZ47wJiJMwQ,1
UCRAquv8el-tQ30bN7MlmySQ,UCgJNFj5dnxXpcMvmuhZDPxA,1
UCRAquv8el-tQ30bN7MlmySQ,UCgQw_Sbq3ugruDUKsq1e0-A,1
UCRAquv8el-tQ30bN7MlmySQ,UCiC-Jn7wdgyQV4_Urk0DkWQ,1
UCRAquv8el-tQ30bN7MlmySQ,UCkVtmkK07b2zaVVNssX4lOg,1
UCRAquv8el-tQ30bN7MlmySQ,UCkbsS_3D-pvg1iHOld9uvIg,1
UCRAquv8el-tQ30bN7MlmySQ,UClhMWQ7XKWywYvbRnuf8QsA,1
UCRAquv8el-tQ30bN7MlmySQ,UClqA491Xa5fQcXcJJa-vTWw,1
UCRAquv8el-tQ30bN7MlmySQ,UColMq7LmaoY3MT6aIDGrGvA,1
UCRAquv8el-tQ30bN7MlmySQ,UCpe5jW3MIqkgTJ-PgkzvM6Q,1
UCRAquv8el-tQ30bN7MlmySQ,UCpsKOkt5iWTbenzeuq7dsmQ,1
UCRAquv8el-tQ30bN7MlmySQ,UCqCrvuoJpC-aVb0f4logQRQ,1
UCRAquv8el-tQ30bN7MlmySQ,UCsGoJEvb-cFPZ2rWoJcXzEQ,1
UCRAquv8el-tQ30bN7MlmySQ,UCu8_3-Wg-YzNyvHYQDEscfw,1
UCRAquv8el-tQ30bN7MlmySQ,UCuXmOjxC-htcprLgeVXz6Tg,1
UCRAquv8el-tQ30bN7MlmySQ,UCwgCc9Jd_gG-uLE_SY-FfPg,1
UCRAquv8el-tQ30bN7MlmySQ,UCwjUvRseNtJoItylIyIez7Q,1
UCRAquv8el-tQ30bN7MlmySQ,UCylqlpsh8ENNM1LqgQ1KbxA,1
UCRvPToDkkumha7WJAfCDk1A,UCUoYsrx1oZnCZ0usbBJn4fA,1
UCRvPToDkkumha7WJAfCDk1A,UCV0lM03g5fg5pbPj97-sAtA,1
UCRvPToDkkumha7WJAfCDk1A,UCW-JC6lebVmf2P1dmY_L94g,1
UCRvPToDkkumha7WJAfCDk1A,UCW80DaMjQlEUibC98Cot-Dg,1
UCRvPToDkkumha7WJAfCDk1A,UCWoAVGVqCn4xtINCMOTM4jg,1
UCRvPToDkkumha7WJAfCDk1A,UCZeIIQrGAedW8tCbKWmGY-A,1
UCRvPToDkkumha7WJAfCDk1A,UC_LYoGs5C3mbZKZuKuqYCvw,1
UCRvPToDkkumha7WJAfCDk1A,UCaKAjTW9MVub_clgr4DRYjQ,1
UCRvPToDkkumha7WJAfCDk1A,UCdFlugHJJa4l3YqWuNRmvXw,1
UCRvPToDkkumha7WJAfCDk1A,UCe8JZoYkX5oKUZyivHYdXhw,1
UCRvPToDkkumha7WJAfCDk1A,UCeDNEtI8_a42bZ47wJiJMwQ,1
UCRvPToDkkumha7WJAfCDk1A,UCgJNFj5dnxXpcMvmuhZDPxA,1
UCRvPToDkkumha7WJAfCDk1A,UCgQw_Sbq3ugruDUKsq1e0-A,1
UCRvPToDkkumha7WJAfCDk1A,UCiC-Jn7wdgyQV4_Urk0DkWQ,1
UCRvPToDkkumha7WJAfCDk1A,UCkVtmkK07b2zaVVNssX4lOg,1
UCRvPToDkkumha7WJAfCDk1A,UCkbsS_3D-pvg1iHOld9uvIg,1
UCRvPToDkkumha7WJAfCDk1A,UClhMWQ7XKWywYvbRnuf8QsA,1
UCRvPToDkkumha7WJAfCDk1A,UClqA491Xa5fQcXcJJa-vTWw,1
UCRvPToDkkumha7WJAfCDk1A,UColMq7LmaoY3MT6aIDGrGvA,1
UCRvPToDkkumha7WJAfCDk1A,UCpe5jW3MIqkgTJ-PgkzvM6Q,1
UCRvPToDkkumha7WJAfCDk1A,UCpsKOkt5iWTbenzeuq7dsmQ,1
UCRvPToDkkumha7WJAfCDk1A,UCqCrvuoJpC-aVb0f4logQRQ,1
UCRvPToDkkumha7WJAfCDk1A,UCsGoJEvb-cFPZ2rWoJcXzEQ,1
UCRvPToDkkumha7WJAfCDk1A,UCu8_3-Wg-YzNyvHYQDEscfw,1
UCRvPToDkkumha7WJAfCDk1A,UCuXmOjxC-htcprLgeVXz6Tg,1
UCRvPToDkkumha7WJAfCDk1A,UCwgCc9Jd_gG-uLE_SY-FfPg,1
UCRvPToDkkumha7WJAfCDk1A,UCwjUvRseNtJoItylIyIez7Q,1
UCRvPToDkkumha7WJAfCDk1A,UCylqlpsh8ENNM1LqgQ1KbxA,1
UCUoYsrx1oZnCZ0usbBJn4fA,UCV0lM03g5fg5pbPj97-sAtA,1
UCUoYsrx1oZnCZ0usbBJn4fA,UCW-JC6lebVmf2P1dmY_L94g,1
UCUoYsrx1oZnCZ0usbBJn4fA,UCW80DaMjQlEUibC98Cot-Dg,1
UCUoYsrx1oZnCZ0usbBJn4fA,UCWoAVGVqCn4xtINCMOTM4jg,1
UCUoYsrx1oZnCZ0usbBJn4fA,UCZeIIQrGAedW8tCbKWmGY-A,1
UCUoYsrx1oZnCZ0usbBJn4fA,UC_LYoGs5C3mbZKZuKuqYCvw,1
UCUoYsrx1oZnCZ0usbBJn4fA,UCaKAjTW9MVub_clgr4DRYjQ,1
UCUoYsrx1oZnCZ0usbBJn4fA,UCdFlugHJJa4l3YqWuNRmvXw,1
UCUoYsrx1oZnCZ0usbBJn4fA,UCe8JZoYkX5oKUZyivHYdXhw,1
UCUoYsrx1oZnCZ0usbBJn4fA,UCeDNEtI8_a42bZ47wJiJMwQ,1
UCUoYsrx1oZnCZ0usbBJn4fA,UCgJNFj5dnxXpcMvmuhZDPxA,1
UCUoYsrx1oZnCZ0usbBJn4fA,UCgQw_Sbq3ugruDUKsq1e0-A,1
UCUoYsrx1oZnCZ0usbBJn4fA,UCiC-Jn7wdgyQV4_Urk0DkWQ,1
UCUoYsrx1oZnCZ0usbBJn4fA,UCkVtmkK07b2zaVVNssX4lOg,1
UCUoYsrx1oZnCZ0usbBJn4fA,UCkbsS_3D-pvg1iHOld9uvIg,1
UCUoYsrx1oZnCZ0usbBJn4fA,UClhMWQ7XKWywYvbRnuf8QsA,1
UCUoYsrx1oZnCZ0usbBJn4fA,UClqA491Xa5fQcXcJJa-vTWw,1
UCUoYsrx1oZnCZ0usbBJn4fA,UColMq7LmaoY3MT6aIDGrGvA,1
UCUoYsrx1oZnCZ0usbBJn4fA,UCpe5jW3MIqkgTJ-PgkzvM6Q,1
UCUoYsrx1oZnCZ0usbBJn4fA,UCpsKOkt5iWTbenzeuq7dsmQ,1
UCUoYsrx1oZnCZ0usbBJn4fA,UCqCrvuoJpC-aVb0f4logQRQ,1
UCUoYsrx1oZnCZ0usbBJn4fA,UCsGoJEvb-cFPZ2rWoJcXzEQ,1
UCUoYsrx1oZnCZ0usbBJn4fA,UCu8_3-Wg-YzNyvHYQDEscfw,1
UCUoYsrx1oZnCZ0usbBJn4fA,UCuXmOjxC-htcprLgeVXz6Tg,1
UCUoYsrx1oZnCZ0usbBJn4fA,UCwgCc9Jd_gG-uLE_SY-FfPg,1
UCUoYsrx1oZnCZ0usbBJn4fA,UCwjUvRseNtJoItylIyIez7Q,1
UCUoYsrx1oZnCZ0usbBJn4fA,UCylqlpsh8ENNM1LqgQ1KbxA,1
UCV0lM03g5fg5pbPj97-sAtA,UCW-JC6lebVmf2P1dmY_L94g,1
UCV0lM03g5fg5pbPj97-sAtA,UCW80DaMjQlEUibC98Cot-Dg,1
UCV0lM03g5fg5pbPj97-sAtA,UCWoAVGVqCn4xtINCMOTM4jg,1
UCV0lM03g5fg5pbPj97-sAtA,UCZeIIQrGAedW8tCbKWmGY-A,1
UCV0lM03g5fg5pbPj97-sAtA,UC_LYoGs5C3mbZKZuKuqYCvw,1
UCV0lM03g5fg5pbPj97-sAtA,UCaKAjTW9MVub_clgr4DRYjQ,1
UCV0lM03g5fg5pbPj97-sAtA,UCdFlugHJJa4l3YqWuNRmvXw,1
UCV0lM03g5fg5pbPj97-sAtA,UCe8JZoYkX5oKUZyivHYdXhw,1
UCV0lM03g5fg5pbPj97-sAtA,UCeDNEtI8_a42bZ47wJiJMwQ,1
UCV0lM03g5fg5pbPj97-sAtA,UCgJNFj5dnxXpcMvmuhZDPxA,1
UCV0lM03g5fg5pbPj97-sAtA,UCgQw_Sbq3ugruDUKsq1e0-A,1
UCV0lM03g5fg5pbPj97-sAtA,UCiC-Jn7wdgyQV4_Urk0DkWQ,1
UCV0lM03g5fg5pbPj97-sAtA,UCkVtmkK07b2zaVVNssX4lOg,1
UCV0lM03g5fg5pbPj97-sAtA,UCkbsS_3D-pvg1iHOld9uvIg,1
UCV0lM03g5fg5pbPj97-sAtA,UClhMWQ7XKWywYvbRnuf8QsA,1
UCV0lM03g5fg5pbPj97-sAtA,UClqA491Xa5fQcXcJJa-vTWw,1
UCV0lM03g5fg5pbPj97-sAtA,UColMq7LmaoY3MT6aIDGrGvA,1
UCV0lM03g5fg5pbPj97-sAtA,UCpe5jW3MIqkgTJ-PgkzvM6Q,1
UCV0lM03g5fg5pbPj97-sAtA,UCpsKOkt5iWTbenzeuq7dsmQ,1
UCV0lM03g5fg5pbPj97-sAtA,UCqCrvuoJpC-aVb0f4logQRQ,1
UCV0lM03g5fg5pbPj97-sAtA,UCsGoJEvb-cFPZ2rWoJcXzEQ,1
UCV0lM03g5fg5pbPj97-sAtA,UCu8_3-Wg-YzNyvHYQDEscfw,1
UCV0lM03g5fg5pbPj97-sAtA,UCuXmOjxC-htcprLgeVXz6Tg,1
UCV0lM03g5fg5pbPj97-sAtA,UCwgCc9Jd_gG-uLE_SY-FfPg,1
UCV0lM03g5fg5pbPj97-sAtA,UCwjUvRseNtJoItylIyIez7Q,1
UCV0lM03g5fg5pbPj97-sAtA,UCylqlpsh8ENNM1LqgQ1KbxA,1
UCW-JC6lebVmf2P1dmY_L94g,UCW80DaMjQlEUibC98Cot-Dg,1
UCW-JC6lebVmf2P1dmY_L94g,UCWoAVGVqCn4xtINCMOTM4jg,1
UCW-JC6lebVmf2P1dmY_L94g,UCZeIIQrGAedW8tCbKWmGY-A,1
UCW-JC6lebVmf2P1dmY_L94g,UC_LYoGs5C3mbZKZuKuqYCvw,1
UCW-JC6lebVmf2P1dmY_L94g,UCaKAjTW9MVub_clgr4DRYjQ,1
UCW-JC6lebVmf2P1dmY_L94g,UCdFlugHJJa4l3YqWuNRmvXw,1
UCW-JC6lebVmf2P1dmY_L94g,UCe8JZoYkX5oKUZyivHYdXhw,1
UCW-JC6lebVmf2P1dmY_L94g,UCeDNEtI8_a42bZ47wJiJMwQ,1
UCW-JC6lebVmf2P1dmY_L94g,UCgJNFj5dnxXpcMvmuhZDPxA,1
UCW-JC6lebVmf2P1dmY_L94g,UCgQw_Sbq3ugruDUKsq1e0-A,1
UCW-JC6lebVmf2P1dmY_L94g,UCiC-Jn7wdgyQV4_Urk0DkWQ,1
UCW-JC6lebVmf2P1dmY_L94g,UCkVtmkK07b2zaVVNssX4lOg,1
UCW-JC6lebVmf2P1dmY_L94g,UCkbsS_3D-pvg1iHOld9uvIg,1
UCW-JC6lebVmf2P1dmY_L94g,UClhMWQ7XKWywYvbRnuf8QsA,1
UCW-JC6lebVmf2P1dmY_L94g,UClqA491Xa5fQcXcJJa-vTWw,1
UCW-JC6lebVmf2P1dmY_L94g,UColMq7LmaoY3MT6aIDGrGvA,1
UCW-JC6lebVmf2P1dmY_L94g,UCpe5jW3MIqkgTJ-PgkzvM6Q,1
UCW-JC6lebVmf2P1dmY_L94g,UCpsKOkt5iWTbenzeuq7dsmQ,1
UCW-JC6lebVmf2P1dmY_L94g,UCqCrvuoJpC-aVb0f4logQRQ,1
UCW-JC6lebVmf2P1dmY_L94g,UCsGoJEvb-cFPZ2rWoJcXzEQ,1
UCW-JC6lebVmf2P1dmY_L94g,UCu8_3-Wg-YzNyvHYQDEscfw,1
UCW-JC6lebVmf2P1dmY_L94g,UCuXmOjxC-htcprLgeVXz6Tg,1
UCW-JC6lebVmf2P1dmY_L94g,UCwgCc9Jd_gG-uLE_SY-FfPg,1
UCW-JC6lebVmf2P1dmY_L94g,UCwjUvRseNtJoItylIyIez7Q,1
UCW-JC6lebVmf2P1dmY_L94g,UCylqlpsh8ENNM1LqgQ1KbxA,1
UCW80DaMjQlEUibC98Cot-Dg,UCWoAVGVqCn4xtINCMOTM4jg,1
UCW80DaMjQlEUibC98Cot-Dg,UCZeIIQrGAedW8tCbKWmGY-A,1
UCW80DaMjQlEUibC98Cot-Dg,UC_LYoGs5C3mbZKZuKuqYCvw,1
UCW80DaMjQlEUibC98Cot-Dg,UCaKAjTW9MVub_clgr4DRYjQ,1
UCW80DaMjQlEUibC98Cot-Dg,UCdFlugHJJa4l3YqWuNRmvXw,1
UCW80DaMjQlEUibC98Cot-Dg,UCe8JZoYkX5oKUZyivHYdXhw,1
UCW80DaMjQlEUibC98Cot-Dg,UCeDNEtI8_a42bZ47wJiJMwQ,1
UCW80DaMjQlEUibC98Cot-Dg,UCgJNFj5dnxXpcMvmuhZDPxA,1
UCW80DaMjQlEUibC98Cot-Dg,UCgQw_Sbq3ugruDUKsq1e0-A,1
UCW80DaMjQlEUibC98Cot-Dg,UCiC-Jn7wdgyQV4_Urk0DkWQ,1
UCW80DaMjQlEUibC98Cot-Dg,UCkVtmkK07b2zaVVNssX4lOg,1
UCW80DaMjQlEUibC98Cot-Dg,UCkbsS_3D-pvg1iHOld9uvIg,1
UCW80DaMjQlEUibC98Cot-Dg,UClhMWQ7XKWywYvbRnuf8QsA,1
UCW80DaMjQlEUibC98Cot-Dg,UClqA491Xa5fQcXcJJa-vTWw,1
UCW80DaMjQlEUibC98Cot-Dg,UColMq7LmaoY3MT6aIDGrGvA,1
UCW80DaMjQlEUibC98Cot-Dg,UCpe5jW3MIqkgTJ-PgkzvM6Q,1
UCW80DaMjQlEUibC98Cot-Dg,UCpsKOkt5iWTbenzeuq7dsmQ,1
UCW80DaMjQlEUibC98Cot-Dg,UCqCrvuoJpC-aVb0f4logQRQ,1
UCW80DaMjQlEUibC98Cot-Dg,UCsGoJEvb-cFPZ2rWoJcXzEQ,1
UCW80DaMjQlEUibC98Cot-Dg,UCu8_3-Wg-YzNyvHYQDEscfw,1
UCW80DaMjQlEUibC98Cot-Dg,UCuXmOjxC-htcprLgeVXz6Tg,1
UCW80DaMjQlEUibC98Cot-Dg,UCwgCc9Jd_gG-uLE_SY-FfPg,1
UCW80DaMjQlEUibC98Cot-Dg,UCwjUvRseNtJoItylIyIez7Q,1
UCW80DaMjQlEUibC98Cot-Dg,UCylqlpsh8ENNM1LqgQ1KbxA,1
UCWoAVGVqCn4xtINCMOTM4jg,UCZeIIQrGAedW8tCbKWmGY-A,1
UCWoAVGVqCn4xtINCMOTM4jg,UC_LYoGs5C3mbZKZuKuqYCvw,1
UCWoAVGVqCn4xtINCMOTM4jg,UCaKAjTW9MVub_clgr4DRYjQ,1
UCWoAVGVqCn4xtINCMOTM4jg,UCdFlugHJJa4l3YqWuNRmvXw,1
UCWoAVGVqCn4xtINCMOTM4jg,UCe8JZoYkX5oKUZyivHYdXhw,1
UCWoAVGVqCn4xtINCMOTM4jg,UCeDNEtI8_a42bZ47wJiJMwQ,1
UCWoAVGVqCn4xtINCMOTM4jg,UCgJNFj5dnxXpcMvmuhZDPxA,1
UCWoAVGVqCn4xtINCMOTM4jg,UCgQw_Sbq3ugruDUKsq1e0-A,1
UCWoAVGVqCn4xtINCMOTM4jg,UCiC-Jn7wdgyQV4_Urk0DkWQ,1
UCWoAVGVqCn4xtINCMOTM4jg,UCkVtmkK07b2zaVVNssX4lOg,1
UCWoAVGVqCn4xtINCMOTM4jg,UCkbsS_3D-pvg1iHOld9uvIg,1
UCWoAVGVqCn4xtINCMOTM4jg,UClhMWQ7XKWywYvbRnuf8QsA,1
UCWoAVGVqCn4xtINCMOTM4jg,UClqA491Xa5fQcXcJJa-vTWw,1
UCWoAVGVqCn4xtINCMOTM4jg,UColMq7LmaoY3MT6aIDGrGvA,1
UCWoAVGVqCn4xtINCMOTM4jg,UCpe5jW3MIqkgTJ-PgkzvM6Q,1
UCWoAVGVqCn4xtINCMOTM4jg,UCpsKOkt5iWTbenzeuq7dsmQ,1
UCWoAVGVqCn4xtINCMOTM4jg,UCqCrvuoJpC-aVb0f4logQRQ,1
UCWoAVGVqCn4xtINCMOTM4jg,UCsGoJEvb-cFPZ2rWoJcXzEQ,1
UCWoAVGVqCn4xtINCMOTM4jg,UCu8_3-Wg-YzNyvHYQDEscfw,1
UCWoAVGVqCn4xtINCMOTM4jg,UCuXmOjxC-htcprLgeVXz6Tg,1
UCWoAVGVqCn4xtINCMOTM4jg,UCwgCc9Jd_gG-uLE_SY-FfPg,1
UCWoAVGVqCn4xtINCMOTM4jg,UCwjUvRseNtJoItylIyIez7Q,1
UCWoAVGVqCn4xtINCMOTM4jg,UCylqlpsh8ENNM1LqgQ1KbxA,1
UCZeIIQrGAedW8tCbKWmGY-A,UC_LYoGs5C3mbZKZuKuqYCvw,1
UCZeIIQrGAedW8tCbKWmGY-A,UCaKAjTW9MVub_clgr4DRYjQ,1
UCZeIIQrGAedW8tCbKWmGY-A,UCdFlugHJJa4l3YqWuNRmvXw,1
UCZeIIQrGAedW8tCbKWmGY-A,UCe8JZoYkX5oKUZyivHYdXhw,1
UCZeIIQrGAedW8tCbKWmGY-A,UCeDNEtI8_a42bZ47wJiJMwQ,1
UCZeIIQrGAedW8tCbKWmGY-A,UCgJNFj5dnxXpcMvmuhZDPxA,1
UCZeIIQrGAedW8tCbKWmGY-A,UCgQw_Sbq3ugruDUKsq1e0-A,1
UCZeIIQrGAedW8tCbKWmGY-A,UCiC-Jn7wdgyQV4_Urk0DkWQ,1
UCZeIIQrGAedW8tCbKWmGY-A,UCkVtmkK07b2zaVVNssX4lOg,1
UCZeIIQrGAedW8tCbKWmGY-A,UCkbsS_3D-pvg1iHOld9uvIg,1
UCZeIIQrGAedW8tCbKWmGY-A,UClhMWQ7XKWywYvbRnuf8QsA,1
UCZeIIQrGAedW8tCbKWmGY-A,UClqA491Xa5fQcXcJJa-vTWw,1
UCZeIIQrGAedW8tCbKWmGY-A,UColMq7LmaoY3MT6aIDGrGvA,1
UCZeIIQrGAedW8tCbKWmGY-A,UCpe5jW3MIqkgTJ-PgkzvM6Q,1
UCZeIIQrGAedW8tCbKWmGY-A,UCpsKOkt5iWTbenzeuq7dsmQ,1
UCZeIIQrGAedW8tCbKWmGY-A,UCqCrvuoJpC-aVb0f4logQRQ,1
UCZeIIQrGAedW8tCbKWmGY-A,UCsGoJEvb-cFPZ2rWoJcXzEQ,1
UCZeIIQrGAedW8tCbKWmGY-A,UCu8_3-Wg-YzNyvHYQDEscfw,1
UCZeIIQrGAedW8tCbKWmGY-A,UCuXmOjxC-htcprLgeVXz6Tg,1
UCZeIIQrGAedW8tCbKWmGY-A,UCwgCc9Jd_gG-uLE_SY-FfPg,1
UCZeIIQrGAedW8tCbKWmGY-A,UCwjUvRseNtJoItylIyIez7Q,1
UCZeIIQrGAedW8tCbKWmGY-A,UCylqlpsh8ENNM1LqgQ1KbxA,1
UC_LYoGs5C3mbZKZuKuqYCvw,UCaKAjTW9MVub_clgr4DRYjQ,1
UC_LYoGs5C3mbZKZuKuqYCvw,UCdFlugHJJa4l3YqWuNRmvXw,1
UC_LYoGs5C3mbZKZuKuqYCvw,UCe8JZoYkX5oKUZyivHYdXhw,1
UC_LYoGs5C3mbZKZuKuqYCvw,UCeDNEtI8_a42bZ47wJiJMwQ,1
UC_LYoGs5C3mbZKZuKuqYCvw,UCgJNFj5dnxXpcMvmuhZDPxA,1
UC_LYoGs5C3mbZKZuKuqYCvw,UCgQw_Sbq3ugruDUKsq1e0-A,1
UC_LYoGs5C3mbZKZuKuqYCvw,UCiC-Jn7wdgyQV4_Urk0DkWQ,1
UC_LYoGs5C3mbZKZuKuqYCvw,UCkVtmkK07b2zaVVNssX4lOg,1
UC_LYoGs5C3mbZKZuKuqYCvw,UCkbsS_3D-pvg1iHOld9uvIg,1
UC_LYoGs5C3mbZKZuKuqYCvw,UClhMWQ7XKWywYvbRnuf8QsA,1
UC_LYoGs5C3mbZKZuKuqYCvw,UClqA491Xa5fQcXcJJa-vTWw,1
UC_LYoGs5C3mbZKZuKuqYCvw,UColMq7LmaoY3MT6aIDGrGvA,1
UC_LYoGs5C3mbZKZuKuqYCvw,UCpe5jW3MIqkgTJ-PgkzvM6Q,1
UC_LYoGs5C3mbZKZuKuqYCvw,UCpsKOkt5iWTbenzeuq7dsmQ,1
UC_LYoGs5C3mbZKZuKuqYCvw,UCqCrvuoJpC-aVb0f4logQRQ,1
UC_LYoGs5C3mbZKZuKuqYCvw,UCsGoJEvb-cFPZ2rWoJcXzEQ,1
UC_LYoGs5C3mbZKZuKuqYCvw,UCu8_3-Wg-YzNyvHYQDEscfw,1
UC_LYoGs5C3mbZKZuKuqYCvw,UCuXmOjxC-htcprLgeVXz6Tg,1
UC_LYoGs5C3mbZKZuKuqYCvw,UCwgCc9Jd_gG-uLE_SY-FfPg,1
UC_LYoGs5C3mbZKZuKuqYCvw,UCwjUvRseNtJoItylIyIez7Q,1
UC_LYoGs5C3mbZKZuKuqYCvw,UCylqlpsh8ENNM1LqgQ1KbxA,1
UCaKAjTW9MVub_clgr4DRYjQ,UCdFlugHJJa4l3YqWuNRmvXw,1
UCaKAjTW9MVub_clgr4DRYjQ,UCe8JZoYkX5oKUZyivHYdXhw,1
UCaKAjTW9MVub_clgr4DRYjQ,UCeDNEtI8_a42bZ47wJiJMwQ,1
UCaKAjTW9MVub_clgr4DRYjQ,UCgJNFj5dnxXpcMvmuhZDPxA,1
UCaKAjTW9MVub_clgr4DRYjQ,UCgQw_Sbq3ugruDUKsq1e0-A,1
UCaKAjTW9MVub_clgr4DRYjQ,UCiC-Jn7wdgyQV4_Urk0DkWQ,1
UCaKAjTW9MVub_clgr4DRYjQ,UCkVtmkK07b2zaVVNssX4lOg,1
UCaKAjTW9MVub_clgr4DRYjQ,UCkbsS_3D-pvg1iHOld9uvIg,1
UCaKAjTW9MVub_clgr4DRYjQ,UClhMWQ7XKWywYvbRnuf8QsA,1
UCaKAjTW9MVub_clgr4DRYjQ,UClqA491Xa5fQcXcJJa-vTWw,1
UCaKAjTW9MVub_clgr4DRYjQ,UColMq7LmaoY3MT6aIDGrGvA,1
UCaKAjTW9MVub_clgr4DRYjQ,UCpe5jW3MIqkgTJ-PgkzvM6Q,1
UCaKAjTW9MVub_clgr4DRYjQ,UCpsKOkt5iWTbenzeuq7dsmQ,1
UCaKAjTW9MVub_clgr4DRYjQ,UCqCrvuoJpC-aVb0f4logQRQ,1
UCaKAjTW9MVub_clgr4DRYjQ,UCsGoJEvb-cFPZ2rWoJcXzEQ,1
UCaKAjTW9MVub_clgr4DRYjQ,UCu8_3-Wg-YzNyvHYQDEscfw,1
UCaKAjTW9MVub_clgr4DRYjQ,UCuXmOjxC-htcprLgeVXz6Tg,1
UCaKAjTW9MVub_clgr4DRYjQ,UCwgCc9Jd_gG-uLE_SY-FfPg,1
UCaKAjTW9MVub_clgr4DRYjQ,UCwjUvRseNtJoItylIyIez7Q,1
UCaKAjTW9MVub_clgr4DRYjQ,UCylqlpsh8ENNM1LqgQ1KbxA,1
UCdFlugHJJa4l3YqWuNRmvXw,UCe8JZoYkX5oKUZyivHYdXhw,1
UCdFlugHJJa4l3YqWuNRmvXw,UCeDNEtI8_a42bZ47wJiJMwQ,1
UCdFlugHJJa4l3YqWuNRmvXw,UCgJNFj5dnxXpcMvmuhZDPxA,1
UCdFlugHJJa4l3YqWuNRmvXw,UCgQw_Sbq3ugruDUKsq1e0-A,1
UCdFlugHJJa4l3YqWuNRmvXw,UCiC-Jn7wdgyQV4_Urk0DkWQ,1
UCdFlugHJJa4l3YqWuNRmvXw,UCkVtmkK07b2zaVVNssX4lOg,1
UCdFlugHJJa4l3YqWuNRmvXw,UCkbsS_3D-pvg1iHOld9uvIg,1
UCdFlugHJJa4l3YqWuNRmvXw,UClhMWQ7XKWywYvbRnuf8QsA,1
UCdFlugHJJa4l3YqWuNRmvXw,UClqA491Xa5fQcXcJJa-vTWw,1
UCdFlugHJJa4l3YqWuNRmvXw,UColMq7LmaoY3MT6aIDGrGvA,1
UCdFlugHJJa4l3YqWuNRmvXw,UCpe5jW3MIqkgTJ-PgkzvM6Q,1
UCdFlugHJJa4l3YqWuNRmvXw,UCpsKOkt5iWTbenzeuq7dsmQ,1
UCdFlugHJJa4l3YqWuNRmvXw,UCqCrvuoJpC-aVb0f4logQRQ,1
UCdFlugHJJa4l3YqWuNRmvXw,UCsGoJEvb-cFPZ2rWoJcXzEQ,1
UCdFlugHJJa4l3YqWuNRmvXw,UCu8_3-Wg-YzNyvHYQDEscfw,1
UCdFlugHJJa4l3YqWuNRmvXw,UCuXmOjxC-htcprLgeVXz6Tg,1
UCdFlugHJJa4l3YqWuNRmvXw,UCwgCc9Jd_gG-uLE_SY-FfPg,1
UCdFlugHJJa4l3YqWuNRmvXw,UCwjUvRseNtJoItylIyIez7Q,1
UCdFlugHJJa4l3YqWuNRmvXw,UCylqlpsh8ENNM1LqgQ1KbxA,1
UCe8JZoYkX5oKUZyivHYdXhw,UCeDNEtI8_a42bZ47wJiJMwQ,1
UCe8JZoYkX5oKUZyivHYdXhw,UCgJNFj5dnxXpcMvmuhZDPxA,1
UCe8JZoYkX5oKUZyivHYdXhw,UCgQw_Sbq3ugruDUKsq1e0-A,1
UCe8JZoYkX5oKUZyivHYdXhw,UCiC-Jn7wdgyQV4_Urk0DkWQ,1
UCe8JZoYkX5oKUZyivHYdXhw,UCkVtmkK07b2zaVVNssX4lOg,1
UCe8JZoYkX5oKUZyivHYdXhw,UCkbsS_3D-pvg1iHOld9uvIg,1
UCe8JZoYkX5oKUZyivHYdXhw,UClhMWQ7XKWywYvbRnuf8QsA,1
UCe8JZoYkX5oKUZyivHYdXhw,UClqA491Xa5fQcXcJJa-vTWw,1
UCe8JZoYkX5oKUZyivHYdXhw,UColMq7LmaoY3MT6aIDGrGvA,1
UCe8JZoYkX5oKUZyivHYdXhw,UCpe5jW3MIqkgTJ-PgkzvM6Q,1
UCe8JZoYkX5oKUZyivHYdXhw,UCpsKOkt5iWTbenzeuq7dsmQ,1
UCe8JZoYkX5oKUZyivHYdXhw,UCqCrvuoJpC-aVb0f4logQRQ,1
UCe8JZoYkX5oKUZyivHYdXhw,UCsGoJEvb-cFPZ2rWoJcXzEQ,1
UCe8JZoYkX5oKUZyivHYdXhw,UCu8_3-Wg-YzNyvHYQDEscfw,1
UCe8JZoYkX5oKUZyivHYdXhw,UCuXmOjxC-htcprLgeVXz6Tg,1
UCe8JZoYkX5oKUZyivHYdXhw,UCwgCc9Jd_gG-uLE_SY-FfPg,1
UCe8JZoYkX5oKUZyivHYdXhw,UCwjUvRseNtJoItylIyIez7Q,1
UCe8JZoYkX5oKUZyivHYdXhw,UCylqlpsh8ENNM1LqgQ1KbxA,1
UCeDNEtI8_a42bZ47wJiJMwQ,UCgJNFj5dnxXpcMvmuhZDPxA,1
UCeDNEtI8_a42bZ47wJiJMwQ,UCgQw_Sbq3ugruDUKsq1e0-A,1
UCeDNEtI8_a42bZ47wJiJMwQ,UCiC-Jn7wdgyQV4_Urk0DkWQ,1
UCeDNEtI8_a42bZ47wJiJMwQ,UCkVtmkK07b2zaVVNssX4lOg,1
UCeDNEtI8_a42bZ47wJiJMwQ,UCkbsS_3D-pvg1iHOld9uvIg,1
UCeDNEtI8_a42bZ47wJiJMwQ,UClhMWQ7XKWywYvbRnuf8QsA,1
UCeDNEtI8_a42bZ47wJiJMwQ,UClqA491Xa5fQcXcJJa-vTWw,1
UCeDNEtI8_a42bZ47wJiJMwQ,UColMq7LmaoY3MT6aIDGrGvA,1
UCeDNEtI8_a42bZ47wJiJMwQ,UCpe5jW3MIqkgTJ-PgkzvM6Q,1
UCeDNEtI8_a42bZ47wJiJMwQ,UCpsKOkt5iWTbenzeuq7dsmQ,1
UCeDNEtI8_a42bZ47wJiJMwQ,UCqCrvuoJpC-aVb0f4logQRQ,1
UCeDNEtI8_a42bZ47wJiJMwQ,UCsGoJEvb-cFPZ2rWoJcXzEQ,1
UCeDNEtI8_a42bZ47wJiJMwQ,UCu8_3-Wg-YzNyvHYQDEscfw,1
UCeDNEtI8_a42bZ47wJiJMwQ,UCuXmOjxC-htcprLgeVXz6Tg,1
UCeDNEtI8_a42bZ47wJiJMwQ,UCwgCc9Jd_gG-uLE_SY-FfPg,1
UCeDNEtI8_a42bZ47wJiJMwQ,UCwjUvRseNtJoItylIyIez7Q,1
UCeDNEtI8_a42bZ47wJiJMwQ,UCylqlpsh8ENNM1LqgQ1KbxA,1
UCgJNFj5dnxXpcMvmuhZDPxA,UCgQw_Sbq3ugruDUKsq1e0-A,1
UCgJNFj5dnxXpcMvmuhZDPxA,UCiC-Jn7wdgyQV4_Urk0DkWQ,1
UCgJNFj5dnxXpcMvmuhZDPxA,UCkVtmkK07b2zaVVNssX4lOg,1
UCgJNFj5dnxXpcMvmuhZDPxA,UCkbsS_3D-pvg1iHOld9uvIg,1
UCgJNFj5dnxXpcMvmuhZDPxA,UClhMWQ7XKWywYvbRnuf8QsA,1
UCgJNFj5dnxXpcMvmuhZDPxA,UClqA491Xa5fQcXcJJa-vTWw,1
UCgJNFj5dnxXpcMvmuhZDPxA,UColMq7LmaoY3MT6aIDGrGvA,1
UCgJNFj5dnxXpcMvmuhZDPxA,UCpe5jW3MIqkgTJ-PgkzvM6Q,1
UCgJNFj5dnxXpcMvmuhZDPxA,UCpsKOkt5iWTbenzeuq7dsmQ,1
UCgJNFj5dnxXpcMvmuhZDPxA,UCqCrvuoJpC-aVb0f4logQRQ,1
UCgJNFj5dnxXpcMvmuhZDPxA,UCsGoJEvb-cFPZ2rWoJcXzEQ,1
UCgJNFj5dnxXpcMvmuhZDPxA,UCu8_3-Wg-YzNyvHYQDEscfw,1
UCgJNFj5dnxXpcMvmuhZDPxA,UCuXmOjxC-htcprLgeVXz6Tg,1
UCgJNFj5dnxXpcMvmuhZDPxA,UCwgCc9Jd_gG-uLE_SY-FfPg,1
UCgJNFj5dnxXpcMvmuhZDPxA,UCwjUvRseNtJoItylIyIez7Q,1
UCgJNFj5dnxXpcMvmuhZDPxA,UCylqlpsh8ENNM1LqgQ1KbxA,1
UCgQw_Sbq3ugruDUKsq1e0-A,UCiC-Jn7wdgyQV4_Urk0DkWQ,1
UCgQw_Sbq3ugruDUKsq1e0-A,UCkVtmkK07b2zaVVNssX4lOg,1
UCgQw_Sbq3ugruDUKsq1e0-A,UCkbsS_3D-pvg1iHOld9uvIg,1
UCgQw_Sbq3ugruDUKsq1e0-A,UClhMWQ7XKWywYvbRnuf8QsA,1
UCgQw_Sbq3ugruDUKsq1e0-A,UClqA491Xa5fQcXcJJa-vTWw,1
UCgQw_Sbq3ugruDUKsq1e0-A,UColMq7LmaoY3MT6aIDGrGvA,1
UCgQw_Sbq3ugruDUKsq1e0-A,UCpe5jW3MIqkgTJ-PgkzvM6Q,1
UCgQw_Sbq3ugruDUKsq1e0-A,UCpsKOkt5iWTbenzeuq7dsmQ,1
UCgQw_Sbq3ugruDUKsq1e0-A,UCqCrvuoJpC-aVb0f4logQRQ,1
UCgQw_Sbq3ugruDUKsq1e0-A,UCsGoJEvb-cFPZ2rWoJcXzEQ,1
UCgQw_Sbq3ugruDUKsq1e0-A,UCu8_3-Wg-YzNyvHYQDEscfw,1
UCgQw_Sbq3ugruDUKsq1e0-A,UCuXmOjxC-htcprLgeVXz6Tg,1
UCgQw_Sbq3ugruDUKsq1e0-A,UCwgCc9Jd_gG-uLE_SY-FfPg,1
UCgQw_Sbq3ugruDUKsq1e0-A,UCwjUvRseNtJoItylIyIez7Q,1
UCgQw_Sbq3ugruDUKsq1e0-A,UCylqlpsh8ENNM1LqgQ1KbxA,1
UCiC-Jn7wdgyQV4_Urk0DkWQ,UCkVtmkK07b2zaVVNssX4lOg,1
UCiC-Jn7wdgyQV4_Urk0DkWQ,UCkbsS_3D-pvg1iHOld9uvIg,1
UCiC-Jn7wdgyQV4_Urk0DkWQ,UClhMWQ7XKWywYvbRnuf8QsA,1
UCiC-Jn7wdgyQV4_Urk0DkWQ,UClqA491Xa5fQcXcJJa-vTWw,1
UCiC-Jn7wdgyQV4_Urk0DkWQ,UColMq7LmaoY3MT6aIDGrGvA,1
UCiC-Jn7wdgyQV4_Urk0DkWQ,UCpe5jW3MIqkgTJ-PgkzvM6Q,1
UCiC-Jn7wdgyQV4_Urk0DkWQ,UCpsKOkt5iWTbenzeuq7dsmQ,1
UCiC-Jn7wdgyQV4_Urk0DkWQ,UCqCrvuoJpC-aVb0f4logQRQ,1
UCiC-Jn7wdgyQV4_Urk0DkWQ,UCsGoJEvb-cFPZ2rWoJcXzEQ,1
UCiC-Jn7wdgyQV4_Urk0DkWQ,UCu8_3-Wg-YzNyvHYQDEscfw,1
UCiC-Jn7wdgyQV4_Urk0DkWQ,UCuXmOjxC-htcprLgeVXz6Tg,1
UCiC-Jn7wdgyQV4_Urk0DkWQ,UCwgCc9Jd_gG-uLE_SY-FfPg,1
UCiC-Jn7wdgyQV4_Urk0DkWQ,UCwjUvRseNtJoItylIyIez7Q,1
UCiC-Jn7wdgyQV4_Urk0DkWQ,UCylqlpsh8ENNM1LqgQ1KbxA,1
UCkVtmkK07b2zaVVNssX4lOg,UCkbsS_3D-pvg1iHOld9uvIg,1
UCkVtmkK07b2zaVVNssX4lOg,UClhMWQ7XKWywYvbRnuf8QsA,1
UCkVtmkK07b2zaVVNssX4lOg,UClqA491Xa5fQcXcJJa-vTWw,1
UCkVtmkK07b2zaVVNssX4lOg,UColMq7LmaoY3MT6aIDGrGvA,1
UCkVtmkK07b2zaVVNssX4lOg,UCpe5jW3MIqkgTJ-PgkzvM6Q,1
UCkVtmkK07b2zaVVNssX4lOg,UCpsKOkt5iWTbenzeuq7dsmQ,1
UCkVtmkK07b2zaVVNssX4lOg,UCqCrvuoJpC-aVb0f4logQRQ,1
UCkVtmkK07b2zaVVNssX4lOg,UCsGoJEvb-cFPZ2rWoJcXzEQ,1
UCkVtmkK07b2zaVVNssX4lOg,UCu8_3-Wg-YzNyvHYQDEscfw,1
UCkVtmkK07b2zaVVNssX4lOg,UCuXmOjxC-htcprLgeVXz6Tg,1
UCkVtmkK07b2zaVVNssX4lOg,UCwgCc9Jd_gG-uLE_SY-FfPg,1
UCkVtmkK07b2zaVVNssX4lOg,UCwjUvRseNtJoItylIyIez7Q,1
UCkVtmkK07b2zaVVNssX4lOg,UCylqlpsh8ENNM1LqgQ1KbxA,1
UCkbsS_3D-pvg1iHOld9uvIg,UClhMWQ7XKWywYvbRnuf8QsA,1
UCkbsS_3D-pvg1iHOld9uvIg,UClqA491Xa5fQcXcJJa-vTWw,1
UCkbsS_3D-pvg1iHOld9uvIg,UColMq7LmaoY3MT6aIDGrGvA,1
UCkbsS_3D-pvg1iHOld9uvIg,UCpe5jW3MIqkgTJ-PgkzvM6Q,1
UCkbsS_3D-pvg1iHOld9uvIg,UCpsKOkt5iWTbenzeuq7dsmQ,1
UCkbsS_3D-pvg1iHOld9uvIg,UCqCrvuoJpC-aVb0f4logQRQ,1
UCkbsS_3D-pvg1iHOld9uvIg,UCsGoJEvb-cFPZ2rWoJcXzEQ,1
UCkbsS_3D-pvg1iHOld9uvIg,UCu8_3-Wg-YzNyvHYQDEscfw,1
UCkbsS_3D-pvg1iHOld9uvIg,UCuXmOjxC-htcprLgeVXz6Tg,1
UCkbsS_3D-pvg1iHOld9uvIg,UCwgCc9Jd_gG-uLE_SY-FfPg,1
UCkbsS_3D-pvg1iHOld9uvIg,UCwjUvRseNtJoItylIyIez7Q,1
UCkbsS_3D-pvg1iHOld9uvIg,UCylqlpsh8ENNM1LqgQ1KbxA,1
UClhMWQ7XKWywYvbRnuf8QsA,UClqA491Xa5fQcXcJJa-vTWw,1
UClhMWQ7XKWywYvbRnuf8QsA,UColMq7LmaoY3MT6aIDGrGvA,1
UClhMWQ7XKWywYvbRnuf8QsA,UCpe5jW3MIqkgTJ-PgkzvM6Q,1
UClhMWQ7XKWywYvbRnuf8QsA,UCpsKOkt5iWTbenzeuq7dsmQ,1
UClhMWQ7XKWywYvbRnuf8QsA,UCqCrvuoJpC-aVb0f4logQRQ,1
UClhMWQ7XKWywYvbRnuf8QsA,UCsGoJEvb-cFPZ2rWoJcXzEQ,1
UClhMWQ7XKWywYvbRnuf8QsA,UCu8_3-Wg-YzNyvHYQDEscfw,1
UClhMWQ7XKWywYvbRnuf8QsA,UCuXmOjxC-htcprLgeVXz6Tg,1
UClhMWQ7XKWywYvbRnuf8QsA,UCwgCc9Jd_gG-uLE_SY-FfPg,1
UClhMWQ7XKWywYvbRnuf8QsA,UCwjUvRseNtJoItylIyIez7Q,1
UClhMWQ7XKWywYvbRnuf8QsA,UCylqlpsh8ENNM1LqgQ1KbxA,1
UClqA491Xa5fQcXcJJa-vTWw,UColMq7LmaoY3MT6aIDGrGvA,1
UClqA491Xa5fQcXcJJa-vTWw,UCpe5jW3MIqkgTJ-PgkzvM6Q,1
UClqA491Xa5fQcXcJJa-vTWw,UCpsKOkt5iWTbenzeuq7dsmQ,1
UClqA491Xa5fQcXcJJa-vTWw,UCqCrvuoJpC-aVb0f4logQRQ,1
UClqA491Xa5fQcXcJJa-vTWw,UCsGoJEvb-cFPZ2rWoJcXzEQ,1
UClqA491Xa5fQcXcJJa-vTWw,UCu8_3-Wg-YzNyvHYQDEscfw,1
UClqA491Xa5fQcXcJJa-vTWw,UCuXmOjxC-htcprLgeVXz6Tg,1
UClqA491Xa5fQcXcJJa-vTWw,UCwgCc9Jd_gG-uLE_SY-FfPg,1
UClqA491Xa5fQcXcJJa-vTWw,UCwjUvRseNtJoItylIyIez7Q,1
UClqA491Xa5fQcXcJJa-vTWw,UCylqlpsh8ENNM1LqgQ1KbxA,1
UColMq7LmaoY3MT6aIDGrGvA,UCpe5jW3MIqkgTJ-PgkzvM6Q,1
UColMq7LmaoY3MT6aIDGrGvA,UCpsKOkt5iWTbenzeuq7dsmQ,1
UColMq7LmaoY3MT6aIDGrGvA,UCqCrvuoJpC-aVb0f4logQRQ,1
UColMq7LmaoY3MT6aIDGrGvA,UCsGoJEvb-cFPZ2rWoJcXzEQ,1
UColMq7LmaoY3MT6aIDGrGvA,UCu8_3-Wg-YzNyvHYQDEscfw,1
UColMq7LmaoY3MT6aIDGrGvA,UCuXmOjxC-htcprLgeVXz6Tg,1
UColMq7LmaoY3MT6aIDGrGvA,UCwgCc9Jd_gG-uLE_SY-FfPg,1
UColMq7LmaoY3MT6aIDGrGvA,UCwjUvRseNtJoItylIyIez7Q,1
UColMq7LmaoY3MT6aIDGrGvA,UCylqlpsh8ENNM1LqgQ1KbxA,1
UCpe5jW3MIqkgTJ-PgkzvM6Q,UCpsKOkt5iWTbenzeuq7dsmQ,1
UCpe5jW3MIqkgTJ-PgkzvM6Q,UCqCrvuoJpC-aVb0f4logQRQ,1
UCpe5jW3MIqkgTJ-PgkzvM6Q,UCsGoJEvb-cFPZ2rWoJcXzEQ,1
UCpe5jW3MIqkgTJ-PgkzvM6Q,UCu8_3-Wg-YzNyvHYQDEscfw,1
UCpe5jW3MIqkgTJ-PgkzvM6Q,UCuXmOjxC-htcprLgeVXz6Tg,1
UCpe5jW3MIqkgTJ-PgkzvM6Q,UCwgCc9Jd_gG-uLE_SY-FfPg,1
UCpe5jW3MIqkgTJ-PgkzvM6Q,UCwjUvRseNtJoItylIyIez7Q,1
UCpe5jW3MIqkgTJ-PgkzvM6Q,UCylqlpsh8ENNM1LqgQ1KbxA,1
UCpsKOkt5iWTbenzeuq7dsmQ,UCqCrvuoJpC-aVb0f4logQRQ,1
UCpsKOkt5iWTbenzeuq7dsmQ,UCsGoJEvb-cFPZ2rWoJcXzEQ,1
UCpsKOkt5iWTbenzeuq7dsmQ,UCu8_3-Wg-YzNyvHYQDEscfw,1
UCpsKOkt5iWTbenzeuq7dsmQ,UCuXmOjxC-htcprLgeVXz6Tg,1
UCpsKOkt5iWTbenzeuq7dsmQ,UCwgCc9Jd_gG-uLE_SY-FfPg,1
UCpsKOkt5iWTbenzeuq7dsmQ,UCwjUvRseNtJoItylIyIez7Q,1
UCpsKOkt5iWTbenzeuq7dsmQ,UCylqlpsh8ENNM1LqgQ1KbxA,2
UCqCrvuoJpC-aVb0f4logQRQ,UCsGoJEvb-cFPZ2rWoJcXzEQ,1
UCqCrvuoJpC-aVb0f4logQRQ,UCu8_3-Wg-YzNyvHYQDEscfw,1
UCqCrvuoJpC-aVb0f4logQRQ,UCuXmOjxC-htcprLgeVXz6Tg,1
UCqCrvuoJpC-aVb0f4logQRQ,UCwgCc9Jd_gG-uLE_SY-FfPg,1
UCqCrvuoJpC-aVb0f4logQRQ,UCwjUvRseNtJoItylIyIez7Q,1
UCqCrvuoJpC-aVb0f4logQRQ,UCylqlpsh8ENNM1LqgQ1KbxA,1
UCsGoJEvb-cFPZ2rWoJcXzEQ,UCu8_3-Wg-YzNyvHYQDEscfw,1
UCsGoJEvb-cFPZ2rWoJcXzEQ,UCuXmOjxC-htcprLgeVXz6Tg,1
UCsGoJEvb-cFPZ2rWoJcXzEQ,UCwgCc9Jd_gG-uLE_SY-FfPg,1
UCsGoJEvb-cFPZ2rWoJcXzEQ,UCwjUvRseNtJoItylIyIez7Q,1
UCsGoJEvb-cFPZ2rWoJcXzEQ,UCylqlpsh8ENNM1LqgQ1KbxA,1
UCu8_3-Wg-YzNyvHYQDEscfw,UCuXmOjxC-htcprLgeVXz6Tg,1
UCu8_3-Wg-YzNyvHYQDEscfw,UCwgCc9Jd_gG-uLE_SY-FfPg,1
UCu8_3-Wg-YzNyvHYQDEscfw,UCwjUvRseNtJoItylIyIez7Q,1
UCu8_3-Wg-YzNyvHYQDEscfw,UCylqlpsh8ENNM1LqgQ1KbxA,1
UCuXmOjxC-htcprLgeVXz6Tg,UCwgCc9Jd_gG-uLE_SY-FfPg,1
UCuXmOjxC-htcprLgeVXz6Tg,UCwjUvRseNtJoItylIyIez7Q,1
UCuXmOjxC-htcprLgeVXz6Tg,UCylqlpsh8ENNM1LqgQ1KbxA,1
UCwgCc9Jd_gG-uLE_SY-FfPg,UCwjUvRseNtJoItylIyIez7Q,1
UCwgCc9Jd_gG-uLE_SY-FfPg,UCylqlpsh8ENNM1LqgQ1KbxA,1
UCwjUvRseNtJoItylIyIez7Q,UCylqlpsh8ENNM1LqgQ1KbxA,1
UC-hfX8J5JPJ-dfuakzegMLA,UC-jS_kA9w-OmpupXDx156Rg,1
UC-hfX8J5JPJ-dfuakzegMLA,UC-pNP6RMFuLg_-x7Ah_0kEA,1
UC-hfX8J5JPJ-dfuakzegMLA,UC1vr9aaMI2crB0NvwFHUeoQ,1
UC-hfX8J5JPJ-dfuakzegMLA,UC2Y_EHWQKevubk4vOEBBFxw,1
UC-hfX8J5JPJ-dfuakzegMLA,UC2weSE8rpqkGMOp6StYtVfg,1
UC-hfX8J5JPJ-dfuakzegMLA,UC3E9mAgP7VoAE5mZoAexl5g,1
UC-hfX8J5JPJ-dfuakzegMLA,UC3MYTqpQqlWBuCB7Th0e0PA,1
UC-hfX8J5JPJ-dfuakzegMLA,UC3NMzdMYryaw82kPTnsaljg,1
UC-hfX8J5JPJ-dfuakzegMLA,UC3XTwHxygNCgjndsg-UiCQA,1
UC-hfX8J5JPJ-dfuakzegMLA,UC3qn1yJA5PeW9rkGPatQxiw,1
UC-hfX8J5JPJ-dfuakzegMLA,UC4cXueR2bKGFJV0Fk76gwmA,1
UC-hfX8J5JPJ-dfuakzegMLA,UC4wq3DcbfaG6dtCqn8Oyu3w,1
UC-hfX8J5JPJ-dfuakzegMLA,UC5H8ASmMC9WrURmzeB4ySog,1
UC-hfX8J5JPJ-dfuakzegMLA,UC5bG9nc_JV3FsNP2KseQiYw,1
UC-hfX8J5JPJ-dfuakzegMLA,UC650pRT-OYzny3GwOH8Cgfw,1
UC-hfX8J5JPJ-dfuakzegMLA,UC6PvO1_k5lHKGdAPo5_C6TA,1
UC-hfX8J5JPJ-dfuakzegMLA,UC6YSZqL0vEcI-niPKIMUGfw,1
UC-hfX8J5JPJ-dfuakzegMLA,UC72gBAtyb_VXQlYDcFrh6oQ,1
UC-hfX8J5JPJ-dfuakzegMLA,UC7VUuJr9cGh845CmTvf7TlQ,1
UC-hfX8J5JPJ-dfuakzegMLA,UC8F2V63KZ4ZEay6opX2hAQw,1
UC-hfX8J5JPJ-dfuakzegMLA,UC8G5cJONY8L9voMyBW8Eoug,1
UC-hfX8J5JPJ-dfuakzegMLA,UC8r11yOugM2NuRfitQOxLLg,1
UC-hfX8J5JPJ-dfuakzegMLA,UC9vMq1YF-e7C-VO0SHkbUTA,1
UC-hfX8J5JPJ-dfuakzegMLA,UC9xr9QvIcDvoZNUX5f-jaZw,1
UC-hfX8J5JPJ-dfuakzegMLA,UCA93ym2TXs_Ibyxb4Vcn-6Q,1
UC-hfX8J5JPJ-dfuakzegMLA,UCAlzM_N6xBlMYmM8EBzX86Q,1
UC-hfX8J5JPJ-dfuakzegMLA,UCAmtbUiIrUIhikru0ZoTFig,1
UC-hfX8J5JPJ-dfuakzegMLA,UCB5p8a5gklc80jJItP6xTHg,1
UC-hfX8J5JPJ-dfuakzegMLA,UCCaYwkkbQGcvFoUmothVdQQ,1
UC-hfX8J5JPJ-dfuakzegMLA,UCDIMztpVm7G27qBuiWuT6oQ,1
UC-hfX8J5JPJ-dfuakzegMLA,UCDPWkUX3sNNaCx-m1dV4glA,1
UC-hfX8J5JPJ-dfuakzegMLA,UCDQaQv0hr2SS_PO-CMEwVHg,1
UC-hfX8J5JPJ-dfuakzegMLA,UCDUffaruH6dyUnUGwsTKpgg,1
UC-hfX8J5JPJ-dfuakzegMLA,UCDftMWXQoJ6nONfY7GVOVjg,1
UC-hfX8J5JPJ-dfuakzegMLA,UCDlr1VadSucIZgZ171pRBjQ,1
UC-hfX8J5JPJ-dfuakzegMLA,UCEgEQmRbtL5fwr9_DqAC--g,1
UC-hfX8J5JPJ-dfuakzegMLA,UCErZPJpHmLCsXs8ZWkAUupQ,1
UC-hfX8J5JPJ-dfuakzegMLA,UCFUuDARXdmmIrLppEqf-rFg,1
UC-hfX8J5JPJ-dfuakzegMLA,UCFhxtoeARHPnXXPcDrOU3Xg,1
UC-hfX8J5JPJ-dfuakzegMLA,UCFjudnPLoaSL1BaRuLahyHg,1
UC-hfX8J5JPJ-dfuakzegMLA,UCFoIAE8k82D6AV-8gjjKaNg,1
UC-hfX8J5JPJ-dfuakzegMLA,UCFxE8GbokBrBsPEKM1xrOjQ,1
UC-hfX8J5JPJ-dfuakzegMLA,UCGzXwyCzMzGmjmCbH3Hg01Q,1
UC-hfX8J5JPJ-dfuakzegMLA,UCHTGCgY2l-DQJIvlA_cpa_Q,1
UC-hfX8J5JPJ-dfuakzegMLA,UCHhHUjaMAZ8SiXdCUCj9DkQ,1
UC-hfX8J5JPJ-dfuakzegMLA,UCKDR0f2fu2UzWL8mBv5-BHw,1
UC-hfX8J5JPJ-dfuakzegMLA,UCL13XhnRzbGokEkCkEOb0-g,1
UC-hfX8J5JPJ-dfuakzegMLA,UCL1MT278vSaQ83ZDkVWn1gw,1
UC-hfX8J5JPJ-dfuakzegMLA,UCLFdHr9BEbXHkoJopbEPLZw,1
UC-hfX8J5JPJ-dfuakzegMLA,UCLggDc_a5HriXv7I1h02sOA,1
UC-hfX8J5JPJ-dfuakzegMLA,UCN6qbfPSzFtjhqUDZ3Cv3CQ,1
UC-hfX8J5JPJ-dfuakzegMLA,UCNBnKqWf4d-rS4HwJRQljmQ,1
UC-hfX8J5JPJ-dfuakzegMLA,UCNkcuy42zEwddwEcOd_HpnA,1
UC-hfX8J5JPJ-dfuakzegMLA,UCOLGv5Pf6BF2wFcwUzgcvHg,1
UC-hfX8J5JPJ-dfuakzegMLA,UCOS8ViEkccrTZx2w2ccxotA,1
UC-hfX8J5JPJ-dfuakzegMLA,UCOh6DaZC_x9HASnlRylEMfw,1
UC-hfX8J5JPJ-dfuakzegMLA,UCQ_-LPP8JAbfkc-b1Q6NvWw,1
UC-hfX8J5JPJ-dfuakzegMLA,UCQgYjVngJRfPHDLGB5X6ZjA,1
UC-hfX8J5JPJ-dfuakzegMLA,UCQqetiwzzmRNTM5OWuXarGQ,1
UC-hfX8J5JPJ-dfuakzegMLA,UCQtICyzWmhC5woCtbNgaSmg,1
UC-hfX8J5JPJ-dfuakzegMLA,UCQtSFINs1h6GHkpg9o5kMvg,1
UC-hfX8J5JPJ-dfuakzegMLA,UCRETAiYdh2dL5ZxB0_N1zDA,1
UC-hfX8J5JPJ-dfuakzegMLA,UCRelkU8JiZBytTzebJxaa-w,1
UC-hfX8J5JPJ-dfuakzegMLA,UCRlCV9zSn7avAWh-9_XFWqQ,1
UC-hfX8J5JPJ-dfuakzegMLA,UCSou6a2OuYGSvPjm5psquyA,1
UC-hfX8J5JPJ-dfuakzegMLA,UCTD6q1nyIe3Y7HhqjaMj72w,1
UC-hfX8J5JPJ-dfuakzegMLA,UCTP3O0rMnc8z8v8jaDQwL0w,1
UC-hfX8J5JPJ-dfuakzegMLA,UCThW2XNsAaBKme5PUt7n-Zg,1
UC-hfX8J5JPJ-dfuakzegMLA,UCTwSut16JyAg3mX6LVUNGqA,1
UC-hfX8J5JPJ-dfuakzegMLA,UCTylKrsqkrBKIqubMu_5N0Q,1
UC-hfX8J5JPJ-dfuakzegMLA,UCUIIIPTVDVHAXqhC_5V6lPA,1
UC-hfX8J5JPJ-dfuakzegMLA,UCV0iizTBoOfdAFX_thfI9BA,1
UC-hfX8J5JPJ-dfuakzegMLA,UCWIZUtKJ636y-4TYrNvok0g,1
UC-hfX8J5JPJ-dfuakzegMLA,UCXSkL3ejZ8qWYyF_M7s_QKA,1
UC-hfX8J5JPJ-dfuakzegMLA,UCXXh7yg5KUFIWylTiKVEFKQ,1
UC-hfX8J5JPJ-dfuakzegMLA,UCXgr7vXlRrsaskPdo097kGA,1
UC-hfX8J5JPJ-dfuakzegMLA,UCXr8_5WtGeipe4haOoQDgyQ,1
UC-hfX8J5JPJ-dfuakzegMLA,UCYN4wSQ1Sx4_LurxLlW7MPg,1
UC-hfX8J5JPJ-dfuakzegMLA,UCYwpX26TrCxq8TvbKGRYLXA,1
UC-hfX8J5JPJ-dfuakzegMLA,UCZ51R_9Q9C0c8I3pAWhtmjQ,1
UC-hfX8J5JPJ-dfuakzegMLA,UCZLG9qH0tUjNhEGFIUt0CYw,1
UC-hfX8J5JPJ-dfuakzegMLA,UCcfdg8crmMJwEuLUsAhV7yg,1
UC-hfX8J5JPJ-dfuakzegMLA,UCfM3nrxtTQMY5jFx1v1J4Gg,1
UC-hfX8J5JPJ-dfuakzegMLA,UCgvw7xIdGFupzpt1Y_BFkEA,1
UC-hfX8J5JPJ-dfuakzegMLA,UCh5ESQvtzyHDhCA7XyekCFA,1
UC-hfX8J5JPJ-dfuakzegMLA,UChZknRmJkeGeQk0-mQuhDOg,1
UC-hfX8J5JPJ-dfuakzegMLA,UChep9kVb5gQmpodEEl10Xlg,1
UC-hfX8J5JPJ-dfuakzegMLA,UChgkn5Jt5tWKYMoEOuCjz3Q,1
UC-hfX8J5JPJ-dfuakzegMLA,UChs3tU2BcKOT0CezykvAsGw,1
UC-hfX8J5JPJ-dfuakzegMLA,UCi1b_TRQfgO1Z9O2gNGGWNA,1
UC-hfX8J5JPJ-dfuakzegMLA,UCiGRBf2RNF0WRKhRVT7zFoA,1
UC-hfX8J5JPJ-dfuakzegMLA,UCiMythXHsw7eQEMykCdmMUA,1
UC-hfX8J5JPJ-dfuakzegMLA,UCipetjeiWj4CZB6EbyYziZg,1
UC-hfX8J5JPJ-dfuakzegMLA,UCj-LL25XJnjxepPKCc3NGog,1
UC-hfX8J5JPJ-dfuakzegMLA,UCjSKM9j0Q7HLDr1hD6D-TUw,1
UC-hfX8J5JPJ-dfuakzegMLA,UCjmPuazZJzscrwvk0QR9RVw,1
UC-hfX8J5JPJ-dfuakzegMLA,UCkd9W714-947dEE6ZOEBATA,1
UC-hfX8J5JPJ-dfuakzegMLA,UCl0ekS9Tt0jJGtOEM18S63w,1
UC-hfX8J5JPJ-dfuakzegMLA,UCljDbleJul41G1TzOjOZAVA,1
UC-hfX8J5JPJ-dfuakzegMLA,UCmjppp6ujz3SAnULvP3sZMw,1
UC-hfX8J5JPJ-dfuakzegMLA,UCmvOgzmmXbjUthHy-WJ52hQ,1
UC-hfX8J5JPJ-dfuakzegMLA,UCp4iw5_5SmV9VGTFSNVGOmQ,1
UC-hfX8J5JPJ-dfuakzegMLA,UCpIdtvoFHVLGASGB5ySqIEA,1
UC-hfX8J5JPJ-dfuakzegMLA,UCpl8rF8uv_8uui-QRvuJaRA,1
UC-hfX8J5JPJ-dfuakzegMLA,UCplrIQtaPj6au60_f2-mOYw,1
UC-hfX8J5JPJ-dfuakzegMLA,UCpsKOkt5iWTbenzeuq7dsmQ,1
UC-hfX8J5JPJ-dfuakzegMLA,UCr1emrogPKkKTs_WTtx71xg,1
UC-hfX8J5JPJ-dfuakzegMLA,UCrJn_rbo_ENAdeqneS-RmRw,1
UC-hfX8J5JPJ-dfuakzegMLA,UCsJJAvrVGupdmhOqgtDp8dg,1
UC-hfX8J5JPJ-dfuakzegMLA,UCsSXdJct-nsS8DsABoEsaYA,1
UC-hfX8J5JPJ-dfuakzegMLA,UCsUCN0Yq_UyTvKjOJLmNrnQ,1
UC-hfX8J5JPJ-dfuakzegMLA,UCsjs5Hp_r86x1xbK6FAeqaA,1
UC-hfX8J5JPJ-dfuakzegMLA,UCtNfIBnc5S5DbbQj_yxgJTw,1
UC-hfX8J5JPJ-dfuakzegMLA,UCtUR3_CAiE7fCoZHM6cMfyQ,1
UC-hfX8J5JPJ-dfuakzegMLA,UCueV9cTyTDwgQSec1x2dYgA,1
UC-hfX8J5JPJ-dfuakzegMLA,UCujPF2nBgsTD62nWE3lcpIg,1
UC-hfX8J5JPJ-dfuakzegMLA,UCut6b9S98nv84cVX89PmKzA,1
UC-hfX8J5JPJ-dfuakzegMLA,UCvApqeCbLod-wejtT4CcVuA,1
UC-hfX8J5JPJ-dfuakzegMLA,UCwO2SXr0ggzwg6QWWrr01nQ,1
UC-hfX8J5JPJ-dfuakzegMLA,UCwW2OFy95P7ZBkOPxWkpvYg,1
UC-hfX8J5JPJ-dfuakzegMLA,UCwha8rxULYMVtNwZWeSkE1A,1
UC-hfX8J5JPJ-dfuakzegMLA,UCxff05WuyvwELNITi7bj7UA,1
UC-hfX8J5JPJ-dfuakzegMLA,UCySYJU5kUh7X8gVt9la2ISA,1
UC-hfX8J5JPJ-dfuakzegMLA,UCylqlpsh8ENNM1LqgQ1KbxA,1
UC-hfX8J5JPJ-dfuakzegMLA,UCz3gu01bmjNv0DpRq-K3XYg,1
UC-hfX8J5JPJ-dfuakzegMLA,UCzSfZlOVxBSs5ObD25ywxDQ,1
UC-hfX8J5JPJ-dfuakzegMLA,UCzoL2l5H5eVlorWGH8AZfAg,1
UC-jS_kA9w-OmpupXDx156Rg,UC-pNP6RMFuLg_-x7Ah_0kEA,1
UC-jS_kA9w-OmpupXDx156Rg,UC1vr9aaMI2crB0NvwFHUeoQ,1
UC-jS_kA9w-OmpupXDx156Rg,UC2Y_EHWQKevubk4vOEBBFxw,1
UC-jS_kA9w-OmpupXDx156Rg,UC2weSE8rpqkGMOp6StYtVfg,1
UC-jS_kA9w-OmpupXDx156Rg,UC3E9mAgP7VoAE5mZoAexl5g,1
UC-jS_kA9w-OmpupXDx156Rg,UC3MYTqpQqlWBuCB7Th0e0PA,1
UC-jS_kA9w-OmpupXDx156Rg,UC3NMzdMYryaw82kPTnsaljg,1
UC-jS_kA9w-OmpupXDx156Rg,UC3XTwHxygNCgjndsg-UiCQA,1
UC-jS_kA9w-OmpupXDx156Rg,UC3qn1yJA5PeW9rkGPatQxiw,1
UC-jS_kA9w-OmpupXDx156Rg,UC4cXueR2bKGFJV0Fk76gwmA,1
UC-jS_kA9w-OmpupXDx156Rg,UC4wq3DcbfaG6dtCqn8Oyu3w,1
UC-jS_kA9w-OmpupXDx156Rg,UC5H8ASmMC9WrURmzeB4ySog,1
UC-jS_kA9w-OmpupXDx156Rg,UC5bG9nc_JV3FsNP2KseQiYw,1
UC-jS_kA9w-OmpupXDx156Rg,UC650pRT-OYzny3GwOH8Cgfw,1
UC-jS_kA9w-OmpupXDx156Rg,UC6PvO1_k5lHKGdAPo5_C6TA,1
UC-jS_kA9w-OmpupXDx156Rg,UC6YSZqL0vEcI-niPKIMUGfw,1
UC-jS_kA9w-OmpupXDx156Rg,UC72gBAtyb_VXQlYDcFrh6oQ,1
UC-jS_kA9w-OmpupXDx156Rg,UC7VUuJr9cGh845CmTvf7TlQ,1
UC-jS_kA9w-OmpupXDx156Rg,UC8F2V63KZ4ZEay6opX2hAQw,1
UC-jS_kA9w-OmpupXDx156Rg,UC8G5cJONY8L9voMyBW8Eoug,1
UC-jS_kA9w-OmpupXDx156Rg,UC8r11yOugM2NuRfitQOxLLg,1
UC-jS_kA9w-OmpupXDx156Rg,UC9vMq1YF-e7C-VO0SHkbUTA,1
UC-jS_kA9w-OmpupXDx156Rg,UC9xr9QvIcDvoZNUX5f-jaZw,1
UC-jS_kA9w-OmpupXDx156Rg,UCA93ym2TXs_Ibyxb4Vcn-6Q,1
UC-jS_kA9w-OmpupXDx156Rg,UCAlzM_N6xBlMYmM8EBzX86Q,1
UC-jS_kA9w-OmpupXDx156Rg,UCAmtbUiIrUIhikru0ZoTFig,1
UC-jS_kA9w-OmpupXDx156Rg,UCB5p8a5gklc80jJItP6xTHg,1
UC-jS_kA9w-OmpupXDx156Rg,UCCaYwkkbQGcvFoUmothVdQQ,1
UC-jS_kA9w-OmpupXDx156Rg,UCDIMztpVm7G27qBuiWuT6oQ,1
UC-jS_kA9w-OmpupXDx156Rg,UCDPWkUX3sNNaCx-m1dV4glA,1
UC-jS_kA9w-OmpupXDx156Rg,UCDQaQv0hr2SS_PO-CMEwVHg,1
UC-jS_kA9w-OmpupXDx156Rg,UCDUffaruH6dyUnUGwsTKpgg,1
UC-jS_kA9w-OmpupXDx156Rg,UCDftMWXQoJ6nONfY7GVOVjg,1
UC-jS_kA9w-OmpupXDx156Rg,UCDlr1VadSucIZgZ171pRBjQ,1
UC-jS_kA9w-OmpupXDx156Rg,UCEgEQmRbtL5fwr9_DqAC--g,1
UC-jS_kA9w-OmpupXDx156Rg,UCErZPJpHmLCsXs8ZWkAUupQ,1
UC-jS_kA9w-OmpupXDx156Rg,UCFUuDARXdmmIrLppEqf-rFg,1
UC-jS_kA9w-OmpupXDx156Rg,UCFhxtoeARHPnXXPcDrOU3Xg,1
UC-jS_kA9w-OmpupXDx156Rg,UCFjudnPLoaSL1BaRuLahyHg,1
UC-jS_kA9w-OmpupXDx156Rg,UCFoIAE8k82D6AV-8gjjKaNg,1
UC-jS_kA9w-OmpupXDx156Rg,UCFxE8GbokBrBsPEKM1xrOjQ,1
UC-jS_kA9w-OmpupXDx156Rg,UCGzXwyCzMzGmjmCbH3Hg01Q,1
UC-jS_kA9w-OmpupXDx156Rg,UCHTGCgY2l-DQJIvlA_cpa_Q,1
UC-jS_kA9w-OmpupXDx156Rg,UCHhHUjaMAZ8SiXdCUCj9DkQ,1
UC-jS_kA9w-OmpupXDx156Rg,UCKDR0f2fu2UzWL8mBv5-BHw,1
UC-jS_kA9w-OmpupXDx156Rg,UCL13XhnRzbGokEkCkEOb0-g,1
UC-jS_kA9w-OmpupXDx156Rg,UCL1MT278vSaQ83ZDkVWn1gw,1
UC-jS_kA9w-OmpupXDx156Rg,UCLFdHr9BEbXHkoJopbEPLZw,1
UC-jS_kA9w-OmpupXDx156Rg,UCLggDc_a5HriXv7I1h02sOA,1
UC-jS_kA9w-OmpupXDx156Rg,UCN6qbfPSzFtjhqUDZ3Cv3CQ,1
UC-jS_kA9w-OmpupXDx156Rg,UCNBnKqWf4d-rS4HwJRQljmQ,1
UC-jS_kA9w-OmpupXDx156Rg,UCNkcuy42zEwddwEcOd_HpnA,1
UC-jS_kA9w-OmpupXDx156Rg,UCOLGv5Pf6BF2wFcwUzgcvHg,1
UC-jS_kA9w-OmpupXDx156Rg,UCOS8ViEkccrTZx2w2ccxotA,1
UC-jS_kA9w-OmpupXDx156Rg,UCOh6DaZC_x9HASnlRylEMfw,1
UC-jS_kA9w-OmpupXDx156Rg,UCQ_-LPP8JAbfkc-b1Q6NvWw,1
UC-jS_kA9w-OmpupXDx156Rg,UCQgYjVngJRfPHDLGB5X6ZjA,1
UC-jS_kA9w-OmpupXDx156Rg,UCQqetiwzzmRNTM5OWuXarGQ,1
UC-jS_kA9w-OmpupXDx156Rg,UCQtICyzWmhC5woCtbNgaSmg,1
UC-jS_kA9w-OmpupXDx156Rg,UCQtSFINs1h6GHkpg9o5kMvg,1
UC-jS_kA9w-OmpupXDx156Rg,UCRETAiYdh2dL5ZxB0_N1zDA,1
UC-jS_kA9w-OmpupXDx156Rg,UCRelkU8JiZBytTzebJxaa-w,1
UC-jS_kA9w-OmpupXDx156Rg,UCRlCV9zSn7avAWh-9_XFWqQ,1
UC-jS_kA9w-OmpupXDx156Rg,UCSou6a2OuYGSvPjm5psquyA,1
UC-jS_kA9w-OmpupXDx156Rg,UCTD6q1nyIe3Y7HhqjaMj72w,1
UC-jS_kA9w-OmpupXDx156Rg,UCTP3O0rMnc8z8v8jaDQwL0w,1
UC-jS_kA9w-OmpupXDx156Rg,UCThW2XNsAaBKme5PUt7n-Zg,1
UC-jS_kA9w-OmpupXDx156Rg,UCTwSut16JyAg3mX6LVUNGqA,1
UC-jS_kA9w-OmpupXDx156Rg,UCTylKrsqkrBKIqubMu_5N0Q,1
UC-jS_kA9w-OmpupXDx156Rg,UCUIIIPTVDVHAXqhC_5V6lPA,1
UC-jS_kA9w-OmpupXDx156Rg,UCV0iizTBoOfdAFX_thfI9BA,1
UC-jS_kA9w-OmpupXDx156Rg,UCWIZUtKJ636y-4TYrNvok0g,1
UC-jS_kA9w-OmpupXDx156Rg,UCXSkL3ejZ8qWYyF_M7s_QKA,1
UC-jS_kA9w-OmpupXDx156Rg,UCXXh7yg5KUFIWylTiKVEFKQ,1
UC-jS_kA9w-OmpupXDx156Rg,UCXgr7vXlRrsaskPdo097kGA,1
UC-jS_kA9w-OmpupXDx156Rg,UCXr8_5WtGeipe4haOoQDgyQ,1
UC-jS_kA9w-OmpupXDx156Rg,UCYN4wSQ1Sx4_LurxLlW7MPg,1
UC-jS_kA9w-OmpupXDx156Rg,UCYwpX26TrCxq8TvbKGRYLXA,1
UC-jS_kA9w-OmpupXDx156Rg,UCZ51R_9Q9C0c8I3pAWhtmjQ,1
UC-jS_kA9w-OmpupXDx156Rg,UCZLG9qH0tUjNhEGFIUt0CYw,1
UC-jS_kA9w-OmpupXDx156Rg,UCcfdg8crmMJwEuLUsAhV7yg,1
UC-jS_kA9w-OmpupXDx156Rg,UCfM3nrxtTQMY5jFx1v1J4Gg,1
UC-jS_kA9w-OmpupXDx156Rg,UCgvw7xIdGFupzpt1Y_BFkEA,1
UC-jS_kA9w-OmpupXDx156Rg,UCh5ESQvtzyHDhCA7XyekCFA,1
UC-jS_kA9w-OmpupXDx156Rg,UChZknRmJkeGeQk0-mQuhDOg,1
UC-jS_kA9w-OmpupXDx156Rg,UChep9kVb5gQmpodEEl10Xlg,1
UC-jS_kA9w-OmpupXDx156Rg,UChgkn5Jt5tWKYMoEOuCjz3Q,1
UC-jS_kA9w-OmpupXDx156Rg,UChs3tU2BcKOT0CezykvAsGw,1
UC-jS_kA9w-OmpupXDx156Rg,UCi1b_TRQfgO1Z9O2gNGGWNA,1
UC-jS_kA9w-OmpupXDx156Rg,UCiGRBf2RNF0WRKhRVT7zFoA,1
UC-jS_kA9w-OmpupXDx156Rg,UCiMythXHsw7eQEMykCdmMUA,1
UC-jS_kA9w-OmpupXDx156Rg,UCipetjeiWj4CZB6EbyYziZg,1
UC-jS_kA9w-OmpupXDx156Rg,UCj-LL25XJnjxepPKCc3NGog,1
UC-jS_kA9w-OmpupXDx156Rg,UCjSKM9j0Q7HLDr1hD6D-TUw,1
UC-jS_kA9w-OmpupXDx156Rg,UCjmPuazZJzscrwvk0QR9RVw,1
UC-jS_kA9w-OmpupXDx156Rg,UCkd9W714-947dEE6ZOEBATA,1
UC-jS_kA9w-OmpupXDx156Rg,UCl0ekS9Tt0jJGtOEM18S63w,1
UC-jS_kA9w-OmpupXDx156Rg,UCljDbleJul41G1TzOjOZAVA,1
UC-jS_kA9w-OmpupXDx156Rg,UCmjppp6ujz3SAnULvP3sZMw,1
UC-jS_kA9w-OmpupXDx156Rg,UCmvOgzmmXbjUthHy-WJ52hQ,1
UC-jS_kA9w-OmpupXDx156Rg,UCp4iw5_5SmV9VGTFSNVGOmQ,1
UC-jS_kA9w-OmpupXDx156Rg,UCpIdtvoFHVLGASGB5ySqIEA,1
UC-jS_kA9w-OmpupXDx156Rg,UCpl8rF8uv_8uui-QRvuJaRA,1
UC-jS_kA9w-OmpupXDx156Rg,UCplrIQtaPj6au60_f2-mOYw,1
UC-jS_kA9w-OmpupXDx156Rg,UCpsKOkt5iWTbenzeuq7dsmQ,1
UC-jS_kA9w-OmpupXDx156Rg,UCr1emrogPKkKTs_WTtx71xg,1
UC-jS_kA9w-OmpupXDx156Rg,UCrJn_rbo_ENAdeqneS-RmRw,1
UC-jS_kA9w-OmpupXDx156Rg,UCsJJAvrVGupdmhOqgtDp8dg,1
UC-jS_kA9w-OmpupXDx156Rg,UCsSXdJct-nsS8DsABoEsaYA,1
UC-jS_kA9w-OmpupXDx156Rg,UCsUCN0Yq_UyTvKjOJLmNrnQ,1
UC-jS_kA9w-OmpupXDx156Rg,UCsjs5Hp_r86x1xbK6FAeqaA,1
UC-jS_kA9w-OmpupXDx156Rg,UCtNfIBnc5S5DbbQj_yxgJTw,1
UC-jS_kA9w-OmpupXDx156Rg,UCtUR3_CAiE7fCoZHM6cMfyQ,1
UC-jS_kA9w-OmpupXDx156Rg,UCueV9cTyTDwgQSec1x2dYgA,1
UC-jS_kA9w-OmpupXDx156Rg,UCujPF2nBgsTD62nWE3lcpIg,1
UC-jS_kA9w-OmpupXDx156Rg,UCut6b9S98nv84cVX89PmKzA,1
UC-jS_kA9w-OmpupXDx156Rg,UCvApqeCbLod-wejtT4CcVuA,1
UC-jS_kA9w-OmpupXDx156Rg,UCwO2SXr0ggzwg6QWWrr01nQ,1
UC-jS_kA9w-OmpupXDx156Rg,UCwW2OFy95P7ZBkOPxWkpvYg,1
UC-jS_kA9w-OmpupXDx156Rg,UCwha8rxULYMVtNwZWeSkE1A,1
UC-jS_kA9w-OmpupXDx156Rg,UCxff05WuyvwELNITi7bj7UA,1
UC-jS_kA9w-OmpupXDx156Rg,UCySYJU5kUh7X8gVt9la2ISA,1
UC-jS_kA9w-OmpupXDx156Rg,UCylqlpsh8ENNM1LqgQ1KbxA,1
UC-jS_kA9w-OmpupXDx156Rg,UCz3gu01bmjNv0DpRq-K3XYg,1
UC-jS_kA9w-OmpupXDx156Rg,UCzSfZlOVxBSs5ObD25ywxDQ,1
UC-jS_kA9w-OmpupXDx156Rg,UCzoL2l5H5eVlorWGH8AZfAg,1
UC-pNP6RMFuLg_-x7Ah_0kEA,UC1vr9aaMI2crB0NvwFHUeoQ,1
UC-pNP6RMFuLg_-x7Ah_0kEA,UC2Y_EHWQKevubk4vOEBBFxw,1
UC-pNP6RMFuLg_-x7Ah_0kEA,UC2weSE8rpqkGMOp6StYtVfg,1
UC-pNP6RMFuLg_-x7Ah_0kEA,UC3E9mAgP7VoAE5mZoAexl5g,1
UC-pNP6RMFuLg_-x7Ah_0kEA,UC3MYTqpQqlWBuCB7Th0e0PA,1
UC-pNP6RMFuLg_-x7Ah_0kEA,UC3NMzdMYryaw82kPTnsaljg,1
UC-pNP6RMFuLg_-x7Ah_0kEA,UC3XTwHxygNCgjndsg-UiCQA,1
UC-pNP6RMFuLg_-x7Ah_0kEA,UC3qn1yJA5PeW9rkGPatQxiw,1
UC-pNP6RMFuLg_-x7Ah_0kEA,UC4cXueR2bKGFJV0Fk76gwmA,1
UC-pNP6RMFuLg_-x7Ah_0kEA,UC4wq3DcbfaG6dtCqn8Oyu3w,1
UC-pNP6RMFuLg_-x7Ah_0kEA,UC5H8ASmMC9WrURmzeB4ySog,1
UC-pNP6RMFuLg_-x7Ah_0kEA,UC5bG9nc_JV3FsNP2KseQiYw,1
UC-pNP6RMFuLg_-x7Ah_0kEA,UC650pRT-OYzny3GwOH8Cgfw,1
UC-pNP6RMFuLg_-x7Ah_0kEA,UC6PvO1_k5lHKGdAPo5_C6TA,1
UC-pNP6RMFuLg_-x7Ah_0kEA,UC6YSZqL0vEcI-niPKIMUGfw,1
UC-pNP6RMFuLg_-x7Ah_0kEA,UC72gBAtyb_VXQlYDcFrh6oQ,1
UC-pNP6RMFuLg_-x7Ah_0kEA,UC7VUuJr9cGh845CmTvf7TlQ,1
UC-pNP6RMFuLg_-x7Ah_0kEA,UC8F2V63KZ4ZEay6opX2hAQw,1
UC-pNP6RMFuLg_-x7Ah_0kEA,UC8G5cJONY8L9voMyBW8Eoug,1
UC-pNP6RMFuLg_-x7Ah_0kEA,UC8r11yOugM2NuRfitQOxLLg,1
UC-pNP6RMFuLg_-x7Ah_0kEA,UC9vMq1YF-e7C-VO0SHkbUTA,1
UC-pNP6RMFuLg_-x7Ah_0kEA,UC9xr9QvIcDvoZNUX5f-jaZw,1
UC-pNP6RMFuLg_-x7Ah_0kEA,UCA93ym2TXs_Ibyxb4Vcn-6Q,1
UC-pNP6RMFuLg_-x7Ah_0kEA,UCAlzM_N6xBlMYmM8EBzX86Q,1
UC-pNP6RMFuLg_-x7Ah_0kEA,UCAmtbUiIrUIhikru0ZoTFig,1
UC-pNP6RMFuLg_-x7Ah_0kEA,UCB5p8a5gklc80jJItP6xTHg,1
UC-pNP6RMFuLg_-x7Ah_0kEA,UCCaYwkkbQGcvFoUmothVdQQ,1
UC-pNP6RMFuLg_-x7Ah_0kEA,UCDIMztpVm7G27qBuiWuT6oQ,1
UC-pNP6RMFuLg_-x7Ah_0kEA,UCDPWkUX3sNNaCx-m1dV4glA,1
UC-pNP6RMFuLg_-x7Ah_0kEA,UCDQaQv0hr2SS_PO-CMEwVHg,1
UC-pNP6RMFuLg_-x7Ah_0kEA,UCDUffaruH6dyUnUGwsTKpgg,1
UC-pNP6RMFuLg_-x7Ah_0kEA,UCDftMWXQoJ6nONfY7GVOVjg,1
UC-pNP6RMFuLg_-x7Ah_0kEA,UCDlr1VadSucIZgZ171pRBjQ,1
UC-pNP6RMFuLg_-x7Ah_0kEA,UCEgEQmRbtL5fwr9_DqAC--g,1
UC-pNP6RMFuLg_-x7Ah_0kEA,UCErZPJpHmLCsXs8ZWkAUupQ,1
UC-pNP6RMFuLg_-x7Ah_0kEA,UCFUuDARXdmmIrLppEqf-rFg,1
UC-pNP6RMFuLg_-x7Ah_0kEA,UCFhxtoeARHPnXXPcDrOU3Xg,1
UC-pNP6RMFuLg_-x7Ah_0kEA,UCFjudnPLoaSL1BaRuLahyHg,1
UC-pNP6RMFuLg_-x7Ah_0kEA,UCFoIAE8k82D6AV-8gjjKaNg,1
UC-pNP6RMFuLg_-x7Ah_0kEA,UCFxE8GbokBrBsPEKM1xrOjQ,1
UC-pNP6RMFuLg_-x7Ah_0kEA,UCGzXwyCzMzGmjmCbH3Hg01Q,1
UC-pNP6RMFuLg_-x7Ah_0kEA,UCHTGCgY2l-DQJIvlA_cpa_Q,1
UC-pNP6RMFuLg_-x7Ah_0kEA,UCHhHUjaMAZ8SiXdCUCj9DkQ,1
UC-pNP6RMFuLg_-x7Ah_0kEA,UCKDR0f2fu2UzWL8mBv5-BHw,1
UC-pNP6RMFuLg_-x7Ah_0kEA,UCL13XhnRzbGokEkCkEOb0-g,1
UC-pNP6RMFuLg_-x7Ah_0kEA,UCL1MT278vSaQ83ZDkVWn1gw,1
UC-pNP6RMFuLg_-x7Ah_0kEA,UCLFdHr9BEbXHkoJopbEPLZw,1
UC-pNP6RMFuLg_-x7Ah_0kEA,UCLggDc_a5HriXv7I1h02sOA,1
UC-pNP6RMFuLg_-x7Ah_0kEA,UCN6qbfPSzFtjhqUDZ3Cv3CQ,1
UC-pNP6RMFuLg_-x7Ah_0kEA,UCNBnKqWf4d-rS4HwJRQljmQ,1
UC-pNP6RMFuLg_-x7Ah_0kEA,UCNkcuy42zEwddwEcOd_HpnA,1
UC-pNP6RMFuLg_-x7Ah_0kEA,UCOLGv5Pf6BF2wFcwUzgcvHg,1
UC-pNP6RMFuLg_-x7Ah_0kEA,UCOS8ViEkccrTZx2w2ccxotA,1
UC-pNP6RMFuLg_-x7Ah_0kEA,UCOh6DaZC_x9HASnlRylEMfw,1
UC-pNP6RMFuLg_-x7Ah_0kEA,UCQ_-LPP8JAbfkc-b1Q6NvWw,1
UC-pNP6RMFuLg_-x7Ah_0kEA,UCQgYjVngJRfPHDLGB5X6ZjA,1
UC-pNP6RMFuLg_-x7Ah_0kEA,UCQqetiwzzmRNTM5OWuXarGQ,1
UC-pNP6RMFuLg_-x7Ah_0kEA,UCQtICyzWmhC5woCtbNgaSmg,1
UC-pNP6RMFuLg_-x7Ah_0kEA,UCQtSFINs1h6GHkpg9o5kMvg,1
UC-pNP6RMFuLg_-x7Ah_0kEA,UCRETAiYdh2dL5ZxB0_N1zDA,1
UC-pNP6RMFuLg_-x7Ah_0kEA,UCRelkU8JiZBytTzebJxaa-w,1
UC-pNP6RMFuLg_-x7Ah_0kEA,UCRlCV9zSn7avAWh-9_XFWqQ,1
UC-pNP6RMFuLg_-x7Ah_0kEA,UCSou6a2OuYGSvPjm5psquyA,1
UC-pNP6RMFuLg_-x7Ah_0kEA,UCTD6q1nyIe3Y7HhqjaMj72w,1
UC-pNP6RMFuLg_-x7Ah_0kEA,UCTP3O0rMnc8z8v8jaDQwL0w,1
UC-pNP6RMFuLg_-x7Ah_0kEA,UCThW2XNsAaBKme5PUt7n-Zg,1
UC-pNP6RMFuLg_-x7Ah_0kEA,UCTwSut16JyAg3mX6LVUNGqA,1
UC-pNP6RMFuLg_-x7Ah_0kEA,UCTylKrsqkrBKIqubMu_5N0Q,1
UC-pNP6RMFuLg_-x7Ah_0kEA,UCUIIIPTVDVHAXqhC_5V6lPA,1
UC-pNP6RMFuLg_-x7Ah_0kEA,UCV0iizTBoOfdAFX_thfI9BA,1
UC-pNP6RMFuLg_-x7Ah_0kEA,UCWIZUtKJ636y-4TYrNvok0g,1
UC-pNP6RMFuLg_-x7Ah_0kEA,UCXSkL3ejZ8qWYyF_M7s_QKA,1
UC-pNP6RMFuLg_-x7Ah_0kEA,UCXXh7yg5KUFIWylTiKVEFKQ,1
UC-pNP6RMFuLg_-x7Ah_0kEA,UCXgr7vXlRrsaskPdo097kGA,1
UC-pNP6RMFuLg_-x7Ah_0kEA,UCXr8_5WtGeipe4haOoQDgyQ,1
UC-pNP6RMFuLg_-x7Ah_0kEA,UCYN4wSQ1Sx4_LurxLlW7MPg,1
UC-pNP6RMFuLg_-x7Ah_0kEA,UCYwpX26TrCxq8TvbKGRYLXA,1
UC-pNP6RMFuLg_-x7Ah_0kEA,UCZ51R_9Q9C0c8I3pAWhtmjQ,1
UC-pNP6RMFuLg_-x7Ah_0kEA,UCZLG9qH0tUjNhEGFIUt0CYw,1
UC-pNP6RMFuLg_-x7Ah_0kEA,UCcfdg8crmMJwEuLUsAhV7yg,1
UC-pNP6RMFuLg_-x7Ah_0kEA,UCfM3nrxtTQMY5jFx1v1J4Gg,1
UC-pNP6RMFuLg_-x7Ah_0kEA,UCgvw7xIdGFupzpt1Y_BFkEA,1
UC-pNP6RMFuLg_-x7Ah_0kEA,UCh5ESQvtzyHDhCA7XyekCFA,1
UC-pNP6RMFuLg_-x7Ah_0kEA,UChZknRmJkeGeQk0-mQuhDOg,1
UC-pNP6RMFuLg_-x7Ah_0kEA,UChep9kVb5gQmpodEEl10Xlg,1
UC-pNP6RMFuLg_-x7Ah_0kEA,UChgkn5Jt5tWKYMoEOuCjz3Q,1
UC-pNP6RMFuLg_-x7Ah_0kEA,UChs3tU2BcKOT0CezykvAsGw,1
UC-pNP6RMFuLg_-x7Ah_0kEA,UCi1b_TRQfgO1Z9O2gNGGWNA,1
UC-pNP6RMFuLg_-x7Ah_0kEA,UCiGRBf2RNF0WRKhRVT7zFoA,1
UC-pNP6RMFuLg_-x7Ah_0kEA,UCiMythXHsw7eQEMykCdmMUA,1
UC-pNP6RMFuLg_-x7Ah_0kEA,UCipetjeiWj4CZB6EbyYziZg,1
UC-pNP6RMFuLg_-x7Ah_0kEA,UCj-LL25XJnjxepPKCc3NGog,1
UC-pNP6RMFuLg_-x7Ah_0kEA,UCjSKM9j0Q7HLDr1hD6D-TUw,1
UC-pNP6RMFuLg_-x7Ah_0kEA,UCjmPuazZJzscrwvk0QR9RVw,1
UC-pNP6RMFuLg_-x7Ah_0kEA,UCkd9W714-947dEE6ZOEBATA,1
UC-pNP6RMFuLg_-x7Ah_0kEA,UCl0ekS9Tt0jJGtOEM18S63w,1
UC-pNP6RMFuLg_-x7Ah_0kEA,UCljDbleJul41G1TzOjOZAVA,1
UC-pNP6RMFuLg_-x7Ah_0kEA,UCmjppp6ujz3SAnULvP3sZMw,1
UC-pNP6RMFuLg_-x7Ah_0kEA,UCmvOgzmmXbjUthHy-WJ52hQ,1
UC-pNP6RMFuLg_-x7Ah_0kEA,UCp4iw5_5SmV9VGTFSNVGOmQ,1
UC-pNP6RMFuLg_-x7Ah_0kEA,UCpIdtvoFHVLGASGB5ySqIEA,1
UC-pNP6RMFuLg_-x7Ah_0kEA,UCpl8rF8uv_8uui-QRvuJaRA,1
UC-pNP6RMFuLg_-x7Ah_0kEA,UCplrIQtaPj6au60_f2-mOYw,1
UC-pNP6RMFuLg_-x7Ah_0kEA,UCpsKOkt5iWTbenzeuq7dsmQ,1
UC-pNP6RMFuLg_-x7Ah_0kEA,UCr1emrogPKkKTs_WTtx71xg,1
UC-pNP6RMFuLg_-x7Ah_0kEA,UCrJn_rbo_ENAdeqneS-RmRw,1
UC-pNP6RMFuLg_-x7Ah_0kEA,UCsJJAvrVGupdmhOqgtDp8dg,1
UC-pNP6RMFuLg_-x7Ah_0kEA,UCsSXdJct-nsS8DsABoEsaYA,1
UC-pNP6RMFuLg_-x7Ah_0kEA,UCsUCN0Yq_UyTvKjOJLmNrnQ,1
UC-pNP6RMFuLg_-x7Ah_0kEA,UCsjs5Hp_r86x1xbK6FAeqaA,1
UC-pNP6RMFuLg_-x7Ah_0kEA,UCtNfIBnc5S5DbbQj_yxgJTw,1
UC-pNP6RMFuLg_-x7Ah_0kEA,UCtUR3_CAiE7fCoZHM6cMfyQ,1
UC-pNP6RMFuLg_-x7Ah_0kEA,UCueV9cTyTDwgQSec1x2dYgA,1
UC-pNP6RMFuLg_-x7Ah_0kEA,UCujPF2nBgsTD62nWE3lcpIg,1
UC-pNP6RMFuLg_-x7Ah_0kEA,UCut6b9S98nv84cVX89PmKzA,1
UC-pNP6RMFuLg_-x7Ah_0kEA,UCvApqeCbLod-wejtT4CcVuA,1
UC-pNP6RMFuLg_-x7Ah_0kEA,UCwO2SXr0ggzwg6QWWrr01nQ,1
UC-pNP6RMFuLg_-x7Ah_0kEA,UCwW2OFy95P7ZBkOPxWkpvYg,1
UC-pNP6RMFuLg_-x7Ah_0kEA,UCwha8rxULYMVtNwZWeSkE1A,1
UC-pNP6RMFuLg_-x7Ah_0kEA,UCxff05WuyvwELNITi7bj7UA,1
UC-pNP6RMFuLg_-x7Ah_0kEA,UCySYJU5kUh7X8gVt9la2ISA,1
UC-pNP6RMFuLg_-x7Ah_0kEA,UCylqlpsh8ENNM1LqgQ1KbxA,1
UC-pNP6RMFuLg_-x7Ah_0kEA,UCz3gu01bmjNv0DpRq-K3XYg,1
UC-pNP6RMFuLg_-x7Ah_0kEA,UCzSfZlOVxBSs5ObD25ywxDQ,1
UC-pNP6RMFuLg_-x7Ah_0kEA,UCzoL2l5H5eVlorWGH8AZfAg,1
UC1vr9aaMI2crB0NvwFHUeoQ,UC2Y_EHWQKevubk4vOEBBFxw,1
UC1vr9aaMI2crB0NvwFHUeoQ,UC2weSE8rpqkGMOp6StYtVfg,1
UC1vr9aaMI2crB0NvwFHUeoQ,UC3E9mAgP7VoAE5mZoAexl5g,1
UC1vr9aaMI2crB0NvwFHUeoQ,UC3MYTqpQqlWBuCB7Th0e0PA,1
UC1vr9aaMI2crB0NvwFHUeoQ,UC3NMzdMYryaw82kPTnsaljg,1
UC1vr9aaMI2crB0NvwFHUeoQ,UC3XTwHxygNCgjndsg-UiCQA,1
UC1vr9aaMI2crB0NvwFHUeoQ,UC3qn1yJA5PeW9rkGPatQxiw,1
UC1vr9aaMI2crB0NvwFHUeoQ,UC4cXueR2bKGFJV0Fk76gwmA,1
UC1vr9aaMI2crB0NvwFHUeoQ,UC4wq3DcbfaG6dtCqn8Oyu3w,1
UC1vr9aaMI2crB0NvwFHUeoQ,UC5H8ASmMC9WrURmzeB4ySog,1
UC1vr9aaMI2crB0NvwFHUeoQ,UC5bG9nc_JV3FsNP2KseQiYw,1
UC1vr9aaMI2crB0NvwFHUeoQ,UC650pRT-OYzny3GwOH8Cgfw,1
UC1vr9aaMI2crB0NvwFHUeoQ,UC6PvO1_k5lHKGdAPo5_C6TA,1
UC1vr9aaMI2crB0NvwFHUeoQ,UC6YSZqL0vEcI-niPKIMUGfw,1
UC1vr9aaMI2crB0NvwFHUeoQ,UC72gBAtyb_VXQlYDcFrh6oQ,1
UC1vr9aaMI2crB0NvwFHUeoQ,UC7VUuJr9cGh845CmTvf7TlQ,1
UC1vr9aaMI2crB0NvwFHUeoQ,UC8F2V63KZ4ZEay6opX2hAQw,1
UC1vr9aaMI2crB0NvwFHUeoQ,UC8G5cJONY8L9voMyBW8Eoug,1
UC1vr9aaMI2crB0NvwFHUeoQ,UC8r11yOugM2NuRfitQOxLLg,1
UC1vr9aaMI2crB0NvwFHUeoQ,UC9vMq1YF-e7C-VO0SHkbUTA,1
UC1vr9aaMI2crB0NvwFHUeoQ,UC9xr9QvIcDvoZNUX5f-jaZw,1
UC1vr9aaMI2crB0NvwFHUeoQ,UCA93ym2TXs_Ibyxb4Vcn-6Q,1
UC1vr9aaMI2crB0NvwFHUeoQ,UCAlzM_N6xBlMYmM8EBzX86Q,1
UC1vr9aaMI2crB0NvwFHUeoQ,UCAmtbUiIrUIhikru0ZoTFig,1
UC1vr9aaMI2crB0NvwFHUeoQ,UCB5p8a5gklc80jJItP6xTHg,1
UC1vr9aaMI2crB0NvwFHUeoQ,UCCaYwkkbQGcvFoUmothVdQQ,1
UC1vr9aaMI2crB0NvwFHUeoQ,UCDIMztpVm7G27qBuiWuT6oQ,1
UC1vr9aaMI2crB0NvwFHUeoQ,UCDPWkUX3sNNaCx-m1dV4glA,1
UC1vr9aaMI2crB0NvwFHUeoQ,UCDQaQv0hr2SS_PO-CMEwVHg,1
UC1vr9aaMI2crB0NvwFHUeoQ,UCDUffaruH6dyUnUGwsTKpgg,1
UC1vr9aaMI2crB0NvwFHUeoQ,UCDftMWXQoJ6nONfY7GVOVjg,1
UC1vr9aaMI2crB0NvwFHUeoQ,UCDlr1VadSucIZgZ171pRBjQ,1
UC1vr9aaMI2crB0NvwFHUeoQ,UCEgEQmRbtL5fwr9_DqAC--g,1
UC1vr9aaMI2crB0NvwFHUeoQ,UCErZPJpHmLCsXs8ZWkAUupQ,1
UC1vr9aaMI2crB0NvwFHUeoQ,UCFUuDARXdmmIrLppEqf-rFg,1
UC1vr9aaMI2crB0NvwFHUeoQ,UCFhxtoeARHPnXXPcDrOU3Xg,1
UC1vr9aaMI2crB0NvwFHUeoQ,UCFjudnPLoaSL1BaRuLahyHg,1
UC1vr9aaMI2crB0NvwFHUeoQ,UCFoIAE8k82D6AV-8gjjKaNg,1
UC1vr9aaMI2crB0NvwFHUeoQ,UCFxE8GbokBrBsPEKM1xrOjQ,1
UC1vr9aaMI2crB0NvwFHUeoQ,UCGzXwyCzMzGmjmCbH3Hg01Q,1
UC1vr9aaMI2crB0NvwFHUeoQ,UCHTGCgY2l-DQJIvlA_cpa_Q,1
UC1vr9aaMI2crB0NvwFHUeoQ,UCHhHUjaMAZ8SiXdCUCj9DkQ,1
UC1vr9aaMI2crB0NvwFHUeoQ,UCKDR0f2fu2UzWL8mBv5-BHw,1
UC1vr9aaMI2crB0NvwFHUeoQ,UCL13XhnRzbGokEkCkEOb0-g,1
UC1vr9aaMI2crB0NvwFHUeoQ,UCL1MT278vSaQ83ZDkVWn1gw,1
UC1vr9aaMI2crB0NvwFHUeoQ,UCLFdHr9BEbXHkoJopbEPLZw,1
UC1vr9aaMI2crB0NvwFHUeoQ,UCLggDc_a5HriXv7I1h02sOA,1
UC1vr9aaMI2crB0NvwFHUeoQ,UCN6qbfPSzFtjhqUDZ3Cv3CQ,1
UC1vr9aaMI2crB0NvwFHUeoQ,UCNBnKqWf4d-rS4HwJRQljmQ,1
UC1vr9aaMI2crB0NvwFHUeoQ,UCNkcuy42zEwddwEcOd_HpnA,1
UC1vr9aaMI2crB0NvwFHUeoQ,UCOLGv5Pf6BF2wFcwUzgcvHg,1
UC1vr9aaMI2crB0NvwFHUeoQ,UCOS8ViEkccrTZx2w2ccxotA,1
UC1vr9aaMI2crB0NvwFHUeoQ,UCOh6DaZC_x9HASnlRylEMfw,1
UC1vr9aaMI2crB0NvwFHUeoQ,UCQ_-LPP8JAbfkc-b1Q6NvWw,1
UC1vr9aaMI2crB0NvwFHUeoQ,UCQgYjVngJRfPHDLGB5X6ZjA,1
UC1vr9aaMI2crB0NvwFHUeoQ,UCQqetiwzzmRNTM5OWuXarGQ,1
UC1vr9aaMI2crB0NvwFHUeoQ,UCQtICyzWmhC5woCtbNgaSmg,1
UC1vr9aaMI2crB0NvwFHUeoQ,UCQtSFINs1h6GHkpg9o5kMvg,1
UC1vr9aaMI2crB0NvwFHUeoQ,UCRETAiYdh2dL5ZxB0_N1zDA,1
UC1vr9aaMI2crB0NvwFHUeoQ,UCRelkU8JiZBytTzebJxaa-w,1
UC1vr9aaMI2crB0NvwFHUeoQ,UCRlCV9zSn7avAWh-9_XFWqQ,1
UC1vr9aaMI2crB0NvwFHUeoQ,UCSou6a2OuYGSvPjm5psquyA,1
UC1vr9aaMI2crB0NvwFHUeoQ,UCTD6q1nyIe3Y7HhqjaMj72w,1
UC1vr9aaMI2crB0NvwFHUeoQ,UCTP3O0rMnc8z8v8jaDQwL0w,1
UC1vr9aaMI2crB0NvwFHUeoQ,UCThW2XNsAaBKme5PUt7n-Zg,1
UC1vr9aaMI2crB0NvwFHUeoQ,UCTwSut16JyAg3mX6LVUNGqA,1
UC1vr9aaMI2crB0NvwFHUeoQ,UCTylKrsqkrBKIqubMu_5N0Q,1
UC1vr9aaMI2crB0NvwFHUeoQ,UCUIIIPTVDVHAXqhC_5V6lPA,1
UC1vr9aaMI2crB0NvwFHUeoQ,UCV0iizTBoOfdAFX_thfI9BA,1
UC1vr9aaMI2crB0NvwFHUeoQ,UCWIZUtKJ636y-4TYrNvok0g,1
UC1vr9aaMI2crB0NvwFHUeoQ,UCXSkL3ejZ8qWYyF_M7s_QKA,1
UC1vr9aaMI2crB0NvwFHUeoQ,UCXXh7yg5KUFIWylTiKVEFKQ,1
UC1vr9aaMI2crB0NvwFHUeoQ,UCXgr7vXlRrsaskPdo097kGA,1
UC1vr9aaMI2crB0NvwFHUeoQ,UCXr8_5WtGeipe4haOoQDgyQ,1
UC1vr9aaMI2crB0NvwFHUeoQ,UCYN4wSQ1Sx4_LurxLlW7MPg,1
UC1vr9aaMI2crB0NvwFHUeoQ,UCYwpX26TrCxq8TvbKGRYLXA,1
UC1vr9aaMI2crB0NvwFHUeoQ,UCZ51R_9Q9C0c8I3pAWhtmjQ,1
UC1vr9aaMI2crB0NvwFHUeoQ,UCZLG9qH0tUjNhEGFIUt0CYw,1
UC1vr9aaMI2crB0NvwFHUeoQ,UCcfdg8crmMJwEuLUsAhV7yg,1
UC1vr9aaMI2crB0NvwFHUeoQ,UCfM3nrxtTQMY5jFx1v1J4Gg,1
UC1vr9aaMI2crB0NvwFHUeoQ,UCgvw7xIdGFupzpt1Y_BFkEA,1
UC1vr9aaMI2crB0NvwFHUeoQ,UCh5ESQvtzyHDhCA7XyekCFA,1
UC1vr9aaMI2crB0NvwFHUeoQ,UChZknRmJkeGeQk0-mQuhDOg,1
UC1vr9aaMI2crB0NvwFHUeoQ,UChep9kVb5gQmpodEEl10Xlg,1
UC1vr9aaMI2crB0NvwFHUeoQ,UChgkn5Jt5tWKYMoEOuCjz3Q,1
UC1vr9aaMI2crB0NvwFHUeoQ,UChs3tU2BcKOT0CezykvAsGw,1
UC1vr9aaMI2crB0NvwFHUeoQ,UCi1b_TRQfgO1Z9O2gNGGWNA,1
UC1vr9aaMI2crB0NvwFHUeoQ,UCiGRBf2RNF0WRKhRVT7zFoA,1
UC1vr9aaMI2crB0NvwFHUeoQ,UCiMythXHsw7eQEMykCdmMUA,1
UC1vr9aaMI2crB0NvwFHUeoQ,UCipetjeiWj4CZB6EbyYziZg,1
UC1vr9aaMI2crB0NvwFHUeoQ,UCj-LL25XJnjxepPKCc3NGog,1
UC1vr9aaMI2crB0NvwFHUeoQ,UCjSKM9j0Q7HLDr1hD6D-TUw,1
UC1vr9aaMI2crB0NvwFHUeoQ,UCjmPuazZJzscrwvk0QR9RVw,1
UC1vr9aaMI2crB0NvwFHUeoQ,UCkd9W714-947dEE6ZOEBATA,1
UC1vr9aaMI2crB0NvwFHUeoQ,UCl0ekS9Tt0jJGtOEM18S63w,1
UC1vr9aaMI2crB0NvwFHUeoQ,UCljDbleJul41G1TzOjOZAVA,1
UC1vr9aaMI2crB0NvwFHUeoQ,UCmjppp6ujz3SAnULvP3sZMw,1
UC1vr9aaMI2crB0NvwFHUeoQ,UCmvOgzmmXbjUthHy-WJ52hQ,1
UC1vr9aaMI2crB0NvwFHUeoQ,UCp4iw5_5SmV9VGTFSNVGOmQ,1
UC1vr9aaMI2crB0NvwFHUeoQ,UCpIdtvoFHVLGASGB5ySqIEA,1
UC1vr9aaMI2crB0NvwFHUeoQ,UCpl8rF8uv_8uui-QRvuJaRA,1
UC1vr9aaMI2crB0NvwFHUeoQ,UCplrIQtaPj6au60_f2-mOYw,1
UC1vr9aaMI2crB0NvwFHUeoQ,UCpsKOkt5iWTbenzeuq7dsmQ,1
UC1vr9aaMI2crB0NvwFHUeoQ,UCr1emrogPKkKTs_WTtx71xg,1
UC1vr9aaMI2crB0NvwFHUeoQ,UCrJn_rbo_ENAdeqneS-RmRw,1
UC1vr9aaMI2crB0NvwFHUeoQ,UCsJJAvrVGupdmhOqgtDp8dg,1
UC1vr9aaMI2crB0NvwFHUeoQ,UCsSXdJct-nsS8DsABoEsaYA,1
UC1vr9aaMI2crB0NvwFHUeoQ,UCsUCN0Yq_UyTvKjOJLmNrnQ,1
UC1vr9aaMI2crB0NvwFHUeoQ,UCsjs5Hp_r86x1xbK6FAeqaA,1
UC1vr9aaMI2crB0NvwFHUeoQ,UCtNfIBnc5S5DbbQj_yxgJTw,1
UC1vr9aaMI2crB0NvwFHUeoQ,UCtUR3_CAiE7fCoZHM6cMfyQ,1
UC1vr9aaMI2crB0NvwFHUeoQ,UCueV9cTyTDwgQSec1x2dYgA,1
UC1vr9aaMI2crB0NvwFHUeoQ,UCujPF2nBgsTD62nWE3lcpIg,1
UC1vr9aaMI2crB0NvwFHUeoQ,UCut6b9S98nv84cVX89PmKzA,1
UC1vr9aaMI2crB0NvwFHUeoQ,UCvApqeCbLod-wejtT4CcVuA,1
UC1vr9aaMI2crB0NvwFHUeoQ,UCwO2SXr0ggzwg6QWWrr01nQ,1
UC1vr9aaMI2crB0NvwFHUeoQ,UCwW2OFy95P7ZBkOPxWkpvYg,1
UC1vr9aaMI2crB0NvwFHUeoQ,UCwha8rxULYMVtNwZWeSkE1A,1
UC1vr9aaMI2crB0NvwFHUeoQ,UCxff05WuyvwELNITi7bj7UA,1
UC1vr9aaMI2crB0NvwFHUeoQ,UCySYJU5kUh7X8gVt9la2ISA,1
UC1vr9aaMI2crB0NvwFHUeoQ,UCylqlpsh8ENNM1LqgQ1KbxA,1
UC1vr9aaMI2crB0NvwFHUeoQ,UCz3gu01bmjNv0DpRq-K3XYg,1
UC1vr9aaMI2crB0NvwFHUeoQ,UCzSfZlOVxBSs5ObD25ywxDQ,1
UC1vr9aaMI2crB0NvwFHUeoQ,UCzoL2l5H5eVlorWGH8AZfAg,1
UC2Y_EHWQKevubk4vOEBBFxw,UC2weSE8rpqkGMOp6StYtVfg,1
UC2Y_EHWQKevubk4vOEBBFxw,UC3E9mAgP7VoAE5mZoAexl5g,1
UC2Y_EHWQKevubk4vOEBBFxw,UC3MYTqpQqlWBuCB7Th0e0PA,1
UC2Y_EHWQKevubk4vOEBBFxw,UC3NMzdMYryaw82kPTnsaljg,1
UC2Y_EHWQKevubk4vOEBBFxw,UC3XTwHxygNCgjndsg-UiCQA,1
UC2Y_EHWQKevubk4vOEBBFxw,UC3qn1yJA5PeW9rkGPatQxiw,1
UC2Y_EHWQKevubk4vOEBBFxw,UC4cXueR2bKGFJV0Fk76gwmA,1
UC2Y_EHWQKevubk4vOEBBFxw,UC4wq3DcbfaG6dtCqn8Oyu3w,1
UC2Y_EHWQKevubk4vOEBBFxw,UC5H8ASmMC9WrURmzeB4ySog,1
UC2Y_EHWQKevubk4vOEBBFxw,UC5bG9nc_JV3FsNP2KseQiYw,1
UC2Y_EHWQKevubk4vOEBBFxw,UC650pRT-OYzny3GwOH8Cgfw,1
UC2Y_EHWQKevubk4vOEBBFxw,UC6PvO1_k5lHKGdAPo5_C6TA,1
UC2Y_EHWQKevubk4vOEBBFxw,UC6YSZqL0vEcI-niPKIMUGfw,1
UC2Y_EHWQKevubk4vOEBBFxw,UC72gBAtyb_VXQlYDcFrh6oQ,1
UC2Y_EHWQKevubk4vOEBBFxw,UC7VUuJr9cGh845CmTvf7TlQ,1
UC2Y_EHWQKevubk4vOEBBFxw,UC8F2V63KZ4ZEay6opX2hAQw,1
UC2Y_EHWQKevubk4vOEBBFxw,UC8G5cJONY8L9voMyBW8Eoug,1
UC2Y_EHWQKevubk4vOEBBFxw,UC8r11yOugM2NuRfitQOxLLg,1
UC2Y_EHWQKevubk4vOEBBFxw,UC9vMq1YF-e7C-VO0SHkbUTA,1
UC2Y_EHWQKevubk4vOEBBFxw,UC9xr9QvIcDvoZNUX5f-jaZw,1
UC2Y_EHWQKevubk4vOEBBFxw,UCA93ym2TXs_Ibyxb4Vcn-6Q,1
UC2Y_EHWQKevubk4vOEBBFxw,UCAlzM_N6xBlMYmM8EBzX86Q,1
UC2Y_EHWQKevubk4vOEBBFxw,UCAmtbUiIrUIhikru0ZoTFig,1
UC2Y_EHWQKevubk4vOEBBFxw,UCB5p8a5gklc80jJItP6xTHg,1
UC2Y_EHWQKevubk4vOEBBFxw,UCCaYwkkbQGcvFoUmothVdQQ,1
UC2Y_EHWQKevubk4vOEBBFxw,UCDIMztpVm7G27qBuiWuT6oQ,1
UC2Y_EHWQKevubk4vOEBBFxw,UCDPWkUX3sNNaCx-m1dV4glA,1
UC2Y_EHWQKevubk4vOEBBFxw,UCDQaQv0hr2SS_PO-CMEwVHg,1
UC2Y_EHWQKevubk4vOEBBFxw,UCDUffaruH6dyUnUGwsTKpgg,1
UC2Y_EHWQKevubk4vOEBBFxw,UCDftMWXQoJ6nONfY7GVOVjg,1
UC2Y_EHWQKevubk4vOEBBFxw,UCDlr1VadSucIZgZ171pRBjQ,1
UC2Y_EHWQKevubk4vOEBBFxw,UCEgEQmRbtL5fwr9_DqAC--g,1
UC2Y_EHWQKevubk4vOEBBFxw,UCErZPJpHmLCsXs8ZWkAUupQ,1
UC2Y_EHWQKevubk4vOEBBFxw,UCFUuDARXdmmIrLppEqf-rFg,1
UC2Y_EHWQKevubk4vOEBBFxw,UCFhxtoeARHPnXXPcDrOU3Xg,1
UC2Y_EHWQKevubk4vOEBBFxw,UCFjudnPLoaSL1BaRuLahyHg,1
UC2Y_EHWQKevubk4vOEBBFxw,UCFoIAE8k82D6AV-8gjjKaNg,1
UC2Y_EHWQKevubk4vOEBBFxw,UCFxE8GbokBrBsPEKM1xrOjQ,1
UC2Y_EHWQKevubk4vOEBBFxw,UCGzXwyCzMzGmjmCbH3Hg01Q,1
UC2Y_EHWQKevubk4vOEBBFxw,UCHTGCgY2l-DQJIvlA_cpa_Q,1
UC2Y_EHWQKevubk4vOEBBFxw,UCHhHUjaMAZ8SiXdCUCj9DkQ,1
UC2Y_EHWQKevubk4vOEBBFxw,UCKDR0f2fu2UzWL8mBv5-BHw,1
UC2Y_EHWQKevubk4vOEBBFxw,UCL13XhnRzbGokEkCkEOb0-g,1
UC2Y_EHWQKevubk4vOEBBFxw,UCL1MT278vSaQ83ZDkVWn1gw,1
UC2Y_EHWQKevubk4vOEBBFxw,UCLFdHr9BEbXHkoJopbEPLZw,1
UC2Y_EHWQKevubk4vOEBBFxw,UCLggDc_a5HriXv7I1h02sOA,1
UC2Y_EHWQKevubk4vOEBBFxw,UCN6qbfPSzFtjhqUDZ3Cv3CQ,1
UC2Y_EHWQKevubk4vOEBBFxw,UCNBnKqWf4d-rS4HwJRQljmQ,1
UC2Y_EHWQKevubk4vOEBBFxw,UCNkcuy42zEwddwEcOd_HpnA,1
UC2Y_EHWQKevubk4vOEBBFxw,UCOLGv5Pf6BF2wFcwUzgcvHg,1
UC2Y_EHWQKevubk4vOEBBFxw,UCOS8ViEkccrTZx2w2ccxotA,1
UC2Y_EHWQKevubk4vOEBBFxw,UCOh6DaZC_x9HASnlRylEMfw,1
UC2Y_EHWQKevubk4vOEBBFxw,UCQ_-LPP8JAbfkc-b1Q6NvWw,1
UC2Y_EHWQKevubk4vOEBBFxw,UCQgYjVngJRfPHDLGB5X6ZjA,1
UC2Y_EHWQKevubk4vOEBBFxw,UCQqetiwzzmRNTM5OWuXarGQ,1
UC2Y_EHWQKevubk4vOEBBFxw,UCQtICyzWmhC5woCtbNgaSmg,1
UC2Y_EHWQKevubk4vOEBBFxw,UCQtSFINs1h6GHkpg9o5kMvg,1
UC2Y_EHWQKevubk4vOEBBFxw,UCRETAiYdh2dL5ZxB0_N1zDA,1
UC2Y_EHWQKevubk4vOEBBFxw,UCRelkU8JiZBytTzebJxaa-w,1
UC2Y_EHWQKevubk4vOEBBFxw,UCRlCV9zSn7avAWh-9_XFWqQ,1
UC2Y_EHWQKevubk4vOEBBFxw,UCSou6a2OuYGSvPjm5psquyA,1
UC2Y_EHWQKevubk4vOEBBFxw,UCTD6q1nyIe3Y7HhqjaMj72w,1
UC2Y_EHWQKevubk4vOEBBFxw,UCTP3O0rMnc8z8v8jaDQwL0w,1
UC2Y_EHWQKevubk4vOEBBFxw,UCThW2XNsAaBKme5PUt7n-Zg,1
UC2Y_EHWQKevubk4vOEBBFxw,UCTwSut16JyAg3mX6LVUNGqA,1
UC2Y_EHWQKevubk4vOEBBFxw,UCTylKrsqkrBKIqubMu_5N0Q,1
UC2Y_EHWQKevubk4vOEBBFxw,UCUIIIPTVDVHAXqhC_5V6lPA,1
UC2Y_EHWQKevubk4vOEBBFxw,UCV0iizTBoOfdAFX_thfI9BA,1
UC2Y_EHWQKevubk4vOEBBFxw,UCWIZUtKJ636y-4TYrNvok0g,1
UC2Y_EHWQKevubk4vOEBBFxw,UCXSkL3ejZ8qWYyF_M7s_QKA,1
UC2Y_EHWQKevubk4vOEBBFxw,UCXXh7yg5KUFIWylTiKVEFKQ,1
UC2Y_EHWQKevubk4vOEBBFxw,UCXgr7vXlRrsaskPdo097kGA,1
UC2Y_EHWQKevubk4vOEBBFxw,UCXr8_5WtGeipe4haOoQDgyQ,1
UC2Y_EHWQKevubk4vOEBBFxw,UCYN4wSQ1Sx4_LurxLlW7MPg,1
UC2Y_EHWQKevubk4vOEBBFxw,UCYwpX26TrCxq8TvbKGRYLXA,1
UC2Y_EHWQKevubk4vOEBBFxw,UCZ51R_9Q9C0c8I3pAWhtmjQ,1
UC2Y_EHWQKevubk4vOEBBFxw,UCZLG9qH0tUjNhEGFIUt0CYw,1
UC2Y_EHWQKevubk4vOEBBFxw,UCcfdg8crmMJwEuLUsAhV7yg,1
UC2Y_EHWQKevubk4vOEBBFxw,UCfM3nrxtTQMY5jFx1v1J4Gg,1
UC2Y_EHWQKevubk4vOEBBFxw,UCgvw7xIdGFupzpt1Y_BFkEA,1
UC2Y_EHWQKevubk4vOEBBFxw,UCh5ESQvtzyHDhCA7XyekCFA,1
UC2Y_EHWQKevubk4vOEBBFxw,UChZknRmJkeGeQk0-mQuhDOg,1
UC2Y_EHWQKevubk4vOEBBFxw,UChep9kVb5gQmpodEEl10Xlg,1
UC2Y_EHWQKevubk4vOEBBFxw,UChgkn5Jt5tWKYMoEOuCjz3Q,1
UC2Y_EHWQKevubk4vOEBBFxw,UChs3tU2BcKOT0CezykvAsGw,1
UC2Y_EHWQKevubk4vOEBBFxw,UCi1b_TRQfgO1Z9O2gNGGWNA,1
UC2Y_EHWQKevubk4vOEBBFxw,UCiGRBf2RNF0WRKhRVT7zFoA,1
UC2Y_EHWQKevubk4vOEBBFxw,UCiMythXHsw7eQEMykCdmMUA,1
UC2Y_EHWQKevubk4vOEBBFxw,UCipetjeiWj4CZB6EbyYziZg,1
UC2Y_EHWQKevubk4vOEBBFxw,UCj-LL25XJnjxepPKCc3NGog,1
UC2Y_EHWQKevubk4vOEBBFxw,UCjSKM9j0Q7HLDr1hD6D-TUw,1
UC2Y_EHWQKevubk4vOEBBFxw,UCjmPuazZJzscrwvk0QR9RVw,1
UC2Y_EHWQKevubk4vOEBBFxw,UCkd9W714-947dEE6ZOEBATA,1
UC2Y_EHWQKevubk4vOEBBFxw,UCl0ekS9Tt0jJGtOEM18S63w,1
UC2Y_EHWQKevubk4vOEBBFxw,UCljDbleJul41G1TzOjOZAVA,1
UC2Y_EHWQKevubk4vOEBBFxw,UCmjppp6ujz3SAnULvP3sZMw,1
UC2Y_EHWQKevubk4vOEBBFxw,UCmvOgzmmXbjUthHy-WJ52hQ,1
UC2Y_EHWQKevubk4vOEBBFxw,UCp4iw5_5SmV9VGTFSNVGOmQ,1
UC2Y_EHWQKevubk4vOEBBFxw,UCpIdtvoFHVLGASGB5ySqIEA,1
UC2Y_EHWQKevubk4vOEBBFxw,UCpl8rF8uv_8uui-QRvuJaRA,1
UC2Y_EHWQKevubk4vOEBBFxw,UCplrIQtaPj6au60_f2-mOYw,1
UC2Y_EHWQKevubk4vOEBBFxw,UCpsKOkt5iWTbenzeuq7dsmQ,1
UC2Y_EHWQKevubk4vOEBBFxw,UCr1emrogPKkKTs_WTtx71xg,1
UC2Y_EHWQKevubk4vOEBBFxw,UCrJn_rbo_ENAdeqneS-RmRw,1
UC2Y_EHWQKevubk4vOEBBFxw,UCsJJAvrVGupdmhOqgtDp8dg,1
UC2Y_EHWQKevubk4vOEBBFxw,UCsSXdJct-nsS8DsABoEsaYA,1
UC2Y_EHWQKevubk4vOEBBFxw,UCsUCN0Yq_UyTvKjOJLmNrnQ,1
UC2Y_EHWQKevubk4vOEBBFxw,UCsjs5Hp_r86x1xbK6FAeqaA,1
UC2Y_EHWQKevubk4vOEBBFxw,UCtNfIBnc5S5DbbQj_yxgJTw,1
UC2Y_EHWQKevubk4vOEBBFxw,UCtUR3_CAiE7fCoZHM6cMfyQ,1
UC2Y_EHWQKevubk4vOEBBFxw,UCueV9cTyTDwgQSec1x2dYgA,1
UC2Y_EHWQKevubk4vOEBBFxw,UCujPF2nBgsTD62nWE3lcpIg,1
UC2Y_EHWQKevubk4vOEBBFxw,UCut6b9S98nv84cVX89PmKzA,1
UC2Y_EHWQKevubk4vOEBBFxw,UCvApqeCbLod-wejtT4CcVuA,1
UC2Y_EHWQKevubk4vOEBBFxw,UCwO2SXr0ggzwg6QWWrr01nQ,1
UC2Y_EHWQKevubk4vOEBBFxw,UCwW2OFy95P7ZBkOPxWkpvYg,1
UC2Y_EHWQKevubk4vOEBBFxw,UCwha8rxULYMVtNwZWeSkE1A,1
UC2Y_EHWQKevubk4vOEBBFxw,UCxff05WuyvwELNITi7bj7UA,1
UC2Y_EHWQKevubk4vOEBBFxw,UCySYJU5kUh7X8gVt9la2ISA,1
UC2Y_EHWQKevubk4vOEBBFxw,UCylqlpsh8ENNM1LqgQ1KbxA,1
UC2Y_EHWQKevubk4vOEBBFxw,UCz3gu01bmjNv0DpRq-K3XYg,1
UC2Y_EHWQKevubk4vOEBBFxw,UCzSfZlOVxBSs5ObD25ywxDQ,1
UC2Y_EHWQKevubk4vOEBBFxw,UCzoL2l5H5eVlorWGH8AZfAg,1
UC2weSE8rpqkGMOp6StYtVfg,UC3E9mAgP7VoAE5mZoAexl5g,1
UC2weSE8rpqkGMOp6StYtVfg,UC3MYTqpQqlWBuCB7Th0e0PA,1
UC2weSE8rpqkGMOp6StYtVfg,UC3NMzdMYryaw82kPTnsaljg,1
UC2weSE8rpqkGMOp6StYtVfg,UC3XTwHxygNCgjndsg-UiCQA,1
UC2weSE8rpqkGMOp6StYtVfg,UC3qn1yJA5PeW9rkGPatQxiw,1
UC2weSE8rpqkGMOp6StYtVfg,UC4cXueR2bKGFJV0Fk76gwmA,1
UC2weSE8rpqkGMOp6StYtVfg,UC4wq3DcbfaG6dtCqn8Oyu3w,1
UC2weSE8rpqkGMOp6StYtVfg,UC5H8ASmMC9WrURmzeB4ySog,1
UC2weSE8rpqkGMOp6StYtVfg,UC5bG9nc_JV3FsNP2KseQiYw,1
UC2weSE8rpqkGMOp6StYtVfg,UC650pRT-OYzny3GwOH8Cgfw,1
UC2weSE8rpqkGMOp6StYtVfg,UC6PvO1_k5lHKGdAPo5_C6TA,1
UC2weSE8rpqkGMOp6StYtVfg,UC6YSZqL0vEcI-niPKIMUGfw,1
UC2weSE8rpqkGMOp6StYtVfg,UC72gBAtyb_VXQlYDcFrh6oQ,1
UC2weSE8rpqkGMOp6StYtVfg,UC7VUuJr9cGh845CmTvf7TlQ,1
UC2weSE8rpqkGMOp6StYtVfg,UC8F2V63KZ4ZEay6opX2hAQw,1
UC2weSE8rpqkGMOp6StYtVfg,UC8G5cJONY8L9voMyBW8Eoug,1
UC2weSE8rpqkGMOp6StYtVfg,UC8r11yOugM2NuRfitQOxLLg,1
UC2weSE8rpqkGMOp6StYtVfg,UC9vMq1YF-e7C-VO0SHkbUTA,1
UC2weSE8rpqkGMOp6StYtVfg,UC9xr9QvIcDvoZNUX5f-jaZw,1
UC2weSE8rpqkGMOp6StYtVfg,UCA93ym2TXs_Ibyxb4Vcn-6Q,1
UC2weSE8rpqkGMOp6StYtVfg,UCAlzM_N6xBlMYmM8EBzX86Q,1
UC2weSE8rpqkGMOp6StYtVfg,UCAmtbUiIrUIhikru0ZoTFig,1
UC2weSE8rpqkGMOp6StYtVfg,UCB5p8a5gklc80jJItP6xTHg,1
UC2weSE8rpqkGMOp6StYtVfg,UCCaYwkkbQGcvFoUmothVdQQ,1
UC2weSE8rpqkGMOp6StYtVfg,UCDIMztpVm7G27qBuiWuT6oQ,1
UC2weSE8rpqkGMOp6StYtVfg,UCDPWkUX3sNNaCx-m1dV4glA,1
UC2weSE8rpqkGMOp6StYtVfg,UCDQaQv0hr2SS_PO-CMEwVHg,1
UC2weSE8rpqkGMOp6StYtVfg,UCDUffaruH6dyUnUGwsTKpgg,1
UC2weSE8rpqkGMOp6StYtVfg,UCDftMWXQoJ6nONfY7GVOVjg,1
UC2weSE8rpqkGMOp6StYtVfg,UCDlr1VadSucIZgZ171pRBjQ,1
UC2weSE8rpqkGMOp6StYtVfg,UCEgEQmRbtL5fwr9_DqAC--g,1
UC2weSE8rpqkGMOp6StYtVfg,UCErZPJpHmLCsXs8ZWkAUupQ,1
UC2weSE8rpqkGMOp6StYtVfg,UCFUuDARXdmmIrLppEqf-rFg,1
UC2weSE8rpqkGMOp6StYtVfg,UCFhxtoeARHPnXXPcDrOU3Xg,1
UC2weSE8rpqkGMOp6StYtVfg,UCFjudnPLoaSL1BaRuLahyHg,1
UC2weSE8rpqkGMOp6StYtVfg,UCFoIAE8k82D6AV-8gjjKaNg,1
UC2weSE8rpqkGMOp6StYtVfg,UCFxE8GbokBrBsPEKM1xrOjQ,1
UC2weSE8rpqkGMOp6StYtVfg,UCGzXwyCzMzGmjmCbH3Hg01Q,1
UC2weSE8rpqkGMOp6StYtVfg,UCHTGCgY2l-DQJIvlA_cpa_Q,1
UC2weSE8rpqkGMOp6StYtVfg,UCHhHUjaMAZ8SiXdCUCj9DkQ,1
UC2weSE8rpqkGMOp6StYtVfg,UCKDR0f2fu2UzWL8mBv5-BHw,1
UC2weSE8rpqkGMOp6StYtVfg,UCL13XhnRzbGokEkCkEOb0-g,1
UC2weSE8rpqkGMOp6StYtVfg,UCL1MT278vSaQ83ZDkVWn1gw,1
UC2weSE8rpqkGMOp6StYtVfg,UCLFdHr9BEbXHkoJopbEPLZw,1
UC2weSE8rpqkGMOp6StYtVfg,UCLggDc_a5HriXv7I1h02sOA,1
UC2weSE8rpqkGMOp6StYtVfg,UCN6qbfPSzFtjhqUDZ3Cv3CQ,1
UC2weSE8rpqkGMOp6StYtVfg,UCNBnKqWf4d-rS4HwJRQljmQ,1
UC2weSE8rpqkGMOp6StYtVfg,UCNkcuy42zEwddwEcOd_HpnA,1
UC2weSE8rpqkGMOp6StYtVfg,UCOLGv5Pf6BF2wFcwUzgcvHg,1
UC2weSE8rpqkGMOp6StYtVfg,UCOS8ViEkccrTZx2w2ccxotA,1
UC2weSE8rpqkGMOp6StYtVfg,UCOh6DaZC_x9HASnlRylEMfw,1
UC2weSE8rpqkGMOp6StYtVfg,UCQ_-LPP8JAbfkc-b1Q6NvWw,1
UC2weSE8rpqkGMOp6StYtVfg,UCQgYjVngJRfPHDLGB5X6ZjA,1
UC2weSE8rpqkGMOp6StYtVfg,UCQqetiwzzmRNTM5OWuXarGQ,1
UC2weSE8rpqkGMOp6StYtVfg,UCQtICyzWmhC5woCtbNgaSmg,1
UC2weSE8rpqkGMOp6StYtVfg,UCQtSFINs1h6GHkpg9o5kMvg,1
UC2weSE8rpqkGMOp6StYtVfg,UCRETAiYdh2dL5ZxB0_N1zDA,1
UC2weSE8rpqkGMOp6StYtVfg,UCRelkU8JiZBytTzebJxaa-w,1
UC2weSE8rpqkGMOp6StYtVfg,UCRlCV9zSn7avAWh-9_XFWqQ,1
UC2weSE8rpqkGMOp6StYtVfg,UCSou6a2OuYGSvPjm5psquyA,1
UC2weSE8rpqkGMOp6StYtVfg,UCTD6q1nyIe3Y7HhqjaMj72w,1
UC2weSE8rpqkGMOp6StYtVfg,UCTP3O0rMnc8z8v8jaDQwL0w,1
UC2weSE8rpqkGMOp6StYtVfg,UCThW2XNsAaBKme5PUt7n-Zg,1
UC2weSE8rpqkGMOp6StYtVfg,UCTwSut16JyAg3mX6LVUNGqA,1
UC2weSE8rpqkGMOp6StYtVfg,UCTylKrsqkrBKIqubMu_5N0Q,1
UC2weSE8rpqkGMOp6StYtVfg,UCUIIIPTVDVHAXqhC_5V6lPA,1
UC2weSE8rpqkGMOp6StYtVfg,UCV0iizTBoOfdAFX_thfI9BA,1
UC2weSE8rpqkGMOp6StYtVfg,UCWIZUtKJ636y-4TYrNvok0g,1
UC2weSE8rpqkGMOp6StYtVfg,UCXSkL3ejZ8qWYyF_M7s_QKA,1
UC2weSE8rpqkGMOp6StYtVfg,UCXXh7yg5KUFIWylTiKVEFKQ,1
UC2weSE8rpqkGMOp6StYtVfg,UCXgr7vXlRrsaskPdo097kGA,1
UC2weSE8rpqkGMOp6StYtVfg,UCXr8_5WtGeipe4haOoQDgyQ,1
UC2weSE8rpqkGMOp6StYtVfg,UCYN4wSQ1Sx4_LurxLlW7MPg,1
UC2weSE8rpqkGMOp6StYtVfg,UCYwpX26TrCxq8TvbKGRYLXA,1
UC2weSE8rpqkGMOp6StYtVfg,UCZ51R_9Q9C0c8I3pAWhtmjQ,1
UC2weSE8rpqkGMOp6StYtVfg,UCZLG9qH0tUjNhEGFIUt0CYw,1
UC2weSE8rpqkGMOp6StYtVfg,UCcfdg8crmMJwEuLUsAhV7yg,1
UC2weSE8rpqkGMOp6StYtVfg,UCfM3nrxtTQMY5jFx1v1J4Gg,1
UC2weSE8rpqkGMOp6StYtVfg,UCgvw7xIdGFupzpt1Y_BFkEA,1
UC2weSE8rpqkGMOp6StYtVfg,UCh5ESQvtzyHDhCA7XyekCFA,1
UC2weSE8rpqkGMOp6StYtVfg,UChZknRmJkeGeQk0-mQuhDOg,1
UC2weSE8rpqkGMOp6StYtVfg,UChep9kVb5gQmpodEEl10Xlg,1
UC2weSE8rpqkGMOp6StYtVfg,UChgkn5Jt5tWKYMoEOuCjz3Q,1
UC2weSE8rpqkGMOp6StYtVfg,UChs3tU2BcKOT0CezykvAsGw,1
UC2weSE8rpqkGMOp6StYtVfg,UCi1b_TRQfgO1Z9O2gNGGWNA,1
UC2weSE8rpqkGMOp6StYtVfg,UCiGRBf2RNF0WRKhRVT7zFoA,1
UC2weSE8rpqkGMOp6StYtVfg,UCiMythXHsw7eQEMykCdmMUA,1
UC2weSE8rpqkGMOp6StYtVfg,UCipetjeiWj4CZB6EbyYziZg,1
UC2weSE8rpqkGMOp6StYtVfg,UCj-LL25XJnjxepPKCc3NGog,1
UC2weSE8rpqkGMOp6StYtVfg,UCjSKM9j0Q7HLDr1hD6D-TUw,1
UC2weSE8rpqkGMOp6StYtVfg,UCjmPuazZJzscrwvk0QR9RVw,1
UC2weSE8rpqkGMOp6StYtVfg,UCkd9W714-947dEE6ZOEBATA,1
UC2weSE8rpqkGMOp6StYtVfg,UCl0ekS9Tt0jJGtOEM18S63w,1
UC2weSE8rpqkGMOp6StYtVfg,UCljDbleJul41G1TzOjOZAVA,1
UC2weSE8rpqkGMOp6StYtVfg,UCmjppp6ujz3SAnULvP3sZMw,1
UC2weSE8rpqkGMOp6StYtVfg,UCmvOgzmmXbjUthHy-WJ52hQ,1
UC2weSE8rpqkGMOp6StYtVfg,UCp4iw5_5SmV9VGTFSNVGOmQ,1
UC2weSE8rpqkGMOp6StYtVfg,UCpIdtvoFHVLGASGB5ySqIEA,1
UC2weSE8rpqkGMOp6StYtVfg,UCpl8rF8uv_8uui-QRvuJaRA,1
UC2weSE8rpqkGMOp6StYtVfg,UCplrIQtaPj6au60_f2-mOYw,1
UC2weSE8rpqkGMOp6StYtVfg,UCpsKOkt5iWTbenzeuq7dsmQ,1
UC2weSE8rpqkGMOp6StYtVfg,UCr1emrogPKkKTs_WTtx71xg,1
UC2weSE8rpqkGMOp6StYtVfg,UCrJn_rbo_ENAdeqneS-RmRw,1
UC2weSE8rpqkGMOp6StYtVfg,UCsJJAvrVGupdmhOqgtDp8dg,1
UC2weSE8rpqkGMOp6StYtVfg,UCsSXdJct-nsS8DsABoEsaYA,1
UC2weSE8rpqkGMOp6StYtVfg,UCsUCN0Yq_UyTvKjOJLmNrnQ,1
UC2weSE8rpqkGMOp6StYtVfg,UCsjs5Hp_r86x1xbK6FAeqaA,1
UC2weSE8rpqkGMOp6StYtVfg,UCtNfIBnc5S5DbbQj_yxgJTw,1
UC2weSE8rpqkGMOp6StYtVfg,UCtUR3_CAiE7fCoZHM6cMfyQ,1
UC2weSE8rpqkGMOp6StYtVfg,UCueV9cTyTDwgQSec1x2dYgA,1
UC2weSE8rpqkGMOp6StYtVfg,UCujPF2nBgsTD62nWE3lcpIg,1
UC2weSE8rpqkGMOp6StYtVfg,UCut6b9S98nv84cVX89PmKzA,1
UC2weSE8rpqkGMOp6StYtVfg,UCvApqeCbLod-wejtT4CcVuA,1
UC2weSE8rpqkGMOp6StYtVfg,UCwO2SXr0ggzwg6QWWrr01nQ,1
UC2weSE8rpqkGMOp6StYtVfg,UCwW2OFy95P7ZBkOPxWkpvYg,1
UC2weSE8rpqkGMOp6StYtVfg,UCwha8rxULYMVtNwZWeSkE1A,1
UC2weSE8rpqkGMOp6StYtVfg,UCxff05WuyvwELNITi7bj7UA,1
UC2weSE8rpqkGMOp6StYtVfg,UCySYJU5kUh7X8gVt9la2ISA,1
UC2weSE8rpqkGMOp6StYtVfg,UCylqlpsh8ENNM1LqgQ1KbxA,1
UC2weSE8rpqkGMOp6StYtVfg,UCz3gu01bmjNv0DpRq-K3XYg,1
UC2weSE8rpqkGMOp6StYtVfg,UCzSfZlOVxBSs5ObD25ywxDQ,1
UC2weSE8rpqkGMOp6StYtVfg,UCzoL2l5H5eVlorWGH8AZfAg,1
UC3E9mAgP7VoAE5mZoAexl5g,UC3MYTqpQqlWBuCB7Th0e0PA,1
UC3E9mAgP7VoAE5mZoAexl5g,UC3NMzdMYryaw82kPTnsaljg,1
UC3E9mAgP7VoAE5mZoAexl5g,UC3XTwHxygNCgjndsg-UiCQA,1
UC3E9mAgP7VoAE5mZoAexl5g,UC3qn1yJA5PeW9rkGPatQxiw,1
UC3E9mAgP7VoAE5mZoAexl5g,UC4cXueR2bKGFJV0Fk76gwmA,1
UC3E9mAgP7VoAE5mZoAexl5g,UC4wq3DcbfaG6dtCqn8Oyu3w,1
UC3E9mAgP7VoAE5mZoAexl5g,UC5H8ASmMC9WrURmzeB4ySog,1
UC3E9mAgP7VoAE5mZoAexl5g,UC5bG9nc_JV3FsNP2KseQiYw,1
UC3E9mAgP7VoAE5mZoAexl5g,UC650pRT-OYzny3GwOH8Cgfw,1
UC3E9mAgP7VoAE5mZoAexl5g,UC6PvO1_k5lHKGdAPo5_C6TA,1
UC3E9mAgP7VoAE5mZoAexl5g,UC6YSZqL0vEcI-niPKIMUGfw,1
UC3E9mAgP7VoAE5mZoAexl5g,UC72gBAtyb_VXQlYDcFrh6oQ,1
UC3E9mAgP7VoAE5mZoAexl5g,UC7VUuJr9cGh845CmTvf7TlQ,1
UC3E9mAgP7VoAE5mZoAexl5g,UC8F2V63KZ4ZEay6opX2hAQw,1
UC3E9mAgP7VoAE5mZoAexl5g,UC8G5cJONY8L9voMyBW8Eoug,1
UC3E9mAgP7VoAE5mZoAexl5g,UC8r11yOugM2NuRfitQOxLLg,1
UC3E9mAgP7VoAE5mZoAexl5g,UC9vMq1YF-e7C-VO0SHkbUTA,1
UC3E9mAgP7VoAE5mZoAexl5g,UC9xr9QvIcDvoZNUX5f-jaZw,1
UC3E9mAgP7VoAE5mZoAexl5g,UCA93ym2TXs_Ibyxb4Vcn-6Q,1
UC3E9mAgP7VoAE5mZoAexl5g,UCAlzM_N6xBlMYmM8EBzX86Q,1
UC3E9mAgP7VoAE5mZoAexl5g,UCAmtbUiIrUIhikru0ZoTFig,1
UC3E9mAgP7VoAE5mZoAexl5g,UCB5p8a5gklc80jJItP6xTHg,1
UC3E9mAgP7VoAE5mZoAexl5g,UCCaYwkkbQGcvFoUmothVdQQ,1
UC3E9mAgP7VoAE5mZoAexl5g,UCDIMztpVm7G27qBuiWuT6oQ,1
UC3E9mAgP7VoAE5mZoAexl5g,UCDPWkUX3sNNaCx-m1dV4glA,1
UC3E9mAgP7VoAE5mZoAexl5g,UCDQaQv0hr2SS_PO-CMEwVHg,1
UC3E9mAgP7VoAE5mZoAexl5g,UCDUffaruH6dyUnUGwsTKpgg,1
UC3E9mAgP7VoAE5mZoAexl5g,UCDftMWXQoJ6nONfY7GVOVjg,1
UC3E9mAgP7VoAE5mZoAexl5g,UCDlr1VadSucIZgZ171pRBjQ,1
UC3E9mAgP7VoAE5mZoAexl5g,UCEgEQmRbtL5fwr9_DqAC--g,1
UC3E9mAgP7VoAE5mZoAexl5g,UCErZPJpHmLCsXs8ZWkAUupQ,1
UC3E9mAgP7VoAE5mZoAexl5g,UCFUuDARXdmmIrLppEqf-rFg,1
UC3E9mAgP7VoAE5mZoAexl5g,UCFhxtoeARHPnXXPcDrOU3Xg,1
UC3E9mAgP7VoAE5mZoAexl5g,UCFjudnPLoaSL1BaRuLahyHg,1
UC3E9mAgP7VoAE5mZoAexl5g,UCFoIAE8k82D6AV-8gjjKaNg,1
UC3E9mAgP7VoAE5mZoAexl5g,UCFxE8GbokBrBsPEKM1xrOjQ,1
UC3E9mAgP7VoAE5mZoAexl5g,UCGzXwyCzMzGmjmCbH3Hg01Q,1
UC3E9mAgP7VoAE5mZoAexl5g,UCHTGCgY2l-DQJIvlA_cpa_Q,1
UC3E9mAgP7VoAE5mZoAexl5g,UCHhHUjaMAZ8SiXdCUCj9DkQ,1
UC3E9mAgP7VoAE5mZoAexl5g,UCKDR0f2fu2UzWL8mBv5-BHw,1
UC3E9mAgP7VoAE5mZoAexl5g,UCL13XhnRzbGokEkCkEOb0-g,1
UC3E9mAgP7VoAE5mZoAexl5g,UCL1MT278vSaQ83ZDkVWn1gw,1
UC3E9mAgP7VoAE5mZoAexl5g,UCLFdHr9BEbXHkoJopbEPLZw,1
UC3E9mAgP7VoAE5mZoAexl5g,UCLggDc_a5HriXv7I1h02sOA,1
UC3E9mAgP7VoAE5mZoAexl5g,UCN6qbfPSzFtjhqUDZ3Cv3CQ,1
UC3E9mAgP7VoAE5mZoAexl5g,UCNBnKqWf4d-rS4HwJRQljmQ,1
UC3E9mAgP7VoAE5mZoAexl5g,UCNkcuy42zEwddwEcOd_HpnA,1
UC3E9mAgP7VoAE5mZoAexl5g,UCOLGv5Pf6BF2wFcwUzgcvHg,1
UC3E9mAgP7VoAE5mZoAexl5g,UCOS8ViEkccrTZx2w2ccxotA,1
UC3E9mAgP7VoAE5mZoAexl5g,UCOh6DaZC_x9HASnlRylEMfw,1
UC3E9mAgP7VoAE5mZoAexl5g,UCQ_-LPP8JAbfkc-b1Q6NvWw,1
UC3E9mAgP7VoAE5mZoAexl5g,UCQgYjVngJRfPHDLGB5X6ZjA,1
UC3E9mAgP7VoAE5mZoAexl5g,UCQqetiwzzmRNTM5OWuXarGQ,1
UC3E9mAgP7VoAE5mZoAexl5g,UCQtICyzWmhC5woCtbNgaSmg,1
UC3E9mAgP7VoAE5mZoAexl5g,UCQtSFINs1h6GHkpg9o5kMvg,1
UC3E9mAgP7VoAE5mZoAexl5g,UCRETAiYdh2dL5ZxB0_N1zDA,1
UC3E9mAgP7VoAE5mZoAexl5g,UCRelkU8JiZBytTzebJxaa-w,1
UC3E9mAgP7VoAE5mZoAexl5g,UCRlCV9zSn7avAWh-9_XFWqQ,1
UC3E9mAgP7VoAE5mZoAexl5g,UCSou6a2OuYGSvPjm5psquyA,1
UC3E9mAgP7VoAE5mZoAexl5g,UCTD6q1nyIe3Y7HhqjaMj72w,1
UC3E9mAgP7VoAE5mZoAexl5g,UCTP3O0rMnc8z8v8jaDQwL0w,1
UC3E9mAgP7VoAE5mZoAexl5g,UCThW2XNsAaBKme5PUt7n-Zg,1
UC3E9mAgP7VoAE5mZoAexl5g,UCTwSut16JyAg3mX6LVUNGqA,1
UC3E9mAgP7VoAE5mZoAexl5g,UCTylKrsqkrBKIqubMu_5N0Q,1
UC3E9mAgP7VoAE5mZoAexl5g,UCUIIIPTVDVHAXqhC_5V6lPA,1
UC3E9mAgP7VoAE5mZoAexl5g,UCV0iizTBoOfdAFX_thfI9BA,1
UC3E9mAgP7VoAE5mZoAexl5g,UCWIZUtKJ636y-4TYrNvok0g,1
UC3E9mAgP7VoAE5mZoAexl5g,UCXSkL3ejZ8qWYyF_M7s_QKA,1
UC3E9mAgP7VoAE5mZoAexl5g,UCXXh7yg5KUFIWylTiKVEFKQ,1
UC3E9mAgP7VoAE5mZoAexl5g,UCXgr7vXlRrsaskPdo097kGA,1
UC3E9mAgP7VoAE5mZoAexl5g,UCXr8_5WtGeipe4haOoQDgyQ,1
UC3E9mAgP7VoAE5mZoAexl5g,UCYN4wSQ1Sx4_LurxLlW7MPg,1
UC3E9mAgP7VoAE5mZoAexl5g,UCYwpX26TrCxq8TvbKGRYLXA,1
UC3E9mAgP7VoAE5mZoAexl5g,UCZ51R_9Q9C0c8I3pAWhtmjQ,1
UC3E9mAgP7VoAE5mZoAexl5g,UCZLG9qH0tUjNhEGFIUt0CYw,1
UC3E9mAgP7VoAE5mZoAexl5g,UCcfdg8crmMJwEuLUsAhV7yg,1
UC3E9mAgP7VoAE5mZoAexl5g,UCfM3nrxtTQMY5jFx1v1J4Gg,1
UC3E9mAgP7VoAE5mZoAexl5g,UCgvw7xIdGFupzpt1Y_BFkEA,1
UC3E9mAgP7VoAE5mZoAexl5g,UCh5ESQvtzyHDhCA7XyekCFA,1
UC3E9mAgP7VoAE5mZoAexl5g,UChZknRmJkeGeQk0-mQuhDOg,1
UC3E9mAgP7VoAE5mZoAexl5g,UChep9kVb5gQmpodEEl10Xlg,1
UC3E9mAgP7VoAE5mZoAexl5g,UChgkn5Jt5tWKYMoEOuCjz3Q,1
UC3E9mAgP7VoAE5mZoAexl5g,UChs3tU2BcKOT0CezykvAsGw,1
UC3E9mAgP7VoAE5mZoAexl5g,UCi1b_TRQfgO1Z9O2gNGGWNA,1
UC3E9mAgP7VoAE5mZoAexl5g,UCiGRBf2RNF0WRKhRVT7zFoA,1
UC3E9mAgP7VoAE5mZoAexl5g,UCiMythXHsw7eQEMykCdmMUA,1
UC3E9mAgP7VoAE5mZoAexl5g,UCipetjeiWj4CZB6EbyYziZg,1
UC3E9mAgP7VoAE5mZoAexl5g,UCj-LL25XJnjxepPKCc3NGog,1
UC3E9mAgP7VoAE5mZoAexl5g,UCjSKM9j0Q7HLDr1hD6D-TUw,1
UC3E9mAgP7VoAE5mZoAexl5g,UCjmPuazZJzscrwvk0QR9RVw,1
UC3E9mAgP7VoAE5mZoAexl5g,UCkd9W714-947dEE6ZOEBATA,1
UC3E9mAgP7VoAE5mZoAexl5g,UCl0ekS9Tt0jJGtOEM18S63w,1
UC3E9mAgP7VoAE5mZoAexl5g,UCljDbleJul41G1TzOjOZAVA,1
UC3E9mAgP7VoAE5mZoAexl5g,UCmjppp6ujz3SAnULvP3sZMw,1
UC3E9mAgP7VoAE5mZoAexl5g,UCmvOgzmmXbjUthHy-WJ52hQ,1
UC3E9mAgP7VoAE5mZoAexl5g,UCp4iw5_5SmV9VGTFSNVGOmQ,1
UC3E9mAgP7VoAE5mZoAexl5g,UCpIdtvoFHVLGASGB5ySqIEA,1
UC3E9mAgP7VoAE5mZoAexl5g,UCpl8rF8uv_8uui-QRvuJaRA,1
UC3E9mAgP7VoAE5mZoAexl5g,UCplrIQtaPj6au60_f2-mOYw,1
UC3E9mAgP7VoAE5mZoAexl5g,UCpsKOkt5iWTbenzeuq7dsmQ,1
UC3E9mAgP7VoAE5mZoAexl5g,UCr1emrogPKkKTs_WTtx71xg,1
UC3E9mAgP7VoAE5mZoAexl5g,UCrJn_rbo_ENAdeqneS-RmRw,1
UC3E9mAgP7VoAE5mZoAexl5g,UCsJJAvrVGupdmhOqgtDp8dg,1
UC3E9mAgP7VoAE5mZoAexl5g,UCsSXdJct-nsS8DsABoEsaYA,1
UC3E9mAgP7VoAE5mZoAexl5g,UCsUCN0Yq_UyTvKjOJLmNrnQ,1
UC3E9mAgP7VoAE5mZoAexl5g,UCsjs5Hp_r86x1xbK6FAeqaA,1
UC3E9mAgP7VoAE5mZoAexl5g,UCtNfIBnc5S5DbbQj_yxgJTw,1
UC3E9mAgP7VoAE5mZoAexl5g,UCtUR3_CAiE7fCoZHM6cMfyQ,1
UC3E9mAgP7VoAE5mZoAexl5g,UCueV9cTyTDwgQSec1x2dYgA,1
UC3E9mAgP7VoAE5mZoAexl5g,UCujPF2nBgsTD62nWE3lcpIg,1
UC3E9mAgP7VoAE5mZoAexl5g,UCut6b9S98nv84cVX89PmKzA,1
UC3E9mAgP7VoAE5mZoAexl5g,UCvApqeCbLod-wejtT4CcVuA,1
UC3E9mAgP7VoAE5mZoAexl5g,UCwO2SXr0ggzwg6QWWrr01nQ,1
UC3E9mAgP7VoAE5mZoAexl5g,UCwW2OFy95P7ZBkOPxWkpvYg,1
UC3E9mAgP7VoAE5mZoAexl5g,UCwha8rxULYMVtNwZWeSkE1A,1
UC3E9mAgP7VoAE5mZoAexl5g,UCxff05WuyvwELNITi7bj7UA,1
UC3E9mAgP7VoAE5mZoAexl5g,UCySYJU5kUh7X8gVt9la2ISA,1
UC3E9mAgP7VoAE5mZoAexl5g,UCylqlpsh8ENNM1LqgQ1KbxA,1
UC3E9mAgP7VoAE5mZoAexl5g,UCz3gu01bmjNv0DpRq-K3XYg,1
UC3E9mAgP7VoAE5mZoAexl5g,UCzSfZlOVxBSs5ObD25ywxDQ,1
UC3E9mAgP7VoAE5mZoAexl5g,UCzoL2l5H5eVlorWGH8AZfAg,1
UC3MYTqpQqlWBuCB7Th0e0PA,UC3NMzdMYryaw82kPTnsaljg,1
UC3MYTqpQqlWBuCB7Th0e0PA,UC3XTwHxygNCgjndsg-UiCQA,1
UC3MYTqpQqlWBuCB7Th0e0PA,UC3qn1yJA5PeW9rkGPatQxiw,1
UC3MYTqpQqlWBuCB7Th0e0PA,UC4cXueR2bKGFJV0Fk76gwmA,1
UC3MYTqpQqlWBuCB7Th0e0PA,UC4wq3DcbfaG6dtCqn8Oyu3w,1
UC3MYTqpQqlWBuCB7Th0e0PA,UC5H8ASmMC9WrURmzeB4ySog,1
UC3MYTqpQqlWBuCB7Th0e0PA,UC5bG9nc_JV3FsNP2KseQiYw,1
UC3MYTqpQqlWBuCB7Th0e0PA,UC650pRT-OYzny3GwOH8Cgfw,1
UC3MYTqpQqlWBuCB7Th0e0PA,UC6PvO1_k5lHKGdAPo5_C6TA,1
UC3MYTqpQqlWBuCB7Th0e0PA,UC6YSZqL0vEcI-niPKIMUGfw,1
UC3MYTqpQqlWBuCB7Th0e0PA,UC72gBAtyb_VXQlYDcFrh6oQ,1
UC3MYTqpQqlWBuCB7Th0e0PA,UC7VUuJr9cGh845CmTvf7TlQ,1
UC3MYTqpQqlWBuCB7Th0e0PA,UC8F2V63KZ4ZEay6opX2hAQw,1
UC3MYTqpQqlWBuCB7Th0e0PA,UC8G5cJONY8L9voMyBW8Eoug,1
UC3MYTqpQqlWBuCB7Th0e0PA,UC8r11yOugM2NuRfitQOxLLg,1
UC3MYTqpQqlWBuCB7Th0e0PA,UC9vMq1YF-e7C-VO0SHkbUTA,1
UC3MYTqpQqlWBuCB7Th0e0PA,UC9xr9QvIcDvoZNUX5f-jaZw,1
UC3MYTqpQqlWBuCB7Th0e0PA,UCA93ym2TXs_Ibyxb4Vcn-6Q,1
UC3MYTqpQqlWBuCB7Th0e0PA,UCAlzM_N6xBlMYmM8EBzX86Q,1
UC3MYTqpQqlWBuCB7Th0e0PA,UCAmtbUiIrUIhikru0ZoTFig,1
UC3MYTqpQqlWBuCB7Th0e0PA,UCB5p8a5gklc80jJItP6xTHg,1
UC3MYTqpQqlWBuCB7Th0e0PA,UCCaYwkkbQGcvFoUmothVdQQ,1
UC3MYTqpQqlWBuCB7Th0e0PA,UCDIMztpVm7G27qBuiWuT6oQ,1
UC3MYTqpQqlWBuCB7Th0e0PA,UCDPWkUX3sNNaCx-m1dV4glA,1
UC3MYTqpQqlWBuCB7Th0e0PA,UCDQaQv0hr2SS_PO-CMEwVHg,1
UC3MYTqpQqlWBuCB7Th0e0PA,UCDUffaruH6dyUnUGwsTKpgg,1
UC3MYTqpQqlWBuCB7Th0e0PA,UCDftMWXQoJ6nONfY7GVOVjg,1
UC3MYTqpQqlWBuCB7Th0e0PA,UCDlr1VadSucIZgZ171pRBjQ,1
UC3MYTqpQqlWBuCB7Th0e0PA,UCEgEQmRbtL5fwr9_DqAC--g,1
UC3MYTqpQqlWBuCB7Th0e0PA,UCErZPJpHmLCsXs8ZWkAUupQ,1
UC3MYTqpQqlWBuCB7Th0e0PA,UCFUuDARXdmmIrLppEqf-rFg,1
UC3MYTqpQqlWBuCB7Th0e0PA,UCFhxtoeARHPnXXPcDrOU3Xg,1
UC3MYTqpQqlWBuCB7Th0e0PA,UCFjudnPLoaSL1BaRuLahyHg,1
UC3MYTqpQqlWBuCB7Th0e0PA,UCFoIAE8k82D6AV-8gjjKaNg,1
UC3MYTqpQqlWBuCB7Th0e0PA,UCFxE8GbokBrBsPEKM1xrOjQ,1
UC3MYTqpQqlWBuCB7Th0e0PA,UCGzXwyCzMzGmjmCbH3Hg01Q,1
UC3MYTqpQqlWBuCB7Th0e0PA,UCHTGCgY2l-DQJIvlA_cpa_Q,1
UC3MYTqpQqlWBuCB7Th0e0PA,UCHhHUjaMAZ8SiXdCUCj9DkQ,1
UC3MYTqpQqlWBuCB7Th0e0PA,UCKDR0f2fu2UzWL8mBv5-BHw,1
UC3MYTqpQqlWBuCB7Th0e0PA,UCL13XhnRzbGokEkCkEOb0-g,1
UC3MYTqpQqlWBuCB7Th0e0PA,UCL1MT278vSaQ83ZDkVWn1gw,1
UC3MYTqpQqlWBuCB7Th0e0PA,UCLFdHr9BEbXHkoJopbEPLZw,1
UC3MYTqpQqlWBuCB7Th0e0PA,UCLggDc_a5HriXv7I1h02sOA,1
UC3MYTqpQqlWBuCB7Th0e0PA,UCN6qbfPSzFtjhqUDZ3Cv3CQ,1
UC3MYTqpQqlWBuCB7Th0e0PA,UCNBnKqWf4d-rS4HwJRQljmQ,1
UC3MYTqpQqlWBuCB7Th0e0PA,UCNkcuy42zEwddwEcOd_HpnA,1
UC3MYTqpQqlWBuCB7Th0e0PA,UCOLGv5Pf6BF2wFcwUzgcvHg,1
UC3MYTqpQqlWBuCB7Th0e0PA,UCOS8ViEkccrTZx2w2ccxotA,1
UC3MYTqpQqlWBuCB7Th0e0PA,UCOh6DaZC_x9HASnlRylEMfw,1
UC3MYTqpQqlWBuCB7Th0e0PA,UCQ_-LPP8JAbfkc-b1Q6NvWw,1
UC3MYTqpQqlWBuCB7Th0e0PA,UCQgYjVngJRfPHDLGB5X6ZjA,1
UC3MYTqpQqlWBuCB7Th0e0PA,UCQqetiwzzmRNTM5OWuXarGQ,1
UC3MYTqpQqlWBuCB7Th0e0PA,UCQtICyzWmhC5woCtbNgaSmg,1
UC3MYTqpQqlWBuCB7Th0e0PA,UCQtSFINs1h6GHkpg9o5kMvg,1
UC3MYTqpQqlWBuCB7Th0e0PA,UCRETAiYdh2dL5ZxB0_N1zDA,1
UC3MYTqpQqlWBuCB7Th0e0PA,UCRelkU8JiZBytTzebJxaa-w,1
UC3MYTqpQqlWBuCB7Th0e0PA,UCRlCV9zSn7avAWh-9_XFWqQ,1
UC3MYTqpQqlWBuCB7Th0e0PA,UCSou6a2OuYGSvPjm5psquyA,1
UC3MYTqpQqlWBuCB7Th0e0PA,UCTD6q1nyIe3Y7HhqjaMj72w,1
UC3MYTqpQqlWBuCB7Th0e0PA,UCTP3O0rMnc8z8v8jaDQwL0w,1
UC3MYTqpQqlWBuCB7Th0e0PA,UCThW2XNsAaBKme5PUt7n-Zg,1
UC3MYTqpQqlWBuCB7Th0e0PA,UCTwSut16JyAg3mX6LVUNGqA,1
UC3MYTqpQqlWBuCB7Th0e0PA,UCTylKrsqkrBKIqubMu_5N0Q,1
UC3MYTqpQqlWBuCB7Th0e0PA,UCUIIIPTVDVHAXqhC_5V6lPA,1
UC3MYTqpQqlWBuCB7Th0e0PA,UCV0iizTBoOfdAFX_thfI9BA,1
UC3MYTqpQqlWBuCB7Th0e0PA,UCWIZUtKJ636y-4TYrNvok0g,1
UC3MYTqpQqlWBuCB7Th0e0PA,UCXSkL3ejZ8qWYyF_M7s_QKA,1
UC3MYTqpQqlWBuCB7Th0e0PA,UCXXh7yg5KUFIWylTiKVEFKQ,1
UC3MYTqpQqlWBuCB7Th0e0PA,UCXgr7vXlRrsaskPdo097kGA,1
UC3MYTqpQqlWBuCB7Th0e0PA,UCXr8_5WtGeipe4haOoQDgyQ,1
UC3MYTqpQqlWBuCB7Th0e0PA,UCYN4wSQ1Sx4_LurxLlW7MPg,1
UC3MYTqpQqlWBuCB7Th0e0PA,UCYwpX26TrCxq8TvbKGRYLXA,1
UC3MYTqpQqlWBuCB7Th0e0PA,UCZ51R_9Q9C0c8I3pAWhtmjQ,1
UC3MYTqpQqlWBuCB7Th0e0PA,UCZLG9qH0tUjNhEGFIUt0CYw,1
UC3MYTqpQqlWBuCB7Th0e0PA,UCcfdg8crmMJwEuLUsAhV7yg,1
UC3MYTqpQqlWBuCB7Th0e0PA,UCfM3nrxtTQMY5jFx1v1J4Gg,1
UC3MYTqpQqlWBuCB7Th0e0PA,UCgvw7xIdGFupzpt1Y_BFkEA,1
UC3MYTqpQqlWBuCB7Th0e0PA,UCh5ESQvtzyHDhCA7XyekCFA,1
UC3MYTqpQqlWBuCB7Th0e0PA,UChZknRmJkeGeQk0-mQuhDOg,1
UC3MYTqpQqlWBuCB7Th0e0PA,UChep9kVb5gQmpodEEl10Xlg,1
UC3MYTqpQqlWBuCB7Th0e0PA,UChgkn5Jt5tWKYMoEOuCjz3Q,1
UC3MYTqpQqlWBuCB7Th0e0PA,UChs3tU2BcKOT0CezykvAsGw,1
UC3MYTqpQqlWBuCB7Th0e0PA,UCi1b_TRQfgO1Z9O2gNGGWNA,1
UC3MYTqpQqlWBuCB7Th0e0PA,UCiGRBf2RNF0WRKhRVT7zFoA,1
UC3MYTqpQqlWBuCB7Th0e0PA,UCiMythXHsw7eQEMykCdmMUA,1
UC3MYTqpQqlWBuCB7Th0e0PA,UCipetjeiWj4CZB6EbyYziZg,1
UC3MYTqpQqlWBuCB7Th0e0PA,UCj-LL25XJnjxepPKCc3NGog,1
UC3MYTqpQqlWBuCB7Th0e0PA,UCjSKM9j0Q7HLDr1hD6D-TUw,1
UC3MYTqpQqlWBuCB7Th0e0PA,UCjmPuazZJzscrwvk0QR9RVw,1
UC3MYTqpQqlWBuCB7Th0e0PA,UCkd9W714-947dEE6ZOEBATA,1
UC3MYTqpQqlWBuCB7Th0e0PA,UCl0ekS9Tt0jJGtOEM18S63w,1
UC3MYTqpQqlWBuCB7Th0e0PA,UCljDbleJul41G1TzOjOZAVA,1
UC3MYTqpQqlWBuCB7Th0e0PA,UCmjppp6ujz3SAnULvP3sZMw,1
UC3MYTqpQqlWBuCB7Th0e0PA,UCmvOgzmmXbjUthHy-WJ52hQ,1
UC3MYTqpQqlWBuCB7Th0e0PA,UCp4iw5_5SmV9VGTFSNVGOmQ,1
UC3MYTqpQqlWBuCB7Th0e0PA,UCpIdtvoFHVLGASGB5ySqIEA,1
UC3MYTqpQqlWBuCB7Th0e0PA,UCpl8rF8uv_8uui-QRvuJaRA,1
UC3MYTqpQqlWBuCB7Th0e0PA,UCplrIQtaPj6au60_f2-mOYw,1
UC3MYTqpQqlWBuCB7Th0e0PA,UCpsKOkt5iWTbenzeuq7dsmQ,1
UC3MYTqpQqlWBuCB7Th0e0PA,UCr1emrogPKkKTs_WTtx71xg,1
UC3MYTqpQqlWBuCB7Th0e0PA,UCrJn_rbo_ENAdeqneS-RmRw,1
UC3MYTqpQqlWBuCB7Th0e0PA,UCsJJAvrVGupdmhOqgtDp8dg,1
UC3MYTqpQqlWBuCB7Th0e0PA,UCsSXdJct-nsS8DsABoEsaYA,1
UC3MYTqpQqlWBuCB7Th0e0PA,UCsUCN0Yq_UyTvKjOJLmNrnQ,1
UC3MYTqpQqlWBuCB7Th0e0PA,UCsjs5Hp_r86x1xbK6FAeqaA,1
UC3MYTqpQqlWBuCB7Th0e0PA,UCtNfIBnc5S5DbbQj_yxgJTw,1
UC3MYTqpQqlWBuCB7Th0e0PA,UCtUR3_CAiE7fCoZHM6cMfyQ,1
UC3MYTqpQqlWBuCB7Th0e0PA,UCueV9cTyTDwgQSec1x2dYgA,1
UC3MYTqpQqlWBuCB7Th0e0PA,UCujPF2nBgsTD62nWE3lcpIg,1
UC3MYTqpQqlWBuCB7Th0e0PA,UCut6b9S98nv84cVX89PmKzA,1
UC3MYTqpQqlWBuCB7Th0e0PA,UCvApqeCbLod-wejtT4CcVuA,1
UC3MYTqpQqlWBuCB7Th0e0PA,UCwO2SXr0ggzwg6QWWrr01nQ,1
UC3MYTqpQqlWBuCB7Th0e0PA,UCwW2OFy95P7ZBkOPxWkpvYg,1
UC3MYTqpQqlWBuCB7Th0e0PA,UCwha8rxULYMVtNwZWeSkE1A,1
UC3MYTqpQqlWBuCB7Th0e0PA,UCxff05WuyvwELNITi7bj7UA,1
UC3MYTqpQqlWBuCB7Th0e0PA,UCySYJU5kUh7X8gVt9la2ISA,1
UC3MYTqpQqlWBuCB7Th0e0PA,UCylqlpsh8ENNM1LqgQ1KbxA,1
UC3MYTqpQqlWBuCB7Th0e0PA,UCz3gu01bmjNv0DpRq-K3XYg,1
UC3MYTqpQqlWBuCB7Th0e0PA,UCzSfZlOVxBSs5ObD25ywxDQ,1
UC3MYTqpQqlWBuCB7Th0e0PA,UCzoL2l5H5eVlorWGH8AZfAg,1
UC3NMzdMYryaw82kPTnsaljg,UC3XTwHxygNCgjndsg-UiCQA,1
UC3NMzdMYryaw82kPTnsaljg,UC3qn1yJA5PeW9rkGPatQxiw,1
UC3NMzdMYryaw82kPTnsaljg,UC4cXueR2bKGFJV0Fk76gwmA,1
UC3NMzdMYryaw82kPTnsaljg,UC4wq3DcbfaG6dtCqn8Oyu3w,1
UC3NMzdMYryaw82kPTnsaljg,UC5H8ASmMC9WrURmzeB4ySog,1
UC3NMzdMYryaw82kPTnsaljg,UC5bG9nc_JV3FsNP2KseQiYw,1
UC3NMzdMYryaw82kPTnsaljg,UC650pRT-OYzny3GwOH8Cgfw,1
UC3NMzdMYryaw82kPTnsaljg,UC6PvO1_k5lHKGdAPo5_C6TA,1
UC3NMzdMYryaw82kPTnsaljg,UC6YSZqL0vEcI-niPKIMUGfw,1
UC3NMzdMYryaw82kPTnsaljg,UC72gBAtyb_VXQlYDcFrh6oQ,1
UC3NMzdMYryaw82kPTnsaljg,UC7VUuJr9cGh845CmTvf7TlQ,1
UC3NMzdMYryaw82kPTnsaljg,UC8F2V63KZ4ZEay6opX2hAQw,1
UC3NMzdMYryaw82kPTnsaljg,UC8G5cJONY8L9voMyBW8Eoug,1
UC3NMzdMYryaw82kPTnsaljg,UC8r11yOugM2NuRfitQOxLLg,1
UC3NMzdMYryaw82kPTnsaljg,UC9vMq1YF-e7C-VO0SHkbUTA,1
UC3NMzdMYryaw82kPTnsaljg,UC9xr9QvIcDvoZNUX5f-jaZw,1
UC3NMzdMYryaw82kPTnsaljg,UCA93ym2TXs_Ibyxb4Vcn-6Q,1
UC3NMzdMYryaw82kPTnsaljg,UCAlzM_N6xBlMYmM8EBzX86Q,1
UC3NMzdMYryaw82kPTnsaljg,UCAmtbUiIrUIhikru0ZoTFig,1
UC3NMzdMYryaw82kPTnsaljg,UCB5p8a5gklc80jJItP6xTHg,1
UC3NMzdMYryaw82kPTnsaljg,UCCaYwkkbQGcvFoUmothVdQQ,1
UC3NMzdMYryaw82kPTnsaljg,UCDIMztpVm7G27qBuiWuT6oQ,1
UC3NMzdMYryaw82kPTnsaljg,UCDPWkUX3sNNaCx-m1dV4glA,1
UC3NMzdMYryaw82kPTnsaljg,UCDQaQv0hr2SS_PO-CMEwVHg,1
UC3NMzdMYryaw82kPTnsaljg,UCDUffaruH6dyUnUGwsTKpgg,1
UC3NMzdMYryaw82kPTnsaljg,UCDftMWXQoJ6nONfY7GVOVjg,1
UC3NMzdMYryaw82kPTnsaljg,UCDlr1VadSucIZgZ171pRBjQ,1
UC3NMzdMYryaw82kPTnsaljg,UCEgEQmRbtL5fwr9_DqAC--g,1
UC3NMzdMYryaw82kPTnsaljg,UCErZPJpHmLCsXs8ZWkAUupQ,1
UC3NMzdMYryaw82kPTnsaljg,UCFUuDARXdmmIrLppEqf-rFg,1
UC3NMzdMYryaw82kPTnsaljg,UCFhxtoeARHPnXXPcDrOU3Xg,1
UC3NMzdMYryaw82kPTnsaljg,UCFjudnPLoaSL1BaRuLahyHg,1
UC3NMzdMYryaw82kPTnsaljg,UCFoIAE8k82D6AV-8gjjKaNg,1
UC3NMzdMYryaw82kPTnsaljg,UCFxE8GbokBrBsPEKM1xrOjQ,1
UC3NMzdMYryaw82kPTnsaljg,UCGzXwyCzMzGmjmCbH3Hg01Q,1
UC3NMzdMYryaw82kPTnsaljg,UCHTGCgY2l-DQJIvlA_cpa_Q,1
UC3NMzdMYryaw82kPTnsaljg,UCHhHUjaMAZ8SiXdCUCj9DkQ,1
UC3NMzdMYryaw82kPTnsaljg,UCKDR0f2fu2UzWL8mBv5-BHw,1
UC3NMzdMYryaw82kPTnsaljg,UCL13XhnRzbGokEkCkEOb0-g,1
UC3NMzdMYryaw82kPTnsaljg,UCL1MT278vSaQ83ZDkVWn1gw,1
UC3NMzdMYryaw82kPTnsaljg,UCLFdHr9BEbXHkoJopbEPLZw,1
UC3NMzdMYryaw82kPTnsaljg,UCLggDc_a5HriXv7I1h02sOA,1
UC3NMzdMYryaw82kPTnsaljg,UCN6qbfPSzFtjhqUDZ3Cv3CQ,1
UC3NMzdMYryaw82kPTnsaljg,UCNBnKqWf4d-rS4HwJRQljmQ,1
UC3NMzdMYryaw82kPTnsaljg,UCNkcuy42zEwddwEcOd_HpnA,1
UC3NMzdMYryaw82kPTnsaljg,UCOLGv5Pf6BF2wFcwUzgcvHg,1
UC3NMzdMYryaw82kPTnsaljg,UCOS8ViEkccrTZx2w2ccxotA,1
UC3NMzdMYryaw82kPTnsaljg,UCOh6DaZC_x9HASnlRylEMfw,1
UC3NMzdMYryaw82kPTnsaljg,UCQ_-LPP8JAbfkc-b1Q6NvWw,1
UC3NMzdMYryaw82kPTnsaljg,UCQgYjVngJRfPHDLGB5X6ZjA,1
UC3NMzdMYryaw82kPTnsaljg,UCQqetiwzzmRNTM5OWuXarGQ,1
UC3NMzdMYryaw82kPTnsaljg,UCQtICyzWmhC5woCtbNgaSmg,1
UC3NMzdMYryaw82kPTnsaljg,UCQtSFINs1h6GHkpg9o5kMvg,1
UC3NMzdMYryaw82kPTnsaljg,UCRETAiYdh2dL5ZxB0_N1zDA,1
UC3NMzdMYryaw82kPTnsaljg,UCRelkU8JiZBytTzebJxaa-w,1
UC3NMzdMYryaw82kPTnsaljg,UCRlCV9zSn7avAWh-9_XFWqQ,1
UC3NMzdMYryaw82kPTnsaljg,UCSou6a2OuYGSvPjm5psquyA,1
UC3NMzdMYryaw82kPTnsaljg,UCTD6q1nyIe3Y7HhqjaMj72w,1
UC3NMzdMYryaw82kPTnsaljg,UCTP3O0rMnc8z8v8jaDQwL0w,1
UC3NMzdMYryaw82kPTnsaljg,UCThW2XNsAaBKme5PUt7n-Zg,1
UC3NMzdMYryaw82kPTnsaljg,UCTwSut16JyAg3mX6LVUNGqA,1
UC3NMzdMYryaw82kPTnsaljg,UCTylKrsqkrBKIqubMu_5N0Q,1
UC3NMzdMYryaw82kPTnsaljg,UCUIIIPTVDVHAXqhC_5V6lPA,1
UC3NMzdMYryaw82kPTnsaljg,UCV0iizTBoOfdAFX_thfI9BA,1
UC3NMzdMYryaw82kPTnsaljg,UCWIZUtKJ636y-4TYrNvok0g,1
UC3NMzdMYryaw82kPTnsaljg,UCXSkL3ejZ8qWYyF_M7s_QKA,1
UC3NMzdMYryaw82kPTnsaljg,UCXXh7yg5KUFIWylTiKVEFKQ,1
UC3NMzdMYryaw82kPTnsaljg,UCXgr7vXlRrsaskPdo097kGA,1
UC3NMzdMYryaw82kPTnsaljg,UCXr8_5WtGeipe4haOoQDgyQ,1
UC3NMzdMYryaw82kPTnsaljg,UCYN4wSQ1Sx4_LurxLlW7MPg,1
UC3NMzdMYryaw82kPTnsaljg,UCYwpX26TrCxq8TvbKGRYLXA,1
UC3NMzdMYryaw82kPTnsaljg,UCZ51R_9Q9C0c8I3pAWhtmjQ,1
UC3NMzdMYryaw82kPTnsaljg,UCZLG9qH0tUjNhEGFIUt0CYw,1
UC3NMzdMYryaw82kPTnsaljg,UCcfdg8crmMJwEuLUsAhV7yg,1
UC3NMzdMYryaw82kPTnsaljg,UCfM3nrxtTQMY5jFx1v1J4Gg,1
UC3NMzdMYryaw82kPTnsaljg,UCgvw7xIdGFupzpt1Y_BFkEA,1
UC3NMzdMYryaw82kPTnsaljg,UCh5ESQvtzyHDhCA7XyekCFA,1
UC3NMzdMYryaw82kPTnsaljg,UChZknRmJkeGeQk0-mQuhDOg,1
UC3NMzdMYryaw82kPTnsaljg,UChep9kVb5gQmpodEEl10Xlg,1
UC3NMzdMYryaw82kPTnsaljg,UChgkn5Jt5tWKYMoEOuCjz3Q,1
UC3NMzdMYryaw82kPTnsaljg,UChs3tU2BcKOT0CezykvAsGw,1
UC3NMzdMYryaw82kPTnsaljg,UCi1b_TRQfgO1Z9O2gNGGWNA,1
UC3NMzdMYryaw82kPTnsaljg,UCiGRBf2RNF0WRKhRVT7zFoA,1
UC3NMzdMYryaw82kPTnsaljg,UCiMythXHsw7eQEMykCdmMUA,1
UC3NMzdMYryaw82kPTnsaljg,UCipetjeiWj4CZB6EbyYziZg,1
UC3NMzdMYryaw82kPTnsaljg,UCj-LL25XJnjxepPKCc3NGog,1
UC3NMzdMYryaw82kPTnsaljg,UCjSKM9j0Q7HLDr1hD6D-TUw,1
UC3NMzdMYryaw82kPTnsaljg,UCjmPuazZJzscrwvk0QR9RVw,1
UC3NMzdMYryaw82kPTnsaljg,UCkd9W714-947dEE6ZOEBATA,1
UC3NMzdMYryaw82kPTnsaljg,UCl0ekS9Tt0jJGtOEM18S63w,1
UC3NMzdMYryaw82kPTnsaljg,UCljDbleJul41G1TzOjOZAVA,1
UC3NMzdMYryaw82kPTnsaljg,UCmjppp6ujz3SAnULvP3sZMw,1
UC3NMzdMYryaw82kPTnsaljg,UCmvOgzmmXbjUthHy-WJ52hQ,1
UC3NMzdMYryaw82kPTnsaljg,UCp4iw5_5SmV9VGTFSNVGOmQ,1
UC3NMzdMYryaw82kPTnsaljg,UCpIdtvoFHVLGASGB5ySqIEA,1
UC3NMzdMYryaw82kPTnsaljg,UCpl8rF8uv_8uui-QRvuJaRA,1
UC3NMzdMYryaw82kPTnsaljg,UCplrIQtaPj6au60_f2-mOYw,1
UC3NMzdMYryaw82kPTnsaljg,UCpsKOkt5iWTbenzeuq7dsmQ,1
UC3NMzdMYryaw82kPTnsaljg,UCr1emrogPKkKTs_WTtx71xg,1
UC3NMzdMYryaw82kPTnsaljg,UCrJn_rbo_ENAdeqneS-RmRw,1
UC3NMzdMYryaw82kPTnsaljg,UCsJJAvrVGupdmhOqgtDp8dg,1
UC3NMzdMYryaw82kPTnsaljg,UCsSXdJct-nsS8DsABoEsaYA,1
UC3NMzdMYryaw82kPTnsaljg,UCsUCN0Yq_UyTvKjOJLmNrnQ,1
UC3NMzdMYryaw82kPTnsaljg,UCsjs5Hp_r86x1xbK6FAeqaA,1
UC3NMzdMYryaw82kPTnsaljg,UCtNfIBnc5S5DbbQj_yxgJTw,1
UC3NMzdMYryaw82kPTnsaljg,UCtUR3_CAiE7fCoZHM6cMfyQ,1
UC3NMzdMYryaw82kPTnsaljg,UCueV9cTyTDwgQSec1x2dYgA,1
UC3NMzdMYryaw82kPTnsaljg,UCujPF2nBgsTD62nWE3lcpIg,1
UC3NMzdMYryaw82kPTnsaljg,UCut6b9S98nv84cVX89PmKzA,1
UC3NMzdMYryaw82kPTnsaljg,UCvApqeCbLod-wejtT4CcVuA,1
UC3NMzdMYryaw82kPTnsaljg,UCwO2SXr0ggzwg6QWWrr01nQ,1
UC3NMzdMYryaw82kPTnsaljg,UCwW2OFy95P7ZBkOPxWkpvYg,1
UC3NMzdMYryaw82kPTnsaljg,UCwha8rxULYMVtNwZWeSkE1A,1
UC3NMzdMYryaw82kPTnsaljg,UCxff05WuyvwELNITi7bj7UA,1
UC3NMzdMYryaw82kPTnsaljg,UCySYJU5kUh7X8gVt9la2ISA,1
UC3NMzdMYryaw82kPTnsaljg,UCylqlpsh8ENNM1LqgQ1KbxA,1
UC3NMzdMYryaw82kPTnsaljg,UCz3gu01bmjNv0DpRq-K3XYg,1
UC3NMzdMYryaw82kPTnsaljg,UCzSfZlOVxBSs5ObD25ywxDQ,1
UC3NMzdMYryaw82kPTnsaljg,UCzoL2l5H5eVlorWGH8AZfAg,1
UC3XTwHxygNCgjndsg-UiCQA,UC3qn1yJA5PeW9rkGPatQxiw,1
UC3XTwHxygNCgjndsg-UiCQA,UC4cXueR2bKGFJV0Fk76gwmA,1
UC3XTwHxygNCgjndsg-UiCQA,UC4wq3DcbfaG6dtCqn8Oyu3w,1
UC3XTwHxygNCgjndsg-UiCQA,UC5H8ASmMC9WrURmzeB4ySog,1
UC3XTwHxygNCgjndsg-UiCQA,UC5bG9nc_JV3FsNP2KseQiYw,1
UC3XTwHxygNCgjndsg-UiCQA,UC650pRT-OYzny3GwOH8Cgfw,1
UC3XTwHxygNCgjndsg-UiCQA,UC6PvO1_k5lHKGdAPo5_C6TA,1
UC3XTwHxygNCgjndsg-UiCQA,UC6YSZqL0vEcI-niPKIMUGfw,1
UC3XTwHxygNCgjndsg-UiCQA,UC72gBAtyb_VXQlYDcFrh6oQ,1
UC3XTwHxygNCgjndsg-UiCQA,UC7VUuJr9cGh845CmTvf7TlQ,1
UC3XTwHxygNCgjndsg-UiCQA,UC8F2V63KZ4ZEay6opX2hAQw,1
UC3XTwHxygNCgjndsg-UiCQA,UC8G5cJONY8L9voMyBW8Eoug,1
UC3XTwHxygNCgjndsg-UiCQA,UC8r11yOugM2NuRfitQOxLLg,1
UC3XTwHxygNCgjndsg-UiCQA,UC9vMq1YF-e7C-VO0SHkbUTA,1
UC3XTwHxygNCgjndsg-UiCQA,UC9xr9QvIcDvoZNUX5f-jaZw,1
UC3XTwHxygNCgjndsg-UiCQA,UCA93ym2TXs_Ibyxb4Vcn-6Q,1
UC3XTwHxygNCgjndsg-UiCQA,UCAlzM_N6xBlMYmM8EBzX86Q,1
UC3XTwHxygNCgjndsg-UiCQA,UCAmtbUiIrUIhikru0ZoTFig,1
UC3XTwHxygNCgjndsg-UiCQA,UCB5p8a5gklc80jJItP6xTHg,1
UC3XTwHxygNCgjndsg-UiCQA,UCCaYwkkbQGcvFoUmothVdQQ,1
UC3XTwHxygNCgjndsg-UiCQA,UCDIMztpVm7G27qBuiWuT6oQ,1
UC3XTwHxygNCgjndsg-UiCQA,UCDPWkUX3sNNaCx-m1dV4glA,1
UC3XTwHxygNCgjndsg-UiCQA,UCDQaQv0hr2SS_PO-CMEwVHg,1
UC3XTwHxygNCgjndsg-UiCQA,UCDUffaruH6dyUnUGwsTKpgg,1
UC3XTwHxygNCgjndsg-UiCQA,UCDftMWXQoJ6nONfY7GVOVjg,1
UC3XTwHxygNCgjndsg-UiCQA,UCDlr1VadSucIZgZ171pRBjQ,1
UC3XTwHxygNCgjndsg-UiCQA,UCEgEQmRbtL5fwr9_DqAC--g,1
UC3XTwHxygNCgjndsg-UiCQA,UCErZPJpHmLCsXs8ZWkAUupQ,1
UC3XTwHxygNCgjndsg-UiCQA,UCFUuDARXdmmIrLppEqf-rFg,1
UC3XTwHxygNCgjndsg-UiCQA,UCFhxtoeARHPnXXPcDrOU3Xg,1
UC3XTwHxygNCgjndsg-UiCQA,UCFjudnPLoaSL1BaRuLahyHg,1
UC3XTwHxygNCgjndsg-UiCQA,UCFoIAE8k82D6AV-8gjjKaNg,1
UC3XTwHxygNCgjndsg-UiCQA,UCFxE8GbokBrBsPEKM1xrOjQ,1
UC3XTwHxygNCgjndsg-UiCQA,UCGzXwyCzMzGmjmCbH3Hg01Q,1
UC3XTwHxygNCgjndsg-UiCQA,UCHTGCgY2l-DQJIvlA_cpa_Q,1
UC3XTwHxygNCgjndsg-UiCQA,UCHhHUjaMAZ8SiXdCUCj9DkQ,1
UC3XTwHxygNCgjndsg-UiCQA,UCKDR0f2fu2UzWL8mBv5-BHw,1
UC3XTwHxygNCgjndsg-UiCQA,UCL13XhnRzbGokEkCkEOb0-g,1
UC3XTwHxygNCgjndsg-UiCQA,UCL1MT278vSaQ83ZDkVWn1gw,1
UC3XTwHxygNCgjndsg-UiCQA,UCLFdHr9BEbXHkoJopbEPLZw,1
UC3XTwHxygNCgjndsg-UiCQA,UCLggDc_a5HriXv7I1h02sOA,1
UC3XTwHxygNCgjndsg-UiCQA,UCN6qbfPSzFtjhqUDZ3Cv3CQ,1
UC3XTwHxygNCgjndsg-UiCQA,UCNBnKqWf4d-rS4HwJRQljmQ,1
UC3XTwHxygNCgjndsg-UiCQA,UCNkcuy42zEwddwEcOd_HpnA,1
UC3XTwHxygNCgjndsg-UiCQA,UCOLGv5Pf6BF2wFcwUzgcvHg,1
UC3XTwHxygNCgjndsg-UiCQA,UCOS8ViEkccrTZx2w2ccxotA,1
UC3XTwHxygNCgjndsg-UiCQA,UCOh6DaZC_x9HASnlRylEMfw,1
UC3XTwHxygNCgjndsg-UiCQA,UCQ_-LPP8JAbfkc-b1Q6NvWw,1
UC3XTwHxygNCgjndsg-UiCQA,UCQgYjVngJRfPHDLGB5X6ZjA,1
UC3XTwHxygNCgjndsg-UiCQA,UCQqetiwzzmRNTM5OWuXarGQ,1
UC3XTwHxygNCgjndsg-UiCQA,UCQtICyzWmhC5woCtbNgaSmg,1
UC3XTwHxygNCgjndsg-UiCQA,UCQtSFINs1h6GHkpg9o5kMvg,1
UC3XTwHxygNCgjndsg-UiCQA,UCRETAiYdh2dL5ZxB0_N1zDA,1
UC3XTwHxygNCgjndsg-UiCQA,UCRelkU8JiZBytTzebJxaa-w,1
UC3XTwHxygNCgjndsg-UiCQA,UCRlCV9zSn7avAWh-9_XFWqQ,1
UC3XTwHxygNCgjndsg-UiCQA,UCSou6a2OuYGSvPjm5psquyA,1
UC3XTwHxygNCgjndsg-UiCQA,UCTD6q1nyIe3Y7HhqjaMj72w,1
UC3XTwHxygNCgjndsg-UiCQA,UCTP3O0rMnc8z8v8jaDQwL0w,1
UC3XTwHxygNCgjndsg-UiCQA,UCThW2XNsAaBKme5PUt7n-Zg,1
UC3XTwHxygNCgjndsg-UiCQA,UCTwSut16JyAg3mX6LVUNGqA,1
UC3XTwHxygNCgjndsg-UiCQA,UCTylKrsqkrBKIqubMu_5N0Q,1
UC3XTwHxygNCgjndsg-UiCQA,UCUIIIPTVDVHAXqhC_5V6lPA,1
UC3XTwHxygNCgjndsg-UiCQA,UCV0iizTBoOfdAFX_thfI9BA,1
UC3XTwHxygNCgjndsg-UiCQA,UCWIZUtKJ636y-4TYrNvok0g,1
UC3XTwHxygNCgjndsg-UiCQA,UCXSkL3ejZ8qWYyF_M7s_QKA,1
UC3XTwHxygNCgjndsg-UiCQA,UCXXh7yg5KUFIWylTiKVEFKQ,1
UC3XTwHxygNCgjndsg-UiCQA,UCXgr7vXlRrsaskPdo097kGA,1
UC3XTwHxygNCgjndsg-UiCQA,UCXr8_5WtGeipe4haOoQDgyQ,1
UC3XTwHxygNCgjndsg-UiCQA,UCYN4wSQ1Sx4_LurxLlW7MPg,1
UC3XTwHxygNCgjndsg-UiCQA,UCYwpX26TrCxq8TvbKGRYLXA,1
UC3XTwHxygNCgjndsg-UiCQA,UCZ51R_9Q9C0c8I3pAWhtmjQ,1
UC3XTwHxygNCgjndsg-UiCQA,UCZLG9qH0tUjNhEGFIUt0CYw,1
UC3XTwHxygNCgjndsg-UiCQA,UCcfdg8crmMJwEuLUsAhV7yg,1
UC3XTwHxygNCgjndsg-UiCQA,UCfM3nrxtTQMY5jFx1v1J4Gg,1
UC3XTwHxygNCgjndsg-UiCQA,UCgvw7xIdGFupzpt1Y_BFkEA,1
UC3XTwHxygNCgjndsg-UiCQA,UCh5ESQvtzyHDhCA7XyekCFA,1
UC3XTwHxygNCgjndsg-UiCQA,UChZknRmJkeGeQk0-mQuhDOg,1
UC3XTwHxygNCgjndsg-UiCQA,UChep9kVb5gQmpodEEl10Xlg,1
UC3XTwHxygNCgjndsg-UiCQA,UChgkn5Jt5tWKYMoEOuCjz3Q,1
UC3XTwHxygNCgjndsg-UiCQA,UChs3tU2BcKOT0CezykvAsGw,1
UC3XTwHxygNCgjndsg-UiCQA,UCi1b_TRQfgO1Z9O2gNGGWNA,1
UC3XTwHxygNCgjndsg-UiCQA,UCiGRBf2RNF0WRKhRVT7zFoA,1
UC3XTwHxygNCgjndsg-UiCQA,UCiMythXHsw7eQEMykCdmMUA,1
UC3XTwHxygNCgjndsg-UiCQA,UCipetjeiWj4CZB6EbyYziZg,1
UC3XTwHxygNCgjndsg-UiCQA,UCj-LL25XJnjxepPKCc3NGog,1
UC3XTwHxygNCgjndsg-UiCQA,UCjSKM9j0Q7HLDr1hD6D-TUw,1
UC3XTwHxygNCgjndsg-UiCQA,UCjmPuazZJzscrwvk0QR9RVw,1
UC3XTwHxygNCgjndsg-UiCQA,UCkd9W714-947dEE6ZOEBATA,1
UC3XTwHxygNCgjndsg-UiCQA,UCl0ekS9Tt0jJGtOEM18S63w,1
UC3XTwHxygNCgjndsg-UiCQA,UCljDbleJul41G1TzOjOZAVA,1
UC3XTwHxygNCgjndsg-UiCQA,UCmjppp6ujz3SAnULvP3sZMw,1
UC3XTwHxygNCgjndsg-UiCQA,UCmvOgzmmXbjUthHy-WJ52hQ,1
UC3XTwHxygNCgjndsg-UiCQA,UCp4iw5_5SmV9VGTFSNVGOmQ,1
UC3XTwHxygNCgjndsg-UiCQA,UCpIdtvoFHVLGASGB5ySqIEA,1
UC3XTwHxygNCgjndsg-UiCQA,UCpl8rF8uv_8uui-QRvuJaRA,1
UC3XTwHxygNCgjndsg-UiCQA,UCplrIQtaPj6au60_f2-mOYw,1
UC3XTwHxygNCgjndsg-UiCQA,UCpsKOkt5iWTbenzeuq7dsmQ,1
UC3XTwHxygNCgjndsg-UiCQA,UCr1emrogPKkKTs_WTtx71xg,1
UC3XTwHxygNCgjndsg-UiCQA,UCrJn_rbo_ENAdeqneS-RmRw,1
UC3XTwHxygNCgjndsg-UiCQA,UCsJJAvrVGupdmhOqgtDp8dg,1
UC3XTwHxygNCgjndsg-UiCQA,UCsSXdJct-nsS8DsABoEsaYA,1
UC3XTwHxygNCgjndsg-UiCQA,UCsUCN0Yq_UyTvKjOJLmNrnQ,1
UC3XTwHxygNCgjndsg-UiCQA,UCsjs5Hp_r86x1xbK6FAeqaA,1
UC3XTwHxygNCgjndsg-UiCQA,UCtNfIBnc5S5DbbQj_yxgJTw,1
UC3XTwHxygNCgjndsg-UiCQA,UCtUR3_CAiE7fCoZHM6cMfyQ,1
UC3XTwHxygNCgjndsg-UiCQA,UCueV9cTyTDwgQSec1x2dYgA,1
UC3XTwHxygNCgjndsg-UiCQA,UCujPF2nBgsTD62nWE3lcpIg,1
UC3XTwHxygNCgjndsg-UiCQA,UCut6b9S98nv84cVX89PmKzA,1
UC3XTwHxygNCgjndsg-UiCQA,UCvApqeCbLod-wejtT4CcVuA,1
UC3XTwHxygNCgjndsg-UiCQA,UCwO2SXr0ggzwg6QWWrr01nQ,1
UC3XTwHxygNCgjndsg-UiCQA,UCwW2OFy95P7ZBkOPxWkpvYg,1
UC3XTwHxygNCgjndsg-UiCQA,UCwha8rxULYMVtNwZWeSkE1A,1
UC3XTwHxygNCgjndsg-UiCQA,UCxff05WuyvwELNITi7bj7UA,1
UC3XTwHxygNCgjndsg-UiCQA,UCySYJU5kUh7X8gVt9la2ISA,1
UC3XTwHxygNCgjndsg-UiCQA,UCylqlpsh8ENNM1LqgQ1KbxA,1
UC3XTwHxygNCgjndsg-UiCQA,UCz3gu01bmjNv0DpRq-K3XYg,1
UC3XTwHxygNCgjndsg-UiCQA,UCzSfZlOVxBSs5ObD25ywxDQ,1
UC3XTwHxygNCgjndsg-UiCQA,UCzoL2l5H5eVlorWGH8AZfAg,1
UC3qn1yJA5PeW9rkGPatQxiw,UC4cXueR2bKGFJV0Fk76gwmA,1
UC3qn1yJA5PeW9rkGPatQxiw,UC4wq3DcbfaG6dtCqn8Oyu3w,1
UC3qn1yJA5PeW9rkGPatQxiw,UC5H8ASmMC9WrURmzeB4ySog,1
UC3qn1yJA5PeW9rkGPatQxiw,UC5bG9nc_JV3FsNP2KseQiYw,1
UC3qn1yJA5PeW9rkGPatQxiw,UC650pRT-OYzny3GwOH8Cgfw,1
UC3qn1yJA5PeW9rkGPatQxiw,UC6PvO1_k5lHKGdAPo5_C6TA,1
UC3qn1yJA5PeW9rkGPatQxiw,UC6YSZqL0vEcI-niPKIMUGfw,1
UC3qn1yJA5PeW9rkGPatQxiw,UC72gBAtyb_VXQlYDcFrh6oQ,1
UC3qn1yJA5PeW9rkGPatQxiw,UC7VUuJr9cGh845CmTvf7TlQ,1
UC3qn1yJA5PeW9rkGPatQxiw,UC8F2V63KZ4ZEay6opX2hAQw,1
UC3qn1yJA5PeW9rkGPatQxiw,UC8G5cJONY8L9voMyBW8Eoug,1
UC3qn1yJA5PeW9rkGPatQxiw,UC8r11yOugM2NuRfitQOxLLg,1
UC3qn1yJA5PeW9rkGPatQxiw,UC9vMq1YF-e7C-VO0SHkbUTA,1
UC3qn1yJA5PeW9rkGPatQxiw,UC9xr9QvIcDvoZNUX5f-jaZw,1
UC3qn1yJA5PeW9rkGPatQxiw,UCA93ym2TXs_Ibyxb4Vcn-6Q,1
UC3qn1yJA5PeW9rkGPatQxiw,UCAlzM_N6xBlMYmM8EBzX86Q,1
UC3qn1yJA5PeW9rkGPatQxiw,UCAmtbUiIrUIhikru0ZoTFig,1
UC3qn1yJA5PeW9rkGPatQxiw,UCB5p8a5gklc80jJItP6xTHg,1
UC3qn1yJA5PeW9rkGPatQxiw,UCCaYwkkbQGcvFoUmothVdQQ,1
UC3qn1yJA5PeW9rkGPatQxiw,UCDIMztpVm7G27qBuiWuT6oQ,1
UC3qn1yJA5PeW9rkGPatQxiw,UCDPWkUX3sNNaCx-m1dV4glA,1
UC3qn1yJA5PeW9rkGPatQxiw,UCDQaQv0hr2SS_PO-CMEwVHg,1
UC3qn1yJA5PeW9rkGPatQxiw,UCDUffaruH6dyUnUGwsTKpgg,1
UC3qn1yJA5PeW9rkGPatQxiw,UCDftMWXQoJ6nONfY7GVOVjg,1
UC3qn1yJA5PeW9rkGPatQxiw,UCDlr1VadSucIZgZ171pRBjQ,1
UC3qn1yJA5PeW9rkGPatQxiw,UCEgEQmRbtL5fwr9_DqAC--g,1
UC3qn1yJA5PeW9rkGPatQxiw,UCErZPJpHmLCsXs8ZWkAUupQ,1
UC3qn1yJA5PeW9rkGPatQxiw,UCFUuDARXdmmIrLppEqf-rFg,1
UC3qn1yJA5PeW9rkGPatQxiw,UCFhxtoeARHPnXXPcDrOU3Xg,1
UC3qn1yJA5PeW9rkGPatQxiw,UCFjudnPLoaSL1BaRuLahyHg,1
UC3qn1yJA5PeW9rkGPatQxiw,UCFoIAE8k82D6AV-8gjjKaNg,1
UC3qn1yJA5PeW9rkGPatQxiw,UCFxE8GbokBrBsPEKM1xrOjQ,1
UC3qn1yJA5PeW9rkGPatQxiw,UCGzXwyCzMzGmjmCbH3Hg01Q,1
UC3qn1yJA5PeW9rkGPatQxiw,UCHTGCgY2l-DQJIvlA_cpa_Q,1
UC3qn1yJA5PeW9rkGPatQxiw,UCHhHUjaMAZ8SiXdCUCj9DkQ,1
UC3qn1yJA5PeW9rkGPatQxiw,UCKDR0f2fu2UzWL8mBv5-BHw,1
UC3qn1yJA5PeW9rkGPatQxiw,UCL13XhnRzbGokEkCkEOb0-g,1
UC3qn1yJA5PeW9rkGPatQxiw,UCL1MT278vSaQ83ZDkVWn1gw,1
UC3qn1yJA5PeW9rkGPatQxiw,UCLFdHr9BEbXHkoJopbEPLZw,1
UC3qn1yJA5PeW9rkGPatQxiw,UCLggDc_a5HriXv7I1h02sOA,1
UC3qn1yJA5PeW9rkGPatQxiw,UCN6qbfPSzFtjhqUDZ3Cv3CQ,1
UC3qn1yJA5PeW9rkGPatQxiw,UCNBnKqWf4d-rS4HwJRQljmQ,1
UC3qn1yJA5PeW9rkGPatQxiw,UCNkcuy42zEwddwEcOd_HpnA,1
UC3qn1yJA5PeW9rkGPatQxiw,UCOLGv5Pf6BF2wFcwUzgcvHg,1
UC3qn1yJA5PeW9rkGPatQxiw,UCOS8ViEkccrTZx2w2ccxotA,1
UC3qn1yJA5PeW9rkGPatQxiw,UCOh6DaZC_x9HASnlRylEMfw,1
UC3qn1yJA5PeW9rkGPatQxiw,UCQ_-LPP8JAbfkc-b1Q6NvWw,1
UC3qn1yJA5PeW9rkGPatQxiw,UCQgYjVngJRfPHDLGB5X6ZjA,1
UC3qn1yJA5PeW9rkGPatQxiw,UCQqetiwzzmRNTM5OWuXarGQ,1
UC3qn1yJA5PeW9rkGPatQxiw,UCQtICyzWmhC5woCtbNgaSmg,1
UC3qn1yJA5PeW9rkGPatQxiw,UCQtSFINs1h6GHkpg9o5kMvg,1
UC3qn1yJA5PeW9rkGPatQxiw,UCRETAiYdh2dL5ZxB0_N1zDA,1
UC3qn1yJA5PeW9rkGPatQxiw,UCRelkU8JiZBytTzebJxaa-w,1
UC3qn1yJA5PeW9rkGPatQxiw,UCRlCV9zSn7avAWh-9_XFWqQ,1
UC3qn1yJA5PeW9rkGPatQxiw,UCSou6a2OuYGSvPjm5psquyA,1
UC3qn1yJA5PeW9rkGPatQxiw,UCTD6q1nyIe3Y7HhqjaMj72w,1
UC3qn1yJA5PeW9rkGPatQxiw,UCTP3O0rMnc8z8v8jaDQwL0w,1
UC3qn1yJA5PeW9rkGPatQxiw,UCThW2XNsAaBKme5PUt7n-Zg,1
UC3qn1yJA5PeW9rkGPatQxiw,UCTwSut16JyAg3mX6LVUNGqA,1
UC3qn1yJA5PeW9rkGPatQxiw,UCTylKrsqkrBKIqubMu_5N0Q,1
UC3qn1yJA5PeW9rkGPatQxiw,UCUIIIPTVDVHAXqhC_5V6lPA,1
UC3qn1yJA5PeW9rkGPatQxiw,UCV0iizTBoOfdAFX_thfI9BA,1
UC3qn1yJA5PeW9rkGPatQxiw,UCWIZUtKJ636y-4TYrNvok0g,1
UC3qn1yJA5PeW9rkGPatQxiw,UCXSkL3ejZ8qWYyF_M7s_QKA,1
UC3qn1yJA5PeW9rkGPatQxiw,UCXXh7yg5KUFIWylTiKVEFKQ,1
UC3qn1yJA5PeW9rkGPatQxiw,UCXgr7vXlRrsaskPdo097kGA,1
UC3qn1yJA5PeW9rkGPatQxiw,UCXr8_5WtGeipe4haOoQDgyQ,1
UC3qn1yJA5PeW9rkGPatQxiw,UCYN4wSQ1Sx4_LurxLlW7MPg,1
UC3qn1yJA5PeW9rkGPatQxiw,UCYwpX26TrCxq8TvbKGRYLXA,1
UC3qn1yJA5PeW9rkGPatQxiw,UCZ51R_9Q9C0c8I3pAWhtmjQ,1
UC3qn1yJA5PeW9rkGPatQxiw,UCZLG9qH0tUjNhEGFIUt0CYw,1
UC3qn1yJA5PeW9rkGPatQxiw,UCcfdg8crmMJwEuLUsAhV7yg,1
UC3qn1yJA5PeW9rkGPatQxiw,UCfM3nrxtTQMY5jFx1v1J4Gg,1
UC3qn1yJA5PeW9rkGPatQxiw,UCgvw7xIdGFupzpt1Y_BFkEA,1
UC3qn1yJA5PeW9rkGPatQxiw,UCh5ESQvtzyHDhCA7XyekCFA,1
UC3qn1yJA5PeW9rkGPatQxiw,UChZknRmJkeGeQk0-mQuhDOg,1
UC3qn1yJA5PeW9rkGPatQxiw,UChep9kVb5gQmpodEEl10Xlg,1
UC3qn1yJA5PeW9rkGPatQxiw,UChgkn5Jt5tWKYMoEOuCjz3Q,1
UC3qn1yJA5PeW9rkGPatQxiw,UChs3tU2BcKOT0CezykvAsGw,1
UC3qn1yJA5PeW9rkGPatQxiw,UCi1b_TRQfgO1Z9O2gNGGWNA,1
UC3qn1yJA5PeW9rkGPatQxiw,UCiGRBf2RNF0WRKhRVT7zFoA,1
UC3qn1yJA5PeW9rkGPatQxiw,UCiMythXHsw7eQEMykCdmMUA,1
UC3qn1yJA5PeW9rkGPatQxiw,UCipetjeiWj4CZB6EbyYziZg,1
UC3qn1yJA5PeW9rkGPatQxiw,UCj-LL25XJnjxepPKCc3NGog,1
UC3qn1yJA5PeW9rkGPatQxiw,UCjSKM9j0Q7HLDr1hD6D-TUw,1
UC3qn1yJA5PeW9rkGPatQxiw,UCjmPuazZJzscrwvk0QR9RVw,1
UC3qn1yJA5PeW9rkGPatQxiw,UCkd9W714-947dEE6ZOEBATA,1
UC3qn1yJA5PeW9rkGPatQxiw,UCl0ekS9Tt0jJGtOEM18S63w,1
UC3qn1yJA5PeW9rkGPatQxiw,UCljDbleJul41G1TzOjOZAVA,1
UC3qn1yJA5PeW9rkGPatQxiw,UCmjppp6ujz3SAnULvP3sZMw,1
UC3qn1yJA5PeW9rkGPatQxiw,UCmvOgzmmXbjUthHy-WJ52hQ,1
UC3qn1yJA5PeW9rkGPatQxiw,UCp4iw5_5SmV9VGTFSNVGOmQ,1
UC3qn1yJA5PeW9rkGPatQxiw,UCpIdtvoFHVLGASGB5ySqIEA,1
UC3qn1yJA5PeW9rkGPatQxiw,UCpl8rF8uv_8uui-QRvuJaRA,1
UC3qn1yJA5PeW9rkGPatQxiw,UCplrIQtaPj6au60_f2-mOYw,1
UC3qn1yJA5PeW9rkGPatQxiw,UCpsKOkt5iWTbenzeuq7dsmQ,1
UC3qn1yJA5PeW9rkGPatQxiw,UCr1emrogPKkKTs_WTtx71xg,1
UC3qn1yJA5PeW9rkGPatQxiw,UCrJn_rbo_ENAdeqneS-RmRw,1
UC3qn1yJA5PeW9rkGPatQxiw,UCsJJAvrVGupdmhOqgtDp8dg,1
UC3qn1yJA5PeW9rkGPatQxiw,UCsSXdJct-nsS8DsABoEsaYA,1
UC3qn1yJA5PeW9rkGPatQxiw,UCsUCN0Yq_UyTvKjOJLmNrnQ,1
UC3qn1yJA5PeW9rkGPatQxiw,UCsjs5Hp_r86x1xbK6FAeqaA,1
UC3qn1yJA5PeW9rkGPatQxiw,UCtNfIBnc5S5DbbQj_yxgJTw,1
UC3qn1yJA5PeW9rkGPatQxiw,UCtUR3_CAiE7fCoZHM6cMfyQ,1
UC3qn1yJA5PeW9rkGPatQxiw,UCueV9cTyTDwgQSec1x2dYgA,1
UC3qn1yJA5PeW9rkGPatQxiw,UCujPF2nBgsTD62nWE3lcpIg,1
UC3qn1yJA5PeW9rkGPatQxiw,UCut6b9S98nv84cVX89PmKzA,1
UC3qn1yJA5PeW9rkGPatQxiw,UCvApqeCbLod-wejtT4CcVuA,1
UC3qn1yJA5PeW9rkGPatQxiw,UCwO2SXr0ggzwg6QWWrr01nQ,1
UC3qn1yJA5PeW9rkGPatQxiw,UCwW2OFy95P7ZBkOPxWkpvYg,1
UC3qn1yJA5PeW9rkGPatQxiw,UCwha8rxULYMVtNwZWeSkE1A,1
UC3qn1yJA5PeW9rkGPatQxiw,UCxff05WuyvwELNITi7bj7UA,1
UC3qn1yJA5PeW9rkGPatQxiw,UCySYJU5kUh7X8gVt9la2ISA,1
UC3qn1yJA5PeW9rkGPatQxiw,UCylqlpsh8ENNM1LqgQ1KbxA,1
UC3qn1yJA5PeW9rkGPatQxiw,UCz3gu01bmjNv0DpRq-K3XYg,1
UC3qn1yJA5PeW9rkGPatQxiw,UCzSfZlOVxBSs5ObD25ywxDQ,1
UC3qn1yJA5PeW9rkGPatQxiw,UCzoL2l5H5eVlorWGH8AZfAg,1
UC4cXueR2bKGFJV0Fk76gwmA,UC4wq3DcbfaG6dtCqn8Oyu3w,1
UC4cXueR2bKGFJV0Fk76gwmA,UC5H8ASmMC9WrURmzeB4ySog,1
UC4cXueR2bKGFJV0Fk76gwmA,UC5bG9nc_JV3FsNP2KseQiYw,1
UC4cXueR2bKGFJV0Fk76gwmA,UC650pRT-OYzny3GwOH8Cgfw,1
UC4cXueR2bKGFJV0Fk76gwmA,UC6PvO1_k5lHKGdAPo5_C6TA,1
UC4cXueR2bKGFJV0Fk76gwmA,UC6YSZqL0vEcI-niPKIMUGfw,1
UC4cXueR2bKGFJV0Fk76gwmA,UC72gBAtyb_VXQlYDcFrh6oQ,1
UC4cXueR2bKGFJV0Fk76gwmA,UC7VUuJr9cGh845CmTvf7TlQ,1
UC4cXueR2bKGFJV0Fk76gwmA,UC8F2V63KZ4ZEay6opX2hAQw,1
UC4cXueR2bKGFJV0Fk76gwmA,UC8G5cJONY8L9voMyBW8Eoug,1
UC4cXueR2bKGFJV0Fk76gwmA,UC8r11yOugM2NuRfitQOxLLg,1
UC4cXueR2bKGFJV0Fk76gwmA,UC9vMq1YF-e7C-VO0SHkbUTA,1
UC4cXueR2bKGFJV0Fk76gwmA,UC9xr9QvIcDvoZNUX5f-jaZw,1
UC4cXueR2bKGFJV0Fk76gwmA,UCA93ym2TXs_Ibyxb4Vcn-6Q,1
UC4cXueR2bKGFJV0Fk76gwmA,UCAlzM_N6xBlMYmM8EBzX86Q,1
UC4cXueR2bKGFJV0Fk76gwmA,UCAmtbUiIrUIhikru0ZoTFig,1
UC4cXueR2bKGFJV0Fk76gwmA,UCB5p8a5gklc80jJItP6xTHg,1
UC4cXueR2bKGFJV0Fk76gwmA,UCCaYwkkbQGcvFoUmothVdQQ,1
UC4cXueR2bKGFJV0Fk76gwmA,UCDIMztpVm7G27qBuiWuT6oQ,1
UC4cXueR2bKGFJV0Fk76gwmA,UCDPWkUX3sNNaCx-m1dV4glA,1
UC4cXueR2bKGFJV0Fk76gwmA,UCDQaQv0hr2SS_PO-CMEwVHg,1
UC4cXueR2bKGFJV0Fk76gwmA,UCDUffaruH6dyUnUGwsTKpgg,1
UC4cXueR2bKGFJV0Fk76gwmA,UCDftMWXQoJ6nONfY7GVOVjg,1
UC4cXueR2bKGFJV0Fk76gwmA,UCDlr1VadSucIZgZ171pRBjQ,1
UC4cXueR2bKGFJV0Fk76gwmA,UCEgEQmRbtL5fwr9_DqAC--g,1
UC4cXueR2bKGFJV0Fk76gwmA,UCErZPJpHmLCsXs8ZWkAUupQ,1
UC4cXueR2bKGFJV0Fk76gwmA,UCFUuDARXdmmIrLppEqf-rFg,1
UC4cXueR2bKGFJV0Fk76gwmA,UCFhxtoeARHPnXXPcDrOU3Xg,1
UC4cXueR2bKGFJV0Fk76gwmA,UCFjudnPLoaSL1BaRuLahyHg,1
UC4cXueR2bKGFJV0Fk76gwmA,UCFoIAE8k82D6AV-8gjjKaNg,1
UC4cXueR2bKGFJV0Fk76gwmA,UCFxE8GbokBrBsPEKM1xrOjQ,1
UC4cXueR2bKGFJV0Fk76gwmA,UCGzXwyCzMzGmjmCbH3Hg01Q,1
UC4cXueR2bKGFJV0Fk76gwmA,UCHTGCgY2l-DQJIvlA_cpa_Q,1
UC4cXueR2bKGFJV0Fk76gwmA,UCHhHUjaMAZ8SiXdCUCj9DkQ,1
UC4cXueR2bKGFJV0Fk76gwmA,UCKDR0f2fu2UzWL8mBv5-BHw,1
UC4cXueR2bKGFJV0Fk76gwmA,UCL13XhnRzbGokEkCkEOb0-g,1
UC4cXueR2bKGFJV0Fk76gwmA,UCL1MT278vSaQ83ZDkVWn1gw,1
UC4cXueR2bKGFJV0Fk76gwmA,UCLFdHr9BEbXHkoJopbEPLZw,1
UC4cXueR2bKGFJV0Fk76gwmA,UCLggDc_a5HriXv7I1h02sOA,1
UC4cXueR2bKGFJV0Fk76gwmA,UCN6qbfPSzFtjhqUDZ3Cv3CQ,1
UC4cXueR2bKGFJV0Fk76gwmA,UCNBnKqWf4d-rS4HwJRQljmQ,1
UC4cXueR2bKGFJV0Fk76gwmA,UCNkcuy42zEwddwEcOd_HpnA,1
UC4cXueR2bKGFJV0Fk76gwmA,UCOLGv5Pf6BF2wFcwUzgcvHg,1
UC4cXueR2bKGFJV0Fk76gwmA,UCOS8ViEkccrTZx2w2ccxotA,1
UC4cXueR2bKGFJV0Fk76gwmA,UCOh6DaZC_x9HASnlRylEMfw,1
UC4cXueR2bKGFJV0Fk76gwmA,UCQ_-LPP8JAbfkc-b1Q6NvWw,1
UC4cXueR2bKGFJV0Fk76gwmA,UCQgYjVngJRfPHDLGB5X6ZjA,1
UC4cXueR2bKGFJV0Fk76gwmA,UCQqetiwzzmRNTM5OWuXarGQ,1
UC4cXueR2bKGFJV0Fk76gwmA,UCQtICyzWmhC5woCtbNgaSmg,1
UC4cXueR2bKGFJV0Fk76gwmA,UCQtSFINs1h6GHkpg9o5kMvg,1
UC4cXueR2bKGFJV0Fk76gwmA,UCRETAiYdh2dL5ZxB0_N1zDA,1
UC4cXueR2bKGFJV0Fk76gwmA,UCRelkU8JiZBytTzebJxaa-w,1
UC4cXueR2bKGFJV0Fk76gwmA,UCRlCV9zSn7avAWh-9_XFWqQ,1
UC4cXueR2bKGFJV0Fk76gwmA,UCSou6a2OuYGSvPjm5psquyA,1
UC4cXueR2bKGFJV0Fk76gwmA,UCTD6q1nyIe3Y7HhqjaMj72w,1
UC4cXueR2bKGFJV0Fk76gwmA,UCTP3O0rMnc8z8v8jaDQwL0w,1
UC4cXueR2bKGFJV0Fk76gwmA,UCThW2XNsAaBKme5PUt7n-Zg,1
UC4cXueR2bKGFJV0Fk76gwmA,UCTwSut16JyAg3mX6LVUNGqA,1
UC4cXueR2bKGFJV0Fk76gwmA,UCTylKrsqkrBKIqubMu_5N0Q,1
UC4cXueR2bKGFJV0Fk76gwmA,UCUIIIPTVDVHAXqhC_5V6lPA,1
UC4cXueR2bKGFJV0Fk76gwmA,UCV0iizTBoOfdAFX_thfI9BA,1
UC4cXueR2bKGFJV0Fk76gwmA,UCWIZUtKJ636y-4TYrNvok0g,1
UC4cXueR2bKGFJV0Fk76gwmA,UCXSkL3ejZ8qWYyF_M7s_QKA,1
UC4cXueR2bKGFJV0Fk76gwmA,UCXXh7yg5KUFIWylTiKVEFKQ,1
UC4cXueR2bKGFJV0Fk76gwmA,UCXgr7vXlRrsaskPdo097kGA,1
UC4cXueR2bKGFJV0Fk76gwmA,UCXr8_5WtGeipe4haOoQDgyQ,1
UC4cXueR2bKGFJV0Fk76gwmA,UCYN4wSQ1Sx4_LurxLlW7MPg,1
UC4cXueR2bKGFJV0Fk76gwmA,UCYwpX26TrCxq8TvbKGRYLXA,1
UC4cXueR2bKGFJV0Fk76gwmA,UCZ51R_9Q9C0c8I3pAWhtmjQ,1
UC4cXueR2bKGFJV0Fk76gwmA,UCZLG9qH0tUjNhEGFIUt0CYw,1
UC4cXueR2bKGFJV0Fk76gwmA,UCcfdg8crmMJwEuLUsAhV7yg,1
UC4cXueR2bKGFJV0Fk76gwmA,UCfM3nrxtTQMY5jFx1v1J4Gg,1
UC4cXueR2bKGFJV0Fk76gwmA,UCgvw7xIdGFupzpt1Y_BFkEA,1
UC4cXueR2bKGFJV0Fk76gwmA,UCh5ESQvtzyHDhCA7XyekCFA,1
UC4cXueR2bKGFJV0Fk76gwmA,UChZknRmJkeGeQk0-mQuhDOg,1
UC4cXueR2bKGFJV0Fk76gwmA,UChep9kVb5gQmpodEEl10Xlg,1
UC4cXueR2bKGFJV0Fk76gwmA,UChgkn5Jt5tWKYMoEOuCjz3Q,1
UC4cXueR2bKGFJV0Fk76gwmA,UChs3tU2BcKOT0CezykvAsGw,1
UC4cXueR2bKGFJV0Fk76gwmA,UCi1b_TRQfgO1Z9O2gNGGWNA,1
UC4cXueR2bKGFJV0Fk76gwmA,UCiGRBf2RNF0WRKhRVT7zFoA,1
UC4cXueR2bKGFJV0Fk76gwmA,UCiMythXHsw7eQEMykCdmMUA,1
UC4cXueR2bKGFJV0Fk76gwmA,UCipetjeiWj4CZB6EbyYziZg,1
UC4cXueR2bKGFJV0Fk76gwmA,UCj-LL25XJnjxepPKCc3NGog,1
UC4cXueR2bKGFJV0Fk76gwmA,UCjSKM9j0Q7HLDr1hD6D-TUw,1
UC4cXueR2bKGFJV0Fk76gwmA,UCjmPuazZJzscrwvk0QR9RVw,1
UC4cXueR2bKGFJV0Fk76gwmA,UCkd9W714-947dEE6ZOEBATA,1
UC4cXueR2bKGFJV0Fk76gwmA,UCl0ekS9Tt0jJGtOEM18S63w,1
UC4cXueR2bKGFJV0Fk76gwmA,UCljDbleJul41G1TzOjOZAVA,1
UC4cXueR2bKGFJV0Fk76gwmA,UCmjppp6ujz3SAnULvP3sZMw,1
UC4cXueR2bKGFJV0Fk76gwmA,UCmvOgzmmXbjUthHy-WJ52hQ,1
UC4cXueR2bKGFJV0Fk76gwmA,UCp4iw5_5SmV9VGTFSNVGOmQ,1
UC4cXueR2bKGFJV0Fk76gwmA,UCpIdtvoFHVLGASGB5ySqIEA,1
UC4cXueR2bKGFJV0Fk76gwmA,UCpl8rF8uv_8uui-QRvuJaRA,1
UC4cXueR2bKGFJV0Fk76gwmA,UCplrIQtaPj6au60_f2-mOYw,1
UC4cXueR2bKGFJV0Fk76gwmA,UCpsKOkt5iWTbenzeuq7dsmQ,1
UC4cXueR2bKGFJV0Fk76gwmA,UCr1emrogPKkKTs_WTtx71xg,1
UC4cXueR2bKGFJV0Fk76gwmA,UCrJn_rbo_ENAdeqneS-RmRw,1
UC4cXueR2bKGFJV0Fk76gwmA,UCsJJAvrVGupdmhOqgtDp8dg,1
UC4cXueR2bKGFJV0Fk76gwmA,UCsSXdJct-nsS8DsABoEsaYA,1
UC4cXueR2bKGFJV0Fk76gwmA,UCsUCN0Yq_UyTvKjOJLmNrnQ,1
UC4cXueR2bKGFJV0Fk76gwmA,UCsjs5Hp_r86x1xbK6FAeqaA,1
UC4cXueR2bKGFJV0Fk76gwmA,UCtNfIBnc5S5DbbQj_yxgJTw,1
UC4cXueR2bKGFJV0Fk76gwmA,UCtUR3_CAiE7fCoZHM6cMfyQ,1
UC4cXueR2bKGFJV0Fk76gwmA,UCueV9cTyTDwgQSec1x2dYgA,1
UC4cXueR2bKGFJV0Fk76gwmA,UCujPF2nBgsTD62nWE3lcpIg,1
UC4cXueR2bKGFJV0Fk76gwmA,UCut6b9S98nv84cVX89PmKzA,1
UC4cXueR2bKGFJV0Fk76gwmA,UCvApqeCbLod-wejtT4CcVuA,1
UC4cXueR2bKGFJV0Fk76gwmA,UCwO2SXr0ggzwg6QWWrr01nQ,1
UC4cXueR2bKGFJV0Fk76gwmA,UCwW2OFy95P7ZBkOPxWkpvYg,1
UC4cXueR2bKGFJV0Fk76gwmA,UCwha8rxULYMVtNwZWeSkE1A,1
UC4cXueR2bKGFJV0Fk76gwmA,UCxff05WuyvwELNITi7bj7UA,1
UC4cXueR2bKGFJV0Fk76gwmA,UCySYJU5kUh7X8gVt9la2ISA,1
UC4cXueR2bKGFJV0Fk76gwmA,UCylqlpsh8ENNM1LqgQ1KbxA,1
UC4cXueR2bKGFJV0Fk76gwmA,UCz3gu01bmjNv0DpRq-K3XYg,1
UC4cXueR2bKGFJV0Fk76gwmA,UCzSfZlOVxBSs5ObD25ywxDQ,1
UC4cXueR2bKGFJV0Fk76gwmA,UCzoL2l5H5eVlorWGH8AZfAg,1
UC4wq3DcbfaG6dtCqn8Oyu3w,UC5H8ASmMC9WrURmzeB4ySog,1
UC4wq3DcbfaG6dtCqn8Oyu3w,UC5bG9nc_JV3FsNP2KseQiYw,1
UC4wq3DcbfaG6dtCqn8Oyu3w,UC650pRT-OYzny3GwOH8Cgfw,1
UC4wq3DcbfaG6dtCqn8Oyu3w,UC6PvO1_k5lHKGdAPo5_C6TA,1
UC4wq3DcbfaG6dtCqn8Oyu3w,UC6YSZqL0vEcI-niPKIMUGfw,1
UC4wq3DcbfaG6dtCqn8Oyu3w,UC72gBAtyb_VXQlYDcFrh6oQ,1
UC4wq3DcbfaG6dtCqn8Oyu3w,UC7VUuJr9cGh845CmTvf7TlQ,1
UC4wq3DcbfaG6dtCqn8Oyu3w,UC8F2V63KZ4ZEay6opX2hAQw,1
UC4wq3DcbfaG6dtCqn8Oyu3w,UC8G5cJONY8L9voMyBW8Eoug,1
UC4wq3DcbfaG6dtCqn8Oyu3w,UC8r11yOugM2NuRfitQOxLLg,1
UC4wq3DcbfaG6dtCqn8Oyu3w,UC9vMq1YF-e7C-VO0SHkbUTA,1
UC4wq3DcbfaG6dtCqn8Oyu3w,UC9xr9QvIcDvoZNUX5f-jaZw,1
UC4wq3DcbfaG6dtCqn8Oyu3w,UCA93ym2TXs_Ibyxb4Vcn-6Q,1
UC4wq3DcbfaG6dtCqn8Oyu3w,UCAlzM_N6xBlMYmM8EBzX86Q,1
UC4wq3DcbfaG6dtCqn8Oyu3w,UCAmtbUiIrUIhikru0ZoTFig,1
UC4wq3DcbfaG6dtCqn8Oyu3w,UCB5p8a5gklc80jJItP6xTHg,1
UC4wq3DcbfaG6dtCqn8Oyu3w,UCCaYwkkbQGcvFoUmothVdQQ,1
UC4wq3DcbfaG6dtCqn8Oyu3w,UCDIMztpVm7G27qBuiWuT6oQ,1
UC4wq3DcbfaG6dtCqn8Oyu3w,UCDPWkUX3sNNaCx-m1dV4glA,1
UC4wq3DcbfaG6dtCqn8Oyu3w,UCDQaQv0hr2SS_PO-CMEwVHg,1
UC4wq3DcbfaG6dtCqn8Oyu3w,UCDUffaruH6dyUnUGwsTKpgg,1
UC4wq3DcbfaG6dtCqn8Oyu3w,UCDftMWXQoJ6nONfY7GVOVjg,1
UC4wq3DcbfaG6dtCqn8Oyu3w,UCDlr1VadSucIZgZ171pRBjQ,1
UC4wq3DcbfaG6dtCqn8Oyu3w,UCEgEQmRbtL5fwr9_DqAC--g,1
UC4wq3DcbfaG6dtCqn8Oyu3w,UCErZPJpHmLCsXs8ZWkAUupQ,1
UC4wq3DcbfaG6dtCqn8Oyu3w,UCFUuDARXdmmIrLppEqf-rFg,1
UC4wq3DcbfaG6dtCqn8Oyu3w,UCFhxtoeARHPnXXPcDrOU3Xg,1
UC4wq3DcbfaG6dtCqn8Oyu3w,UCFjudnPLoaSL1BaRuLahyHg,1
UC4wq3DcbfaG6dtCqn8Oyu3w,UCFoIAE8k82D6AV-8gjjKaNg,1
UC4wq3DcbfaG6dtCqn8Oyu3w,UCFxE8GbokBrBsPEKM1xrOjQ,1
UC4wq3DcbfaG6dtCqn8Oyu3w,UCGzXwyCzMzGmjmCbH3Hg01Q,1
UC4wq3DcbfaG6dtCqn8Oyu3w,UCHTGCgY2l-DQJIvlA_cpa_Q,1
UC4wq3DcbfaG6dtCqn8Oyu3w,UCHhHUjaMAZ8SiXdCUCj9DkQ,1
UC4wq3DcbfaG6dtCqn8Oyu3w,UCKDR0f2fu2UzWL8mBv5-BHw,1
UC4wq3DcbfaG6dtCqn8Oyu3w,UCL13XhnRzbGokEkCkEOb0-g,1
UC4wq3DcbfaG6dtCqn8Oyu3w,UCL1MT278vSaQ83ZDkVWn1gw,1
UC4wq3DcbfaG6dtCqn8Oyu3w,UCLFdHr9BEbXHkoJopbEPLZw,1
UC4wq3DcbfaG6dtCqn8Oyu3w,UCLggDc_a5HriXv7I1h02sOA,1
UC4wq3DcbfaG6dtCqn8Oyu3w,UCN6qbfPSzFtjhqUDZ3Cv3CQ,1
UC4wq3DcbfaG6dtCqn8Oyu3w,UCNBnKqWf4d-rS4HwJRQljmQ,1
UC4wq3DcbfaG6dtCqn8Oyu3w,UCNkcuy42zEwddwEcOd_HpnA,1
UC4wq3DcbfaG6dtCqn8Oyu3w,UCOLGv5Pf6BF2wFcwUzgcvHg,1
UC4wq3DcbfaG6dtCqn8Oyu3w,UCOS8ViEkccrTZx2w2ccxotA,1
UC4wq3DcbfaG6dtCqn8Oyu3w,UCOh6DaZC_x9HASnlRylEMfw,1
UC4wq3DcbfaG6dtCqn8Oyu3w,UCQ_-LPP8JAbfkc-b1Q6NvWw,1
UC4wq3DcbfaG6dtCqn8Oyu3w,UCQgYjVngJRfPHDLGB5X6ZjA,1
UC4wq3DcbfaG6dtCqn8Oyu3w,UCQqetiwzzmRNTM5OWuXarGQ,1
UC4wq3DcbfaG6dtCqn8Oyu3w,UCQtICyzWmhC5woCtbNgaSmg,1
UC4wq3DcbfaG6dtCqn8Oyu3w,UCQtSFINs1h6GHkpg9o5kMvg,1
UC4wq3DcbfaG6dtCqn8Oyu3w,UCRETAiYdh2dL5ZxB0_N1zDA,1
UC4wq3DcbfaG6dtCqn8Oyu3w,UCRelkU8JiZBytTzebJxaa-w,1
UC4wq3DcbfaG6dtCqn8Oyu3w,UCRlCV9zSn7avAWh-9_XFWqQ,1
UC4wq3DcbfaG6dtCqn8Oyu3w,UCSou6a2OuYGSvPjm5psquyA,1
UC4wq3DcbfaG6dtCqn8Oyu3w,UCTD6q1nyIe3Y7HhqjaMj72w,1
UC4wq3DcbfaG6dtCqn8Oyu3w,UCTP3O0rMnc8z8v8jaDQwL0w,1
UC4wq3DcbfaG6dtCqn8Oyu3w,UCThW2XNsAaBKme5PUt7n-Zg,1
UC4wq3DcbfaG6dtCqn8Oyu3w,UCTwSut16JyAg3mX6LVUNGqA,1
UC4wq3DcbfaG6dtCqn8Oyu3w,UCTylKrsqkrBKIqubMu_5N0Q,1
UC4wq3DcbfaG6dtCqn8Oyu3w,UCUIIIPTVDVHAXqhC_5V6lPA,1
UC4wq3DcbfaG6dtCqn8Oyu3w,UCV0iizTBoOfdAFX_thfI9BA,1
UC4wq3DcbfaG6dtCqn8Oyu3w,UCWIZUtKJ636y-4TYrNvok0g,1
UC4wq3DcbfaG6dtCqn8Oyu3w,UCXSkL3ejZ8qWYyF_M7s_QKA,1
UC4wq3DcbfaG6dtCqn8Oyu3w,UCXXh7yg5KUFIWylTiKVEFKQ,1
UC4wq3DcbfaG6dtCqn8Oyu3w,UCXgr7vXlRrsaskPdo097kGA,1
UC4wq3DcbfaG6dtCqn8Oyu3w,UCXr8_5WtGeipe4haOoQDgyQ,1
UC4wq3DcbfaG6dtCqn8Oyu3w,UCYN4wSQ1Sx4_LurxLlW7MPg,1
UC4wq3DcbfaG6dtCqn8Oyu3w,UCYwpX26TrCxq8TvbKGRYLXA,1
UC4wq3DcbfaG6dtCqn8Oyu3w,UCZ51R_9Q9C0c8I3pAWhtmjQ,1
UC4wq3DcbfaG6dtCqn8Oyu3w,UCZLG9qH0tUjNhEGFIUt0CYw,1
UC4wq3DcbfaG6dtCqn8Oyu3w,UCcfdg8crmMJwEuLUsAhV7yg,1
UC4wq3DcbfaG6dtCqn8Oyu3w,UCfM3nrxtTQMY5jFx1v1J4Gg,1
UC4wq3DcbfaG6dtCqn8Oyu3w,UCgvw7xIdGFupzpt1Y_BFkEA,1
UC4wq3DcbfaG6dtCqn8Oyu3w,UCh5ESQvtzyHDhCA7XyekCFA,1
UC4wq3DcbfaG6dtCqn8Oyu3w,UChZknRmJkeGeQk0-mQuhDOg,1
UC4wq3DcbfaG6dtCqn8Oyu3w,UChep9kVb5gQmpodEEl10Xlg,1
UC4wq3DcbfaG6dtCqn8Oyu3w,UChgkn5Jt5tWKYMoEOuCjz3Q,1
UC4wq3DcbfaG6dtCqn8Oyu3w,UChs3tU2BcKOT0CezykvAsGw,1
UC4wq3DcbfaG6dtCqn8Oyu3w,UCi1b_TRQfgO1Z9O2gNGGWNA,1
UC4wq3DcbfaG6dtCqn8Oyu3w,UCiGRBf2RNF0WRKhRVT7zFoA,1
UC4wq3DcbfaG6dtCqn8Oyu3w,UCiMythXHsw7eQEMykCdmMUA,1
UC4wq3DcbfaG6dtCqn8Oyu3w,UCipetjeiWj4CZB6EbyYziZg,1
UC4wq3DcbfaG6dtCqn8Oyu3w,UCj-LL25XJnjxepPKCc3NGog,1
UC4wq3DcbfaG6dtCqn8Oyu3w,UCjSKM9j0Q7HLDr1hD6D-TUw,1
UC4wq3DcbfaG6dtCqn8Oyu3w,UCjmPuazZJzscrwvk0QR9RVw,1
UC4wq3DcbfaG6dtCqn8Oyu3w,UCkd9W714-947dEE6ZOEBATA,1
UC4wq3DcbfaG6dtCqn8Oyu3w,UCl0ekS9Tt0jJGtOEM18S63w,1
UC4wq3DcbfaG6dtCqn8Oyu3w,UCljDbleJul41G1TzOjOZAVA,1
UC4wq3DcbfaG6dtCqn8Oyu3w,UCmjppp6ujz3SAnULvP3sZMw,1
UC4wq3DcbfaG6dtCqn8Oyu3w,UCmvOgzmmXbjUthHy-WJ52hQ,1
UC4wq3DcbfaG6dtCqn8Oyu3w,UCp4iw5_5SmV9VGTFSNVGOmQ,1
UC4wq3DcbfaG6dtCqn8Oyu3w,UCpIdtvoFHVLGASGB5ySqIEA,1
UC4wq3DcbfaG6dtCqn8Oyu3w,UCpl8rF8uv_8uui-QRvuJaRA,1
UC4wq3DcbfaG6dtCqn8Oyu3w,UCplrIQtaPj6au60_f2-mOYw,1
UC4wq3DcbfaG6dtCqn8Oyu3w,UCpsKOkt5iWTbenzeuq7dsmQ,1
UC4wq3DcbfaG6dtCqn8Oyu3w,UCr1emrogPKkKTs_WTtx71xg,1
UC4wq3DcbfaG6dtCqn8Oyu3w,UCrJn_rbo_ENAdeqneS-RmRw,1
UC4wq3DcbfaG6dtCqn8Oyu3w,UCsJJAvrVGupdmhOqgtDp8dg,1
UC4wq3DcbfaG6dtCqn8Oyu3w,UCsSXdJct-nsS8DsABoEsaYA,1
UC4wq3DcbfaG6dtCqn8Oyu3w,UCsUCN0Yq_UyTvKjOJLmNrnQ,1
UC4wq3DcbfaG6dtCqn8Oyu3w,UCsjs5Hp_r86x1xbK6FAeqaA,1
UC4wq3DcbfaG6dtCqn8Oyu3w,UCtNfIBnc5S5DbbQj_yxgJTw,1
UC4wq3DcbfaG6dtCqn8Oyu3w,UCtUR3_CAiE7fCoZHM6cMfyQ,1
UC4wq3DcbfaG6dtCqn8Oyu3w,UCueV9cTyTDwgQSec1x2dYgA,1
UC4wq3DcbfaG6dtCqn8Oyu3w,UCujPF2nBgsTD62nWE3lcpIg,1
UC4wq3DcbfaG6dtCqn8Oyu3w,UCut6b9S98nv84cVX89PmKzA,1
UC4wq3DcbfaG6dtCqn8Oyu3w,UCvApqeCbLod-wejtT4CcVuA,1
UC4wq3DcbfaG6dtCqn8Oyu3w,UCwO2SXr0ggzwg6QWWrr01nQ,1
UC4wq3DcbfaG6dtCqn8Oyu3w,UCwW2OFy95P7ZBkOPxWkpvYg,1
UC4wq3DcbfaG6dtCqn8Oyu3w,UCwha8rxULYMVtNwZWeSkE1A,1
UC4wq3DcbfaG6dtCqn8Oyu3w,UCxff05WuyvwELNITi7bj7UA,1
UC4wq3DcbfaG6dtCqn8Oyu3w,UCySYJU5kUh7X8gVt9la2ISA,1
UC4wq3DcbfaG6dtCqn8Oyu3w,UCylqlpsh8ENNM1LqgQ1KbxA,1
UC4wq3DcbfaG6dtCqn8Oyu3w,UCz3gu01bmjNv0DpRq-K3XYg,1
UC4wq3DcbfaG6dtCqn8Oyu3w,UCzSfZlOVxBSs5ObD25ywxDQ,1
UC4wq3DcbfaG6dtCqn8Oyu3w,UCzoL2l5H5eVlorWGH8AZfAg,1
UC5H8ASmMC9WrURmzeB4ySog,UC5bG9nc_JV3FsNP2KseQiYw,1
UC5H8ASmMC9WrURmzeB4ySog,UC650pRT-OYzny3GwOH8Cgfw,1
UC5H8ASmMC9WrURmzeB4ySog,UC6PvO1_k5lHKGdAPo5_C6TA,1
UC5H8ASmMC9WrURmzeB4ySog,UC6YSZqL0vEcI-niPKIMUGfw,1
UC5H8ASmMC9WrURmzeB4ySog,UC72gBAtyb_VXQlYDcFrh6oQ,1
UC5H8ASmMC9WrURmzeB4ySog,UC7VUuJr9cGh845CmTvf7TlQ,1
UC5H8ASmMC9WrURmzeB4ySog,UC8F2V63KZ4ZEay6opX2hAQw,1
UC5H8ASmMC9WrURmzeB4ySog,UC8G5cJONY8L9voMyBW8Eoug,1
UC5H8ASmMC9WrURmzeB4ySog,UC8r11yOugM2NuRfitQOxLLg,1
UC5H8ASmMC9WrURmzeB4ySog,UC9vMq1YF-e7C-VO0SHkbUTA,1
UC5H8ASmMC9WrURmzeB4ySog,UC9xr9QvIcDvoZNUX5f-jaZw,1
UC5H8ASmMC9WrURmzeB4ySog,UCA93ym2TXs_Ibyxb4Vcn-6Q,1
UC5H8ASmMC9WrURmzeB4ySog,UCAlzM_N6xBlMYmM8EBzX86Q,1
UC5H8ASmMC9WrURmzeB4ySog,UCAmtbUiIrUIhikru0ZoTFig,1
UC5H8ASmMC9WrURmzeB4ySog,UCB5p8a5gklc80jJItP6xTHg,1
UC5H8ASmMC9WrURmzeB4ySog,UCCaYwkkbQGcvFoUmothVdQQ,1
UC5H8ASmMC9WrURmzeB4ySog,UCDIMztpVm7G27qBuiWuT6oQ,1
UC5H8ASmMC9WrURmzeB4ySog,UCDPWkUX3sNNaCx-m1dV4glA,1
UC5H8ASmMC9WrURmzeB4ySog,UCDQaQv0hr2SS_PO-CMEwVHg,1
UC5H8ASmMC9WrURmzeB4ySog,UCDUffaruH6dyUnUGwsTKpgg,1
UC5H8ASmMC9WrURmzeB4ySog,UCDftMWXQoJ6nONfY7GVOVjg,1
UC5H8ASmMC9WrURmzeB4ySog,UCDlr1VadSucIZgZ171pRBjQ,1
UC5H8ASmMC9WrURmzeB4ySog,UCEgEQmRbtL5fwr9_DqAC--g,1
UC5H8ASmMC9WrURmzeB4ySog,UCErZPJpHmLCsXs8ZWkAUupQ,1
UC5H8ASmMC9WrURmzeB4ySog,UCFUuDARXdmmIrLppEqf-rFg,1
UC5H8ASmMC9WrURmzeB4ySog,UCFhxtoeARHPnXXPcDrOU3Xg,1
UC5H8ASmMC9WrURmzeB4ySog,UCFjudnPLoaSL1BaRuLahyHg,1
UC5H8ASmMC9WrURmzeB4ySog,UCFoIAE8k82D6AV-8gjjKaNg,1
UC5H8ASmMC9WrURmzeB4ySog,UCFxE8GbokBrBsPEKM1xrOjQ,1
UC5H8ASmMC9WrURmzeB4ySog,UCGzXwyCzMzGmjmCbH3Hg01Q,1
UC5H8ASmMC9WrURmzeB4ySog,UCHTGCgY2l-DQJIvlA_cpa_Q,1
UC5H8ASmMC9WrURmzeB4ySog,UCHhHUjaMAZ8SiXdCUCj9DkQ,1
UC5H8ASmMC9WrURmzeB4ySog,UCKDR0f2fu2UzWL8mBv5-BHw,1
UC5H8ASmMC9WrURmzeB4ySog,UCL13XhnRzbGokEkCkEOb0-g,1
UC5H8ASmMC9WrURmzeB4ySog,UCL1MT278vSaQ83ZDkVWn1gw,1
UC5H8ASmMC9WrURmzeB4ySog,UCLFdHr9BEbXHkoJopbEPLZw,1
UC5H8ASmMC9WrURmzeB4ySog,UCLggDc_a5HriXv7I1h02sOA,1
UC5H8ASmMC9WrURmzeB4ySog,UCN6qbfPSzFtjhqUDZ3Cv3CQ,1
UC5H8ASmMC9WrURmzeB4ySog,UCNBnKqWf4d-rS4HwJRQljmQ,1
UC5H8ASmMC9WrURmzeB4ySog,UCNkcuy42zEwddwEcOd_HpnA,1
UC5H8ASmMC9WrURmzeB4ySog,UCOLGv5Pf6BF2wFcwUzgcvHg,1
UC5H8ASmMC9WrURmzeB4ySog,UCOS8ViEkccrTZx2w2ccxotA,1
UC5H8ASmMC9WrURmzeB4ySog,UCOh6DaZC_x9HASnlRylEMfw,1
UC5H8ASmMC9WrURmzeB4ySog,UCQ_-LPP8JAbfkc-b1Q6NvWw,1
UC5H8ASmMC9WrURmzeB4ySog,UCQgYjVngJRfPHDLGB5X6ZjA,1
UC5H8ASmMC9WrURmzeB4ySog,UCQqetiwzzmRNTM5OWuXarGQ,1
UC5H8ASmMC9WrURmzeB4ySog,UCQtICyzWmhC5woCtbNgaSmg,1
UC5H8ASmMC9WrURmzeB4ySog,UCQtSFINs1h6GHkpg9o5kMvg,1
UC5H8ASmMC9WrURmzeB4ySog,UCRETAiYdh2dL5ZxB0_N1zDA,1
UC5H8ASmMC9WrURmzeB4ySog,UCRelkU8JiZBytTzebJxaa-w,1
UC5H8ASmMC9WrURmzeB4ySog,UCRlCV9zSn7avAWh-9_XFWqQ,1
UC5H8ASmMC9WrURmzeB4ySog,UCSou6a2OuYGSvPjm5psquyA,1
UC5H8ASmMC9WrURmzeB4ySog,UCTD6q1nyIe3Y7HhqjaMj72w,1
UC5H8ASmMC9WrURmzeB4ySog,UCTP3O0rMnc8z8v8jaDQwL0w,1
UC5H8ASmMC9WrURmzeB4ySog,UCThW2XNsAaBKme5PUt7n-Zg,1
UC5H8ASmMC9WrURmzeB4ySog,UCTwSut16JyAg3mX6LVUNGqA,1
UC5H8ASmMC9WrURmzeB4ySog,UCTylKrsqkrBKIqubMu_5N0Q,1
UC5H8ASmMC9WrURmzeB4ySog,UCUIIIPTVDVHAXqhC_5V6lPA,1
UC5H8ASmMC9WrURmzeB4ySog,UCV0iizTBoOfdAFX_thfI9BA,1
UC5H8ASmMC9WrURmzeB4ySog,UCWIZUtKJ636y-4TYrNvok0g,1
UC5H8ASmMC9WrURmzeB4ySog,UCXSkL3ejZ8qWYyF_M7s_QKA,1
UC5H8ASmMC9WrURmzeB4ySog,UCXXh7yg5KUFIWylTiKVEFKQ,1
UC5H8ASmMC9WrURmzeB4ySog,UCXgr7vXlRrsaskPdo097kGA,1
UC5H8ASmMC9WrURmzeB4ySog,UCXr8_5WtGeipe4haOoQDgyQ,1
UC5H8ASmMC9WrURmzeB4ySog,UCYN4wSQ1Sx4_LurxLlW7MPg,1
UC5H8ASmMC9WrURmzeB4ySog,UCYwpX26TrCxq8TvbKGRYLXA,1
UC5H8ASmMC9WrURmzeB4ySog,UCZ51R_9Q9C0c8I3pAWhtmjQ,1
UC5H8ASmMC9WrURmzeB4ySog,UCZLG9qH0tUjNhEGFIUt0CYw,1
UC5H8ASmMC9WrURmzeB4ySog,UCcfdg8crmMJwEuLUsAhV7yg,1
UC5H8ASmMC9WrURmzeB4ySog,UCfM3nrxtTQMY5jFx1v1J4Gg,1
UC5H8ASmMC9WrURmzeB4ySog,UCgvw7xIdGFupzpt1Y_BFkEA,1
UC5H8ASmMC9WrURmzeB4ySog,UCh5ESQvtzyHDhCA7XyekCFA,1
UC5H8ASmMC9WrURmzeB4ySog,UChZknRmJkeGeQk0-mQuhDOg,1
UC5H8ASmMC9WrURmzeB4ySog,UChep9kVb5gQmpodEEl10Xlg,1
UC5H8ASmMC9WrURmzeB4ySog,UChgkn5Jt5tWKYMoEOuCjz3Q,1
UC5H8ASmMC9WrURmzeB4ySog,UChs3tU2BcKOT0CezykvAsGw,1
UC5H8ASmMC9WrURmzeB4ySog,UCi1b_TRQfgO1Z9O2gNGGWNA,1
UC5H8ASmMC9WrURmzeB4ySog,UCiGRBf2RNF0WRKhRVT7zFoA,1
UC5H8ASmMC9WrURmzeB4ySog,UCiMythXHsw7eQEMykCdmMUA,1
UC5H8ASmMC9WrURmzeB4ySog,UCipetjeiWj4CZB6EbyYziZg,1
UC5H8ASmMC9WrURmzeB4ySog,UCj-LL25XJnjxepPKCc3NGog,1
UC5H8ASmMC9WrURmzeB4ySog,UCjSKM9j0Q7HLDr1hD6D-TUw,1
UC5H8ASmMC9WrURmzeB4ySog,UCjmPuazZJzscrwvk0QR9RVw,1
UC5H8ASmMC9WrURmzeB4ySog,UCkd9W714-947dEE6ZOEBATA,1
UC5H8ASmMC9WrURmzeB4ySog,UCl0ekS9Tt0jJGtOEM18S63w,1
UC5H8ASmMC9WrURmzeB4ySog,UCljDbleJul41G1TzOjOZAVA,1
UC5H8ASmMC9WrURmzeB4ySog,UCmjppp6ujz3SAnULvP3sZMw,1
UC5H8ASmMC9WrURmzeB4ySog,UCmvOgzmmXbjUthHy-WJ52hQ,1
UC5H8ASmMC9WrURmzeB4ySog,UCp4iw5_5SmV9VGTFSNVGOmQ,1
UC5H8ASmMC9WrURmzeB4ySog,UCpIdtvoFHVLGASGB5ySqIEA,1
UC5H8ASmMC9WrURmzeB4ySog,UCpl8rF8uv_8uui-QRvuJaRA,1
UC5H8ASmMC9WrURmzeB4ySog,UCplrIQtaPj6au60_f2-mOYw,1
UC5H8ASmMC9WrURmzeB4ySog,UCpsKOkt5iWTbenzeuq7dsmQ,1
UC5H8ASmMC9WrURmzeB4ySog,UCr1emrogPKkKTs_WTtx71xg,1
UC5H8ASmMC9WrURmzeB4ySog,UCrJn_rbo_ENAdeqneS-RmRw,1
UC5H8ASmMC9WrURmzeB4ySog,UCsJJAvrVGupdmhOqgtDp8dg,1
UC5H8ASmMC9WrURmzeB4ySog,UCsSXdJct-nsS8DsABoEsaYA,1
UC5H8ASmMC9WrURmzeB4ySog,UCsUCN0Yq_UyTvKjOJLmNrnQ,1
UC5H8ASmMC9WrURmzeB4ySog,UCsjs5Hp_r86x1xbK6FAeqaA,1
UC5H8ASmMC9WrURmzeB4ySog,UCtNfIBnc5S5DbbQj_yxgJTw,1
UC5H8ASmMC9WrURmzeB4ySog,UCtUR3_CAiE7fCoZHM6cMfyQ,1
UC5H8ASmMC9WrURmzeB4ySog,UCueV9cTyTDwgQSec1x2dYgA,1
UC5H8ASmMC9WrURmzeB4ySog,UCujPF2nBgsTD62nWE3lcpIg,1
UC5H8ASmMC9WrURmzeB4ySog,UCut6b9S98nv84cVX89PmKzA,1
UC5H8ASmMC9WrURmzeB4ySog,UCvApqeCbLod-wejtT4CcVuA,1
UC5H8ASmMC9WrURmzeB4ySog,UCwO2SXr0ggzwg6QWWrr01nQ,1
UC5H8ASmMC9WrURmzeB4ySog,UCwW2OFy95P7ZBkOPxWkpvYg,1
UC5H8ASmMC9WrURmzeB4ySog,UCwha8rxULYMVtNwZWeSkE1A,1
UC5H8ASmMC9WrURmzeB4ySog,UCxff05WuyvwELNITi7bj7UA,1
UC5H8ASmMC9WrURmzeB4ySog,UCySYJU5kUh7X8gVt9la2ISA,1
UC5H8ASmMC9WrURmzeB4ySog,UCylqlpsh8ENNM1LqgQ1KbxA,1
UC5H8ASmMC9WrURmzeB4ySog,UCz3gu01bmjNv0DpRq-K3XYg,1
UC5H8ASmMC9WrURmzeB4ySog,UCzSfZlOVxBSs5ObD25ywxDQ,1
UC5H8ASmMC9WrURmzeB4ySog,UCzoL2l5H5eVlorWGH8AZfAg,1
UC5bG9nc_JV3FsNP2KseQiYw,UC650pRT-OYzny3GwOH8Cgfw,1
UC5bG9nc_JV3FsNP2KseQiYw,UC6PvO1_k5lHKGdAPo5_C6TA,1
UC5bG9nc_JV3FsNP2KseQiYw,UC6YSZqL0vEcI-niPKIMUGfw,1
UC5bG9nc_JV3FsNP2KseQiYw,UC72gBAtyb_VXQlYDcFrh6oQ,1
UC5bG9nc_JV3FsNP2KseQiYw,UC7VUuJr9cGh845CmTvf7TlQ,1
UC5bG9nc_JV3FsNP2KseQiYw,UC8F2V63KZ4ZEay6opX2hAQw,1
UC5bG9nc_JV3FsNP2KseQiYw,UC8G5cJONY8L9voMyBW8Eoug,1
UC5bG9nc_JV3FsNP2KseQiYw,UC8r11yOugM2NuRfitQOxLLg,1
UC5bG9nc_JV3FsNP2KseQiYw,UC9vMq1YF-e7C-VO0SHkbUTA,1
UC5bG9nc_JV3FsNP2KseQiYw,UC9xr9QvIcDvoZNUX5f-jaZw,1
UC5bG9nc_JV3FsNP2KseQiYw,UCA93ym2TXs_Ibyxb4Vcn-6Q,1
UC5bG9nc_JV3FsNP2KseQiYw,UCAlzM_N6xBlMYmM8EBzX86Q,1
UC5bG9nc_JV3FsNP2KseQiYw,UCAmtbUiIrUIhikru0ZoTFig,1
UC5bG9nc_JV3FsNP2KseQiYw,UCB5p8a5gklc80jJItP6xTHg,1
UC5bG9nc_JV3FsNP2KseQiYw,UCCaYwkkbQGcvFoUmothVdQQ,1
UC5bG9nc_JV3FsNP2KseQiYw,UCDIMztpVm7G27qBuiWuT6oQ,1
UC5bG9nc_JV3FsNP2KseQiYw,UCDPWkUX3sNNaCx-m1dV4glA,1
UC5bG9nc_JV3FsNP2KseQiYw,UCDQaQv0hr2SS_PO-CMEwVHg,1
UC5bG9nc_JV3FsNP2KseQiYw,UCDUffaruH6dyUnUGwsTKpgg,1
UC5bG9nc_JV3FsNP2KseQiYw,UCDftMWXQoJ6nONfY7GVOVjg,1
UC5bG9nc_JV3FsNP2KseQiYw,UCDlr1VadSucIZgZ171pRBjQ,1
UC5bG9nc_JV3FsNP2KseQiYw,UCEgEQmRbtL5fwr9_DqAC--g,1
UC5bG9nc_JV3FsNP2KseQiYw,UCErZPJpHmLCsXs8ZWkAUupQ,1
UC5bG9nc_JV3FsNP2KseQiYw,UCFUuDARXdmmIrLppEqf-rFg,1
UC5bG9nc_JV3FsNP2KseQiYw,UCFhxtoeARHPnXXPcDrOU3Xg,1
UC5bG9nc_JV3FsNP2KseQiYw,UCFjudnPLoaSL1BaRuLahyHg,1
UC5bG9nc_JV3FsNP2KseQiYw,UCFoIAE8k82D6AV-8gjjKaNg,1
UC5bG9nc_JV3FsNP2KseQiYw,UCFxE8GbokBrBsPEKM1xrOjQ,1
UC5bG9nc_JV3FsNP2KseQiYw,UCGzXwyCzMzGmjmCbH3Hg01Q,1
UC5bG9nc_JV3FsNP2KseQiYw,UCHTGCgY2l-DQJIvlA_cpa_Q,1
UC5bG9nc_JV3FsNP2KseQiYw,UCHhHUjaMAZ8SiXdCUCj9DkQ,1
UC5bG9nc_JV3FsNP2KseQiYw,UCKDR0f2fu2UzWL8mBv5-BHw,1
UC5bG9nc_JV3FsNP2KseQiYw,UCL13XhnRzbGokEkCkEOb0-g,1
UC5bG9nc_JV3FsNP2KseQiYw,UCL1MT278vSaQ83ZDkVWn1gw,1
UC5bG9nc_JV3FsNP2KseQiYw,UCLFdHr9BEbXHkoJopbEPLZw,1
UC5bG9nc_JV3FsNP2KseQiYw,UCLggDc_a5HriXv7I1h02sOA,1
UC5bG9nc_JV3FsNP2KseQiYw,UCN6qbfPSzFtjhqUDZ3Cv3CQ,1
UC5bG9nc_JV3FsNP2KseQiYw,UCNBnKqWf4d-rS4HwJRQljmQ,1
UC5bG9nc_JV3FsNP2KseQiYw,UCNkcuy42zEwddwEcOd_HpnA,1
UC5bG9nc_JV3FsNP2KseQiYw,UCOLGv5Pf6BF2wFcwUzgcvHg,1
UC5bG9nc_JV3FsNP2KseQiYw,UCOS8ViEkccrTZx2w2ccxotA,1
UC5bG9nc_JV3FsNP2KseQiYw,UCOh6DaZC_x9HASnlRylEMfw,1
UC5bG9nc_JV3FsNP2KseQiYw,UCQ_-LPP8JAbfkc-b1Q6NvWw,1
UC5bG9nc_JV3FsNP2KseQiYw,UCQgYjVngJRfPHDLGB5X6ZjA,1
UC5bG9nc_JV3FsNP2KseQiYw,UCQqetiwzzmRNTM5OWuXarGQ,1
UC5bG9nc_JV3FsNP2KseQiYw,UCQtICyzWmhC5woCtbNgaSmg,1
UC5bG9nc_JV3FsNP2KseQiYw,UCQtSFINs1h6GHkpg9o5kMvg,1
UC5bG9nc_JV3FsNP2KseQiYw,UCRETAiYdh2dL5ZxB0_N1zDA,1
UC5bG9nc_JV3FsNP2KseQiYw,UCRelkU8JiZBytTzebJxaa-w,1
UC5bG9nc_JV3FsNP2KseQiYw,UCRlCV9zSn7avAWh-9_XFWqQ,1
UC5bG9nc_JV3FsNP2KseQiYw,UCSou6a2OuYGSvPjm5psquyA,1
UC5bG9nc_JV3FsNP2KseQiYw,UCTD6q1nyIe3Y7HhqjaMj72w,1
UC5bG9nc_JV3FsNP2KseQiYw,UCTP3O0rMnc8z8v8jaDQwL0w,1
UC5bG9nc_JV3FsNP2KseQiYw,UCThW2XNsAaBKme5PUt7n-Zg,1
UC5bG9nc_JV3FsNP2KseQiYw,UCTwSut16JyAg3mX6LVUNGqA,1
UC5bG9nc_JV3FsNP2KseQiYw,UCTylKrsqkrBKIqubMu_5N0Q,1
UC5bG9nc_JV3FsNP2KseQiYw,UCUIIIPTVDVHAXqhC_5V6lPA,1
UC5bG9nc_JV3FsNP2KseQiYw,UCV0iizTBoOfdAFX_thfI9BA,1
UC5bG9nc_JV3FsNP2KseQiYw,UCWIZUtKJ636y-4TYrNvok0g,1
UC5bG9nc_JV3FsNP2KseQiYw,UCXSkL3ejZ8qWYyF_M7s_QKA,1
UC5bG9nc_JV3FsNP2KseQiYw,UCXXh7yg5KUFIWylTiKVEFKQ,1
UC5bG9nc_JV3FsNP2KseQiYw,UCXgr7vXlRrsaskPdo097kGA,1
UC5bG9nc_JV3FsNP2KseQiYw,UCXr8_5WtGeipe4haOoQDgyQ,1
UC5bG9nc_JV3FsNP2KseQiYw,UCYN4wSQ1Sx4_LurxLlW7MPg,1
UC5bG9nc_JV3FsNP2KseQiYw,UCYwpX26TrCxq8TvbKGRYLXA,1
UC5bG9nc_JV3FsNP2KseQiYw,UCZ51R_9Q9C0c8I3pAWhtmjQ,1
UC5bG9nc_JV3FsNP2KseQiYw,UCZLG9qH0tUjNhEGFIUt0CYw,1
UC5bG9nc_JV3FsNP2KseQiYw,UCcfdg8crmMJwEuLUsAhV7yg,1
UC5bG9nc_JV3FsNP2KseQiYw,UCfM3nrxtTQMY5jFx1v1J4Gg,1
UC5bG9nc_JV3FsNP2KseQiYw,UCgvw7xIdGFupzpt1Y_BFkEA,1
UC5bG9nc_JV3FsNP2KseQiYw,UCh5ESQvtzyHDhCA7XyekCFA,1
UC5bG9nc_JV3FsNP2KseQiYw,UChZknRmJkeGeQk0-mQuhDOg,1
UC5bG9nc_JV3FsNP2KseQiYw,UChep9kVb5gQmpodEEl10Xlg,1
UC5bG9nc_JV3FsNP2KseQiYw,UChgkn5Jt5tWKYMoEOuCjz3Q,1
UC5bG9nc_JV3FsNP2KseQiYw,UChs3tU2BcKOT0CezykvAsGw,1
UC5bG9nc_JV3FsNP2KseQiYw,UCi1b_TRQfgO1Z9O2gNGGWNA,1
UC5bG9nc_JV3FsNP2KseQiYw,UCiGRBf2RNF0WRKhRVT7zFoA,1
UC5bG9nc_JV3FsNP2KseQiYw,UCiMythXHsw7eQEMykCdmMUA,1
UC5bG9nc_JV3FsNP2KseQiYw,UCipetjeiWj4CZB6EbyYziZg,1
UC5bG9nc_JV3FsNP2KseQiYw,UCj-LL25XJnjxepPKCc3NGog,1
UC5bG9nc_JV3FsNP2KseQiYw,UCjSKM9j0Q7HLDr1hD6D-TUw,1
UC5bG9nc_JV3FsNP2KseQiYw,UCjmPuazZJzscrwvk0QR9RVw,1
UC5bG9nc_JV3FsNP2KseQiYw,UCkd9W714-947dEE6ZOEBATA,1
UC5bG9nc_JV3FsNP2KseQiYw,UCl0ekS9Tt0jJGtOEM18S63w,1
UC5bG9nc_JV3FsNP2KseQiYw,UCljDbleJul41G1TzOjOZAVA,1
UC5bG9nc_JV3FsNP2KseQiYw,UCmjppp6ujz3SAnULvP3sZMw,1
UC5bG9nc_JV3FsNP2KseQiYw,UCmvOgzmmXbjUthHy-WJ52hQ,1
UC5bG9nc_JV3FsNP2KseQiYw,UCp4iw5_5SmV9VGTFSNVGOmQ,1
UC5bG9nc_JV3FsNP2KseQiYw,UCpIdtvoFHVLGASGB5ySqIEA,1
UC5bG9nc_JV3FsNP2KseQiYw,UCpl8rF8uv_8uui-QRvuJaRA,1
UC5bG9nc_JV3FsNP2KseQiYw,UCplrIQtaPj6au60_f2-mOYw,1
UC5bG9nc_JV3FsNP2KseQiYw,UCpsKOkt5iWTbenzeuq7dsmQ,1
UC5bG9nc_JV3FsNP2KseQiYw,UCr1emrogPKkKTs_WTtx71xg,1
UC5bG9nc_JV3FsNP2KseQiYw,UCrJn_rbo_ENAdeqneS-RmRw,1
UC5bG9nc_JV3FsNP2KseQiYw,UCsJJAvrVGupdmhOqgtDp8dg,1
UC5bG9nc_JV3FsNP2KseQiYw,UCsSXdJct-nsS8DsABoEsaYA,1
UC5bG9nc_JV3FsNP2KseQiYw,UCsUCN0Yq_UyTvKjOJLmNrnQ,1
UC5bG9nc_JV3FsNP2KseQiYw,UCsjs5Hp_r86x1xbK6FAeqaA,1
UC5bG9nc_JV3FsNP2KseQiYw,UCtNfIBnc5S5DbbQj_yxgJTw,1
UC5bG9nc_JV3FsNP2KseQiYw,UCtUR3_CAiE7fCoZHM6cMfyQ,1
UC5bG9nc_JV3FsNP2KseQiYw,UCueV9cTyTDwgQSec1x2dYgA,1
UC5bG9nc_JV3FsNP2KseQiYw,UCujPF2nBgsTD62nWE3lcpIg,1
UC5bG9nc_JV3FsNP2KseQiYw,UCut6b9S98nv84cVX89PmKzA,1
UC5bG9nc_JV3FsNP2KseQiYw,UCvApqeCbLod-wejtT4CcVuA,1
UC5bG9nc_JV3FsNP2KseQiYw,UCwO2SXr0ggzwg6QWWrr01nQ,1
UC5bG9nc_JV3FsNP2KseQiYw,UCwW2OFy95P7ZBkOPxWkpvYg,1
UC5bG9nc_JV3FsNP2KseQiYw,UCwha8rxULYMVtNwZWeSkE1A,1
UC5bG9nc_JV3FsNP2KseQiYw,UCxff05WuyvwELNITi7bj7UA,1
UC5bG9nc_JV3FsNP2KseQiYw,UCySYJU5kUh7X8gVt9la2ISA,1
UC5bG9nc_JV3FsNP2KseQiYw,UCylqlpsh8ENNM1LqgQ1KbxA,1
UC5bG9nc_JV3FsNP2KseQiYw,UCz3gu01bmjNv0DpRq-K3XYg,1
UC5bG9nc_JV3FsNP2KseQiYw,UCzSfZlOVxBSs5ObD25ywxDQ,1
UC5bG9nc_JV3FsNP2KseQiYw,UCzoL2l5H5eVlorWGH8AZfAg,1
UC650pRT-OYzny3GwOH8Cgfw,UC6PvO1_k5lHKGdAPo5_C6TA,1
UC650pRT-OYzny3GwOH8Cgfw,UC6YSZqL0vEcI-niPKIMUGfw,1
UC650pRT-OYzny3GwOH8Cgfw,UC72gBAtyb_VXQlYDcFrh6oQ,1
UC650pRT-OYzny3GwOH8Cgfw,UC7VUuJr9cGh845CmTvf7TlQ,1
UC650pRT-OYzny3GwOH8Cgfw,UC8F2V63KZ4ZEay6opX2hAQw,1
UC650pRT-OYzny3GwOH8Cgfw,UC8G5cJONY8L9voMyBW8Eoug,1
UC650pRT-OYzny3GwOH8Cgfw,UC8r11yOugM2NuRfitQOxLLg,1
UC650pRT-OYzny3GwOH8Cgfw,UC9vMq1YF-e7C-VO0SHkbUTA,1
UC650pRT-OYzny3GwOH8Cgfw,UC9xr9QvIcDvoZNUX5f-jaZw,1
UC650pRT-OYzny3GwOH8Cgfw,UCA93ym2TXs_Ibyxb4Vcn-6Q,1
UC650pRT-OYzny3GwOH8Cgfw,UCAlzM_N6xBlMYmM8EBzX86Q,1
UC650pRT-OYzny3GwOH8Cgfw,UCAmtbUiIrUIhikru0ZoTFig,1
UC650pRT-OYzny3GwOH8Cgfw,UCB5p8a5gklc80jJItP6xTHg,1
UC650pRT-OYzny3GwOH8Cgfw,UCCaYwkkbQGcvFoUmothVdQQ,1
UC650pRT-OYzny3GwOH8Cgfw,UCDIMztpVm7G27qBuiWuT6oQ,1
UC650pRT-OYzny3GwOH8Cgfw,UCDPWkUX3sNNaCx-m1dV4glA,1
UC650pRT-OYzny3GwOH8Cgfw,UCDQaQv0hr2SS_PO-CMEwVHg,1
UC650pRT-OYzny3GwOH8Cgfw,UCDUffaruH6dyUnUGwsTKpgg,1
UC650pRT-OYzny3GwOH8Cgfw,UCDftMWXQoJ6nONfY7GVOVjg,1
UC650pRT-OYzny3GwOH8Cgfw,UCDlr1VadSucIZgZ171pRBjQ,1
UC650pRT-OYzny3GwOH8Cgfw,UCEgEQmRbtL5fwr9_DqAC--g,1
UC650pRT-OYzny3GwOH8Cgfw,UCErZPJpHmLCsXs8ZWkAUupQ,1
UC650pRT-OYzny3GwOH8Cgfw,UCFUuDARXdmmIrLppEqf-rFg,1
UC650pRT-OYzny3GwOH8Cgfw,UCFhxtoeARHPnXXPcDrOU3Xg,1
UC650pRT-OYzny3GwOH8Cgfw,UCFjudnPLoaSL1BaRuLahyHg,1
UC650pRT-OYzny3GwOH8Cgfw,UCFoIAE8k82D6AV-8gjjKaNg,1
UC650pRT-OYzny3GwOH8Cgfw,UCFxE8GbokBrBsPEKM1xrOjQ,1
UC650pRT-OYzny3GwOH8Cgfw,UCGzXwyCzMzGmjmCbH3Hg01Q,1
UC650pRT-OYzny3GwOH8Cgfw,UCHTGCgY2l-DQJIvlA_cpa_Q,1
UC650pRT-OYzny3GwOH8Cgfw,UCHhHUjaMAZ8SiXdCUCj9DkQ,1
UC650pRT-OYzny3GwOH8Cgfw,UCKDR0f2fu2UzWL8mBv5-BHw,1
UC650pRT-OYzny3GwOH8Cgfw,UCL13XhnRzbGokEkCkEOb0-g,1
UC650pRT-OYzny3GwOH8Cgfw,UCL1MT278vSaQ83ZDkVWn1gw,1
UC650pRT-OYzny3GwOH8Cgfw,UCLFdHr9BEbXHkoJopbEPLZw,1
UC650pRT-OYzny3GwOH8Cgfw,UCLggDc_a5HriXv7I1h02sOA,1
UC650pRT-OYzny3GwOH8Cgfw,UCN6qbfPSzFtjhqUDZ3Cv3CQ,1
UC650pRT-OYzny3GwOH8Cgfw,UCNBnKqWf4d-rS4HwJRQljmQ,1
UC650pRT-OYzny3GwOH8Cgfw,UCNkcuy42zEwddwEcOd_HpnA,1
UC650pRT-OYzny3GwOH8Cgfw,UCOLGv5Pf6BF2wFcwUzgcvHg,1
UC650pRT-OYzny3GwOH8Cgfw,UCOS8ViEkccrTZx2w2ccxotA,1
UC650pRT-OYzny3GwOH8Cgfw,UCOh6DaZC_x9HASnlRylEMfw,1
UC650pRT-OYzny3GwOH8Cgfw,UCQ_-LPP8JAbfkc-b1Q6NvWw,1
UC650pRT-OYzny3GwOH8Cgfw,UCQgYjVngJRfPHDLGB5X6ZjA,1
UC650pRT-OYzny3GwOH8Cgfw,UCQqetiwzzmRNTM5OWuXarGQ,1
UC650pRT-OYzny3GwOH8Cgfw,UCQtICyzWmhC5woCtbNgaSmg,1
UC650pRT-OYzny3GwOH8Cgfw,UCQtSFINs1h6GHkpg9o5kMvg,1
UC650pRT-OYzny3GwOH8Cgfw,UCRETAiYdh2dL5ZxB0_N1zDA,1
UC650pRT-OYzny3GwOH8Cgfw,UCRelkU8JiZBytTzebJxaa-w,1
UC650pRT-OYzny3GwOH8Cgfw,UCRlCV9zSn7avAWh-9_XFWqQ,1
UC650pRT-OYzny3GwOH8Cgfw,UCSou6a2OuYGSvPjm5psquyA,1
UC650pRT-OYzny3GwOH8Cgfw,UCTD6q1nyIe3Y7HhqjaMj72w,1
UC650pRT-OYzny3GwOH8Cgfw,UCTP3O0rMnc8z8v8jaDQwL0w,1
UC650pRT-OYzny3GwOH8Cgfw,UCThW2XNsAaBKme5PUt7n-Zg,1
UC650pRT-OYzny3GwOH8Cgfw,UCTwSut16JyAg3mX6LVUNGqA,1
UC650pRT-OYzny3GwOH8Cgfw,UCTylKrsqkrBKIqubMu_5N0Q,1
UC650pRT-OYzny3GwOH8Cgfw,UCUIIIPTVDVHAXqhC_5V6lPA,1
UC650pRT-OYzny3GwOH8Cgfw,UCV0iizTBoOfdAFX_thfI9BA,1
UC650pRT-OYzny3GwOH8Cgfw,UCWIZUtKJ636y-4TYrNvok0g,1
UC650pRT-OYzny3GwOH8Cgfw,UCXSkL3ejZ8qWYyF_M7s_QKA,1
UC650pRT-OYzny3GwOH8Cgfw,UCXXh7yg5KUFIWylTiKVEFKQ,1
UC650pRT-OYzny3GwOH8Cgfw,UCXgr7vXlRrsaskPdo097kGA,1
UC650pRT-OYzny3GwOH8Cgfw,UCXr8_5WtGeipe4haOoQDgyQ,1
UC650pRT-OYzny3GwOH8Cgfw,UCYN4wSQ1Sx4_LurxLlW7MPg,1
UC650pRT-OYzny3GwOH8Cgfw,UCYwpX26TrCxq8TvbKGRYLXA,1
UC650pRT-OYzny3GwOH8Cgfw,UCZ51R_9Q9C0c8I3pAWhtmjQ,1
UC650pRT-OYzny3GwOH8Cgfw,UCZLG9qH0tUjNhEGFIUt0CYw,1
UC650pRT-OYzny3GwOH8Cgfw,UCcfdg8crmMJwEuLUsAhV7yg,1
UC650pRT-OYzny3GwOH8Cgfw,UCfM3nrxtTQMY5jFx1v1J4Gg,1
UC650pRT-OYzny3GwOH8Cgfw,UCgvw7xIdGFupzpt1Y_BFkEA,1
UC650pRT-OYzny3GwOH8Cgfw,UCh5ESQvtzyHDhCA7XyekCFA,1
UC650pRT-OYzny3GwOH8Cgfw,UChZknRmJkeGeQk0-mQuhDOg,1
UC650pRT-OYzny3GwOH8Cgfw,UChep9kVb5gQmpodEEl10Xlg,1
UC650pRT-OYzny3GwOH8Cgfw,UChgkn5Jt5tWKYMoEOuCjz3Q,1
UC650pRT-OYzny3GwOH8Cgfw,UChs3tU2BcKOT0CezykvAsGw,1
UC650pRT-OYzny3GwOH8Cgfw,UCi1b_TRQfgO1Z9O2gNGGWNA,1
UC650pRT-OYzny3GwOH8Cgfw,UCiGRBf2RNF0WRKhRVT7zFoA,1
UC650pRT-OYzny3GwOH8Cgfw,UCiMythXHsw7eQEMykCdmMUA,1
UC650pRT-OYzny3GwOH8Cgfw,UCipetjeiWj4CZB6EbyYziZg,1
UC650pRT-OYzny3GwOH8Cgfw,UCj-LL25XJnjxepPKCc3NGog,1
UC650pRT-OYzny3GwOH8Cgfw,UCjSKM9j0Q7HLDr1hD6D-TUw,1
UC650pRT-OYzny3GwOH8Cgfw,UCjmPuazZJzscrwvk0QR9RVw,1
UC650pRT-OYzny3GwOH8Cgfw,UCkd9W714-947dEE6ZOEBATA,1
UC650pRT-OYzny3GwOH8Cgfw,UCl0ekS9Tt0jJGtOEM18S63w,1
UC650pRT-OYzny3GwOH8Cgfw,UCljDbleJul41G1TzOjOZAVA,1
UC650pRT-OYzny3GwOH8Cgfw,UCmjppp6ujz3SAnULvP3sZMw,1
UC650pRT-OYzny3GwOH8Cgfw,UCmvOgzmmXbjUthHy-WJ52hQ,1
UC650pRT-OYzny3GwOH8Cgfw,UCp4iw5_5SmV9VGTFSNVGOmQ,1
UC650pRT-OYzny3GwOH8Cgfw,UCpIdtvoFHVLGASGB5ySqIEA,1
UC650pRT-OYzny3GwOH8Cgfw,UCpl8rF8uv_8uui-QRvuJaRA,1
UC650pRT-OYzny3GwOH8Cgfw,UCplrIQtaPj6au60_f2-mOYw,1
UC650pRT-OYzny3GwOH8Cgfw,UCpsKOkt5iWTbenzeuq7dsmQ,1
UC650pRT-OYzny3GwOH8Cgfw,UCr1emrogPKkKTs_WTtx71xg,1
UC650pRT-OYzny3GwOH8Cgfw,UCrJn_rbo_ENAdeqneS-RmRw,1
UC650pRT-OYzny3GwOH8Cgfw,UCsJJAvrVGupdmhOqgtDp8dg,1
UC650pRT-OYzny3GwOH8Cgfw,UCsSXdJct-nsS8DsABoEsaYA,1
UC650pRT-OYzny3GwOH8Cgfw,UCsUCN0Yq_UyTvKjOJLmNrnQ,1
UC650pRT-OYzny3GwOH8Cgfw,UCsjs5Hp_r86x1xbK6FAeqaA,1
UC650pRT-OYzny3GwOH8Cgfw,UCtNfIBnc5S5DbbQj_yxgJTw,1
UC650pRT-OYzny3GwOH8Cgfw,UCtUR3_CAiE7fCoZHM6cMfyQ,1
UC650pRT-OYzny3GwOH8Cgfw,UCueV9cTyTDwgQSec1x2dYgA,1
UC650pRT-OYzny3GwOH8Cgfw,UCujPF2nBgsTD62nWE3lcpIg,1
UC650pRT-OYzny3GwOH8Cgfw,UCut6b9S98nv84cVX89PmKzA,1
UC650pRT-OYzny3GwOH8Cgfw,UCvApqeCbLod-wejtT4CcVuA,1
UC650pRT-OYzny3GwOH8Cgfw,UCwO2SXr0ggzwg6QWWrr01nQ,1
UC650pRT-OYzny3GwOH8Cgfw,UCwW2OFy95P7ZBkOPxWkpvYg,1
UC650pRT-OYzny3GwOH8Cgfw,UCwha8rxULYMVtNwZWeSkE1A,1
UC650pRT-OYzny3GwOH8Cgfw,UCxff05WuyvwELNITi7bj7UA,1
UC650pRT-OYzny3GwOH8Cgfw,UCySYJU5kUh7X8gVt9la2ISA,1
UC650pRT-OYzny3GwOH8Cgfw,UCylqlpsh8ENNM1LqgQ1KbxA,1
UC650pRT-OYzny3GwOH8Cgfw,UCz3gu01bmjNv0DpRq-K3XYg,1
UC650pRT-OYzny3GwOH8Cgfw,UCzSfZlOVxBSs5ObD25ywxDQ,1
UC650pRT-OYzny3GwOH8Cgfw,UCzoL2l5H5eVlorWGH8AZfAg,1
UC6PvO1_k5lHKGdAPo5_C6TA,UC6YSZqL0vEcI-niPKIMUGfw,1
UC6PvO1_k5lHKGdAPo5_C6TA,UC72gBAtyb_VXQlYDcFrh6oQ,1
UC6PvO1_k5lHKGdAPo5_C6TA,UC7VUuJr9cGh845CmTvf7TlQ,1
UC6PvO1_k5lHKGdAPo5_C6TA,UC8F2V63KZ4ZEay6opX2hAQw,1
UC6PvO1_k5lHKGdAPo5_C6TA,UC8G5cJONY8L9voMyBW8Eoug,1
UC6PvO1_k5lHKGdAPo5_C6TA,UC8r11yOugM2NuRfitQOxLLg,1
UC6PvO1_k5lHKGdAPo5_C6TA,UC9vMq1YF-e7C-VO0SHkbUTA,1
UC6PvO1_k5lHKGdAPo5_C6TA,UC9xr9QvIcDvoZNUX5f-jaZw,1
UC6PvO1_k5lHKGdAPo5_C6TA,UCA93ym2TXs_Ibyxb4Vcn-6Q,1
UC6PvO1_k5lHKGdAPo5_C6TA,UCAlzM_N6xBlMYmM8EBzX86Q,1
UC6PvO1_k5lHKGdAPo5_C6TA,UCAmtbUiIrUIhikru0ZoTFig,1
UC6PvO1_k5lHKGdAPo5_C6TA,UCB5p8a5gklc80jJItP6xTHg,1
UC6PvO1_k5lHKGdAPo5_C6TA,UCCaYwkkbQGcvFoUmothVdQQ,1
UC6PvO1_k5lHKGdAPo5_C6TA,UCDIMztpVm7G27qBuiWuT6oQ,1
UC6PvO1_k5lHKGdAPo5_C6TA,UCDPWkUX3sNNaCx-m1dV4glA,1
UC6PvO1_k5lHKGdAPo5_C6TA,UCDQaQv0hr2SS_PO-CMEwVHg,1
UC6PvO1_k5lHKGdAPo5_C6TA,UCDUffaruH6dyUnUGwsTKpgg,1
UC6PvO1_k5lHKGdAPo5_C6TA,UCDftMWXQoJ6nONfY7GVOVjg,1
UC6PvO1_k5lHKGdAPo5_C6TA,UCDlr1VadSucIZgZ171pRBjQ,1
UC6PvO1_k5lHKGdAPo5_C6TA,UCEgEQmRbtL5fwr9_DqAC--g,1
UC6PvO1_k5lHKGdAPo5_C6TA,UCErZPJpHmLCsXs8ZWkAUupQ,1
UC6PvO1_k5lHKGdAPo5_C6TA,UCFUuDARXdmmIrLppEqf-rFg,1
UC6PvO1_k5lHKGdAPo5_C6TA,UCFhxtoeARHPnXXPcDrOU3Xg,1
UC6PvO1_k5lHKGdAPo5_C6TA,UCFjudnPLoaSL1BaRuLahyHg,1
UC6PvO1_k5lHKGdAPo5_C6TA,UCFoIAE8k82D6AV-8gjjKaNg,1
UC6PvO1_k5lHKGdAPo5_C6TA,UCFxE8GbokBrBsPEKM1xrOjQ,1
UC6PvO1_k5lHKGdAPo5_C6TA,UCGzXwyCzMzGmjmCbH3Hg01Q,1
UC6PvO1_k5lHKGdAPo5_C6TA,UCHTGCgY2l-DQJIvlA_cpa_Q,1
UC6PvO1_k5lHKGdAPo5_C6TA,UCHhHUjaMAZ8SiXdCUCj9DkQ,1
UC6PvO1_k5lHKGdAPo5_C6TA,UCKDR0f2fu2UzWL8mBv5-BHw,1
UC6PvO1_k5lHKGdAPo5_C6TA,UCL13XhnRzbGokEkCkEOb0-g,1
UC6PvO1_k5lHKGdAPo5_C6TA,UCL1MT278vSaQ83ZDkVWn1gw,1
UC6PvO1_k5lHKGdAPo5_C6TA,UCLFdHr9BEbXHkoJopbEPLZw,1
UC6PvO1_k5lHKGdAPo5_C6TA,UCLggDc_a5HriXv7I1h02sOA,1
UC6PvO1_k5lHKGdAPo5_C6TA,UCN6qbfPSzFtjhqUDZ3Cv3CQ,1
UC6PvO1_k5lHKGdAPo5_C6TA,UCNBnKqWf4d-rS4HwJRQljmQ,1
UC6PvO1_k5lHKGdAPo5_C6TA,UCNkcuy42zEwddwEcOd_HpnA,1
UC6PvO1_k5lHKGdAPo5_C6TA,UCOLGv5Pf6BF2wFcwUzgcvHg,1
UC6PvO1_k5lHKGdAPo5_C6TA,UCOS8ViEkccrTZx2w2ccxotA,1
UC6PvO1_k5lHKGdAPo5_C6TA,UCOh6DaZC_x9HASnlRylEMfw,1
UC6PvO1_k5lHKGdAPo5_C6TA,UCQ_-LPP8JAbfkc-b1Q6NvWw,1
UC6PvO1_k5lHKGdAPo5_C6TA,UCQgYjVngJRfPHDLGB5X6ZjA,1
UC6PvO1_k5lHKGdAPo5_C6TA,UCQqetiwzzmRNTM5OWuXarGQ,1
UC6PvO1_k5lHKGdAPo5_C6TA,UCQtICyzWmhC5woCtbNgaSmg,1
UC6PvO1_k5lHKGdAPo5_C6TA,UCQtSFINs1h6GHkpg9o5kMvg,1
UC6PvO1_k5lHKGdAPo5_C6TA,UCRETAiYdh2dL5ZxB0_N1zDA,1
UC6PvO1_k5lHKGdAPo5_C6TA,UCRelkU8JiZBytTzebJxaa-w,1
UC6PvO1_k5lHKGdAPo5_C6TA,UCRlCV9zSn7avAWh-9_XFWqQ,1
UC6PvO1_k5lHKGdAPo5_C6TA,UCSou6a2OuYGSvPjm5psquyA,1
UC6PvO1_k5lHKGdAPo5_C6TA,UCTD6q1nyIe3Y7HhqjaMj72w,1
UC6PvO1_k5lHKGdAPo5_C6TA,UCTP3O0rMnc8z8v8jaDQwL0w,1
UC6PvO1_k5lHKGdAPo5_C6TA,UCThW2XNsAaBKme5PUt7n-Zg,1
UC6PvO1_k5lHKGdAPo5_C6TA,UCTwSut16JyAg3mX6LVUNGqA,1
UC6PvO1_k5lHKGdAPo5_C6TA,UCTylKrsqkrBKIqubMu_5N0Q,1
UC6PvO1_k5lHKGdAPo5_C6TA,UCUIIIPTVDVHAXqhC_5V6lPA,1
UC6PvO1_k5lHKGdAPo5_C6TA,UCV0iizTBoOfdAFX_thfI9BA,1
UC6PvO1_k5lHKGdAPo5_C6TA,UCWIZUtKJ636y-4TYrNvok0g,1
UC6PvO1_k5lHKGdAPo5_C6TA,UCXSkL3ejZ8qWYyF_M7s_QKA,1
UC6PvO1_k5lHKGdAPo5_C6TA,UCXXh7yg5KUFIWylTiKVEFKQ,1
UC6PvO1_k5lHKGdAPo5_C6TA,UCXgr7vXlRrsaskPdo097kGA,1
UC6PvO1_k5lHKGdAPo5_C6TA,UCXr8_5WtGeipe4haOoQDgyQ,1
UC6PvO1_k5lHKGdAPo5_C6TA,UCYN4wSQ1Sx4_LurxLlW7MPg,1
UC6PvO1_k5lHKGdAPo5_C6TA,UCYwpX26TrCxq8TvbKGRYLXA,1
UC6PvO1_k5lHKGdAPo5_C6TA,UCZ51R_9Q9C0c8I3pAWhtmjQ,1
UC6PvO1_k5lHKGdAPo5_C6TA,UCZLG9qH0tUjNhEGFIUt0CYw,1
UC6PvO1_k5lHKGdAPo5_C6TA,UCcfdg8crmMJwEuLUsAhV7yg,1
UC6PvO1_k5lHKGdAPo5_C6TA,UCfM3nrxtTQMY5jFx1v1J4Gg,1
UC6PvO1_k5lHKGdAPo5_C6TA,UCgvw7xIdGFupzpt1Y_BFkEA,1
UC6PvO1_k5lHKGdAPo5_C6TA,UCh5ESQvtzyHDhCA7XyekCFA,1
UC6PvO1_k5lHKGdAPo5_C6TA,UChZknRmJkeGeQk0-mQuhDOg,1
UC6PvO1_k5lHKGdAPo5_C6TA,UChep9kVb5gQmpodEEl10Xlg,1
UC6PvO1_k5lHKGdAPo5_C6TA,UChgkn5Jt5tWKYMoEOuCjz3Q,1
UC6PvO1_k5lHKGdAPo5_C6TA,UChs3tU2BcKOT0CezykvAsGw,1
UC6PvO1_k5lHKGdAPo5_C6TA,UCi1b_TRQfgO1Z9O2gNGGWNA,1
UC6PvO1_k5lHKGdAPo5_C6TA,UCiGRBf2RNF0WRKhRVT7zFoA,1
UC6PvO1_k5lHKGdAPo5_C6TA,UCiMythXHsw7eQEMykCdmMUA,1
UC6PvO1_k5lHKGdAPo5_C6TA,UCipetjeiWj4CZB6EbyYziZg,1
UC6PvO1_k5lHKGdAPo5_C6TA,UCj-LL25XJnjxepPKCc3NGog,1
UC6PvO1_k5lHKGdAPo5_C6TA,UCjSKM9j0Q7HLDr1hD6D-TUw,1
UC6PvO1_k5lHKGdAPo5_C6TA,UCjmPuazZJzscrwvk0QR9RVw,1
UC6PvO1_k5lHKGdAPo5_C6TA,UCkd9W714-947dEE6ZOEBATA,1
UC6PvO1_k5lHKGdAPo5_C6TA,UCl0ekS9Tt0jJGtOEM18S63w,1
UC6PvO1_k5lHKGdAPo5_C6TA,UCljDbleJul41G1TzOjOZAVA,1
UC6PvO1_k5lHKGdAPo5_C6TA,UCmjppp6ujz3SAnULvP3sZMw,1
UC6PvO1_k5lHKGdAPo5_C6TA,UCmvOgzmmXbjUthHy-WJ52hQ,1
UC6PvO1_k5lHKGdAPo5_C6TA,UCp4iw5_5SmV9VGTFSNVGOmQ,1
UC6PvO1_k5lHKGdAPo5_C6TA,UCpIdtvoFHVLGASGB5ySqIEA,1
UC6PvO1_k5lHKGdAPo5_C6TA,UCpl8rF8uv_8uui-QRvuJaRA,1
UC6PvO1_k5lHKGdAPo5_C6TA,UCplrIQtaPj6au60_f2-mOYw,1
UC6PvO1_k5lHKGdAPo5_C6TA,UCpsKOkt5iWTbenzeuq7dsmQ,1
UC6PvO1_k5lHKGdAPo5_C6TA,UCr1emrogPKkKTs_WTtx71xg,1
UC6PvO1_k5lHKGdAPo5_C6TA,UCrJn_rbo_ENAdeqneS-RmRw,1
UC6PvO1_k5lHKGdAPo5_C6TA,UCsJJAvrVGupdmhOqgtDp8dg,1
UC6PvO1_k5lHKGdAPo5_C6TA,UCsSXdJct-nsS8DsABoEsaYA,1
UC6PvO1_k5lHKGdAPo5_C6TA,UCsUCN0Yq_UyTvKjOJLmNrnQ,1
UC6PvO1_k5lHKGdAPo5_C6TA,UCsjs5Hp_r86x1xbK6FAeqaA,1
UC6PvO1_k5lHKGdAPo5_C6TA,UCtNfIBnc5S5DbbQj_yxgJTw,1
UC6PvO1_k5lHKGdAPo5_C6TA,UCtUR3_CAiE7fCoZHM6cMfyQ,1
UC6PvO1_k5lHKGdAPo5_C6TA,UCueV9cTyTDwgQSec1x2dYgA,1
UC6PvO1_k5lHKGdAPo5_C6TA,UCujPF2nBgsTD62nWE3lcpIg,1
UC6PvO1_k5lHKGdAPo5_C6TA,UCut6b9S98nv84cVX89PmKzA,1
UC6PvO1_k5lHKGdAPo5_C6TA,UCvApqeCbLod-wejtT4CcVuA,1
UC6PvO1_k5lHKGdAPo5_C6TA,UCwO2SXr0ggzwg6QWWrr01nQ,1
UC6PvO1_k5lHKGdAPo5_C6TA,UCwW2OFy95P7ZBkOPxWkpvYg,1
UC6PvO1_k5lHKGdAPo5_C6TA,UCwha8rxULYMVtNwZWeSkE1A,1
UC6PvO1_k5lHKGdAPo5_C6TA,UCxff05WuyvwELNITi7bj7UA,1
UC6PvO1_k5lHKGdAPo5_C6TA,UCySYJU5kUh7X8gVt9la2ISA,1
UC6PvO1_k5lHKGdAPo5_C6TA,UCylqlpsh8ENNM1LqgQ1KbxA,1
UC6PvO1_k5lHKGdAPo5_C6TA,UCz3gu01bmjNv0DpRq-K3XYg,1
UC6PvO1_k5lHKGdAPo5_C6TA,UCzSfZlOVxBSs5ObD25ywxDQ,1
UC6PvO1_k5lHKGdAPo5_C6TA,UCzoL2l5H5eVlorWGH8AZfAg,1
UC6YSZqL0vEcI-niPKIMUGfw,UC72gBAtyb_VXQlYDcFrh6oQ,1
UC6YSZqL0vEcI-niPKIMUGfw,UC7VUuJr9cGh845CmTvf7TlQ,1
UC6YSZqL0vEcI-niPKIMUGfw,UC8F2V63KZ4ZEay6opX2hAQw,1
UC6YSZqL0vEcI-niPKIMUGfw,UC8G5cJONY8L9voMyBW8Eoug,1
UC6YSZqL0vEcI-niPKIMUGfw,UC8r11yOugM2NuRfitQOxLLg,1
UC6YSZqL0vEcI-niPKIMUGfw,UC9vMq1YF-e7C-VO0SHkbUTA,1
UC6YSZqL0vEcI-niPKIMUGfw,UC9xr9QvIcDvoZNUX5f-jaZw,1
UC6YSZqL0vEcI-niPKIMUGfw,UCA93ym2TXs_Ibyxb4Vcn-6Q,1
UC6YSZqL0vEcI-niPKIMUGfw,UCAlzM_N6xBlMYmM8EBzX86Q,1
UC6YSZqL0vEcI-niPKIMUGfw,UCAmtbUiIrUIhikru0ZoTFig,1
UC6YSZqL0vEcI-niPKIMUGfw,UCB5p8a5gklc80jJItP6xTHg,1
UC6YSZqL0vEcI-niPKIMUGfw,UCCaYwkkbQGcvFoUmothVdQQ,1
UC6YSZqL0vEcI-niPKIMUGfw,UCDIMztpVm7G27qBuiWuT6oQ,1
UC6YSZqL0vEcI-niPKIMUGfw,UCDPWkUX3sNNaCx-m1dV4glA,1
UC6YSZqL0vEcI-niPKIMUGfw,UCDQaQv0hr2SS_PO-CMEwVHg,1
UC6YSZqL0vEcI-niPKIMUGfw,UCDUffaruH6dyUnUGwsTKpgg,1
UC6YSZqL0vEcI-niPKIMUGfw,UCDftMWXQoJ6nONfY7GVOVjg,1
UC6YSZqL0vEcI-niPKIMUGfw,UCDlr1VadSucIZgZ171pRBjQ,1
UC6YSZqL0vEcI-niPKIMUGfw,UCEgEQmRbtL5fwr9_DqAC--g,1
UC6YSZqL0vEcI-niPKIMUGfw,UCErZPJpHmLCsXs8ZWkAUupQ,1
UC6YSZqL0vEcI-niPKIMUGfw,UCFUuDARXdmmIrLppEqf-rFg,1
UC6YSZqL0vEcI-niPKIMUGfw,UCFhxtoeARHPnXXPcDrOU3Xg,1
UC6YSZqL0vEcI-niPKIMUGfw,UCFjudnPLoaSL1BaRuLahyHg,1
UC6YSZqL0vEcI-niPKIMUGfw,UCFoIAE8k82D6AV-8gjjKaNg,1
UC6YSZqL0vEcI-niPKIMUGfw,UCFxE8GbokBrBsPEKM1xrOjQ,1
UC6YSZqL0vEcI-niPKIMUGfw,UCGzXwyCzMzGmjmCbH3Hg01Q,1
UC6YSZqL0vEcI-niPKIMUGfw,UCHTGCgY2l-DQJIvlA_cpa_Q,1
UC6YSZqL0vEcI-niPKIMUGfw,UCHhHUjaMAZ8SiXdCUCj9DkQ,1
UC6YSZqL0vEcI-niPKIMUGfw,UCKDR0f2fu2UzWL8mBv5-BHw,1
UC6YSZqL0vEcI-niPKIMUGfw,UCL13XhnRzbGokEkCkEOb0-g,1
UC6YSZqL0vEcI-niPKIMUGfw,UCL1MT278vSaQ83ZDkVWn1gw,1
UC6YSZqL0vEcI-niPKIMUGfw,UCLFdHr9BEbXHkoJopbEPLZw,1
UC6YSZqL0vEcI-niPKIMUGfw,UCLggDc_a5HriXv7I1h02sOA,1
UC6YSZqL0vEcI-niPKIMUGfw,UCN6qbfPSzFtjhqUDZ3Cv3CQ,1
UC6YSZqL0vEcI-niPKIMUGfw,UCNBnKqWf4d-rS4HwJRQljmQ,1
UC6YSZqL0vEcI-niPKIMUGfw,UCNkcuy42zEwddwEcOd_HpnA,1
UC6YSZqL0vEcI-niPKIMUGfw,UCOLGv5Pf6BF2wFcwUzgcvHg,1
UC6YSZqL0vEcI-niPKIMUGfw,UCOS8ViEkccrTZx2w2ccxotA,1
UC6YSZqL0vEcI-niPKIMUGfw,UCOh6DaZC_x9HASnlRylEMfw,1
UC6YSZqL0vEcI-niPKIMUGfw,UCQ_-LPP8JAbfkc-b1Q6NvWw,1
UC6YSZqL0vEcI-niPKIMUGfw,UCQgYjVngJRfPHDLGB5X6ZjA,1
UC6YSZqL0vEcI-niPKIMUGfw,UCQqetiwzzmRNTM5OWuXarGQ,1
UC6YSZqL0vEcI-niPKIMUGfw,UCQtICyzWmhC5woCtbNgaSmg,1
UC6YSZqL0vEcI-niPKIMUGfw,UCQtSFINs1h6GHkpg9o5kMvg,1
UC6YSZqL0vEcI-niPKIMUGfw,UCRETAiYdh2dL5ZxB0_N1zDA,1
UC6YSZqL0vEcI-niPKIMUGfw,UCRelkU8JiZBytTzebJxaa-w,1
UC6YSZqL0vEcI-niPKIMUGfw,UCRlCV9zSn7avAWh-9_XFWqQ,1
UC6YSZqL0vEcI-niPKIMUGfw,UCSou6a2OuYGSvPjm5psquyA,1
UC6YSZqL0vEcI-niPKIMUGfw,UCTD6q1nyIe3Y7HhqjaMj72w,1
UC6YSZqL0vEcI-niPKIMUGfw,UCTP3O0rMnc8z8v8jaDQwL0w,1
UC6YSZqL0vEcI-niPKIMUGfw,UCThW2XNsAaBKme5PUt7n-Zg,1
UC6YSZqL0vEcI-niPKIMUGfw,UCTwSut16JyAg3mX6LVUNGqA,1
UC6YSZqL0vEcI-niPKIMUGfw,UCTylKrsqkrBKIqubMu_5N0Q,1
UC6YSZqL0vEcI-niPKIMUGfw,UCUIIIPTVDVHAXqhC_5V6lPA,1
UC6YSZqL0vEcI-niPKIMUGfw,UCV0iizTBoOfdAFX_thfI9BA,1
UC6YSZqL0vEcI-niPKIMUGfw,UCWIZUtKJ636y-4TYrNvok0g,1
UC6YSZqL0vEcI-niPKIMUGfw,UCXSkL3ejZ8qWYyF_M7s_QKA,1
UC6YSZqL0vEcI-niPKIMUGfw,UCXXh7yg5KUFIWylTiKVEFKQ,1
UC6YSZqL0vEcI-niPKIMUGfw,UCXgr7vXlRrsaskPdo097kGA,1
UC6YSZqL0vEcI-niPKIMUGfw,UCXr8_5WtGeipe4haOoQDgyQ,1
UC6YSZqL0vEcI-niPKIMUGfw,UCYN4wSQ1Sx4_LurxLlW7MPg,1
UC6YSZqL0vEcI-niPKIMUGfw,UCYwpX26TrCxq8TvbKGRYLXA,1
UC6YSZqL0vEcI-niPKIMUGfw,UCZ51R_9Q9C0c8I3pAWhtmjQ,1
UC6YSZqL0vEcI-niPKIMUGfw,UCZLG9qH0tUjNhEGFIUt0CYw,1
UC6YSZqL0vEcI-niPKIMUGfw,UCcfdg8crmMJwEuLUsAhV7yg,1
UC6YSZqL0vEcI-niPKIMUGfw,UCfM3nrxtTQMY5jFx1v1J4Gg,1
UC6YSZqL0vEcI-niPKIMUGfw,UCgvw7xIdGFupzpt1Y_BFkEA,1
UC6YSZqL0vEcI-niPKIMUGfw,UCh5ESQvtzyHDhCA7XyekCFA,1
UC6YSZqL0vEcI-niPKIMUGfw,UChZknRmJkeGeQk0-mQuhDOg,1
UC6YSZqL0vEcI-niPKIMUGfw,UChep9kVb5gQmpodEEl10Xlg,1
UC6YSZqL0vEcI-niPKIMUGfw,UChgkn5Jt5tWKYMoEOuCjz3Q,1
UC6YSZqL0vEcI-niPKIMUGfw,UChs3tU2BcKOT0CezykvAsGw,1
UC6YSZqL0vEcI-niPKIMUGfw,UCi1b_TRQfgO1Z9O2gNGGWNA,1
UC6YSZqL0vEcI-niPKIMUGfw,UCiGRBf2RNF0WRKhRVT7zFoA,1
UC6YSZqL0vEcI-niPKIMUGfw,UCiMythXHsw7eQEMykCdmMUA,1
UC6YSZqL0vEcI-niPKIMUGfw,UCipetjeiWj4CZB6EbyYziZg,1
UC6YSZqL0vEcI-niPKIMUGfw,UCj-LL25XJnjxepPKCc3NGog,1
UC6YSZqL0vEcI-niPKIMUGfw,UCjSKM9j0Q7HLDr1hD6D-TUw,1
UC6YSZqL0vEcI-niPKIMUGfw,UCjmPuazZJzscrwvk0QR9RVw,1
UC6YSZqL0vEcI-niPKIMUGfw,UCkd9W714-947dEE6ZOEBATA,1
UC6YSZqL0vEcI-niPKIMUGfw,UCl0ekS9Tt0jJGtOEM18S63w,1
UC6YSZqL0vEcI-niPKIMUGfw,UCljDbleJul41G1TzOjOZAVA,1
UC6YSZqL0vEcI-niPKIMUGfw,UCmjppp6ujz3SAnULvP3sZMw,1
UC6YSZqL0vEcI-niPKIMUGfw,UCmvOgzmmXbjUthHy-WJ52hQ,1
UC6YSZqL0vEcI-niPKIMUGfw,UCp4iw5_5SmV9VGTFSNVGOmQ,1
UC6YSZqL0vEcI-niPKIMUGfw,UCpIdtvoFHVLGASGB5ySqIEA,1
UC6YSZqL0vEcI-niPKIMUGfw,UCpl8rF8uv_8uui-QRvuJaRA,1
UC6YSZqL0vEcI-niPKIMUGfw,UCplrIQtaPj6au60_f2-mOYw,1
UC6YSZqL0vEcI-niPKIMUGfw,UCpsKOkt5iWTbenzeuq7dsmQ,1
UC6YSZqL0vEcI-niPKIMUGfw,UCr1emrogPKkKTs_WTtx71xg,1
UC6YSZqL0vEcI-niPKIMUGfw,UCrJn_rbo_ENAdeqneS-RmRw,1
UC6YSZqL0vEcI-niPKIMUGfw,UCsJJAvrVGupdmhOqgtDp8dg,1
UC6YSZqL0vEcI-niPKIMUGfw,UCsSXdJct-nsS8DsABoEsaYA,1
UC6YSZqL0vEcI-niPKIMUGfw,UCsUCN0Yq_UyTvKjOJLmNrnQ,1
UC6YSZqL0vEcI-niPKIMUGfw,UCsjs5Hp_r86x1xbK6FAeqaA,1
UC6YSZqL0vEcI-niPKIMUGfw,UCtNfIBnc5S5DbbQj_yxgJTw,1
UC6YSZqL0vEcI-niPKIMUGfw,UCtUR3_CAiE7fCoZHM6cMfyQ,1
UC6YSZqL0vEcI-niPKIMUGfw,UCueV9cTyTDwgQSec1x2dYgA,1
UC6YSZqL0vEcI-niPKIMUGfw,UCujPF2nBgsTD62nWE3lcpIg,1
UC6YSZqL0vEcI-niPKIMUGfw,UCut6b9S98nv84cVX89PmKzA,1
UC6YSZqL0vEcI-niPKIMUGfw,UCvApqeCbLod-wejtT4CcVuA,1
UC6YSZqL0vEcI-niPKIMUGfw,UCwO2SXr0ggzwg6QWWrr01nQ,1
UC6YSZqL0vEcI-niPKIMUGfw,UCwW2OFy95P7ZBkOPxWkpvYg,1
UC6YSZqL0vEcI-niPKIMUGfw,UCwha8rxULYMVtNwZWeSkE1A,1
UC6YSZqL0vEcI-niPKIMUGfw,UCxff05WuyvwELNITi7bj7UA,1
UC6YSZqL0vEcI-niPKIMUGfw,UCySYJU5kUh7X8gVt9la2ISA,1
UC6YSZqL0vEcI-niPKIMUGfw,UCylqlpsh8ENNM1LqgQ1KbxA,1
UC6YSZqL0vEcI-niPKIMUGfw,UCz3gu01bmjNv0DpRq-K3XYg,1
UC6YSZqL0vEcI-niPKIMUGfw,UCzSfZlOVxBSs5ObD25ywxDQ,1
UC6YSZqL0vEcI-niPKIMUGfw,UCzoL2l5H5eVlorWGH8AZfAg,1
UC72gBAtyb_VXQlYDcFrh6oQ,UC7VUuJr9cGh845CmTvf7TlQ,1
UC72gBAtyb_VXQlYDcFrh6oQ,UC8F2V63KZ4ZEay6opX2hAQw,1
UC72gBAtyb_VXQlYDcFrh6oQ,UC8G5cJONY8L9voMyBW8Eoug,1
UC72gBAtyb_VXQlYDcFrh6oQ,UC8r11yOugM2NuRfitQOxLLg,1
UC72gBAtyb_VXQlYDcFrh6oQ,UC9vMq1YF-e7C-VO0SHkbUTA,1
UC72gBAtyb_VXQlYDcFrh6oQ,UC9xr9QvIcDvoZNUX5f-jaZw,1
UC72gBAtyb_VXQlYDcFrh6oQ,UCA93ym2TXs_Ibyxb4Vcn-6Q,1
UC72gBAtyb_VXQlYDcFrh6oQ,UCAlzM_N6xBlMYmM8EBzX86Q,1
UC72gBAtyb_VXQlYDcFrh6oQ,UCAmtbUiIrUIhikru0ZoTFig,1
UC72gBAtyb_VXQlYDcFrh6oQ,UCB5p8a5gklc80jJItP6xTHg,1
UC72gBAtyb_VXQlYDcFrh6oQ,UCCaYwkkbQGcvFoUmothVdQQ,1
UC72gBAtyb_VXQlYDcFrh6oQ,UCDIMztpVm7G27qBuiWuT6oQ,1
UC72gBAtyb_VXQlYDcFrh6oQ,UCDPWkUX3sNNaCx-m1dV4glA,1
UC72gBAtyb_VXQlYDcFrh6oQ,UCDQaQv0hr2SS_PO-CMEwVHg,1
UC72gBAtyb_VXQlYDcFrh6oQ,UCDUffaruH6dyUnUGwsTKpgg,1
UC72gBAtyb_VXQlYDcFrh6oQ,UCDftMWXQoJ6nONfY7GVOVjg,1
UC72gBAtyb_VXQlYDcFrh6oQ,UCDlr1VadSucIZgZ171pRBjQ,1
UC72gBAtyb_VXQlYDcFrh6oQ,UCEgEQmRbtL5fwr9_DqAC--g,1
UC72gBAtyb_VXQlYDcFrh6oQ,UCErZPJpHmLCsXs8ZWkAUupQ,1
UC72gBAtyb_VXQlYDcFrh6oQ,UCFUuDARXdmmIrLppEqf-rFg,1
UC72gBAtyb_VXQlYDcFrh6oQ,UCFhxtoeARHPnXXPcDrOU3Xg,1
UC72gBAtyb_VXQlYDcFrh6oQ,UCFjudnPLoaSL1BaRuLahyHg,1
UC72gBAtyb_VXQlYDcFrh6oQ,UCFoIAE8k82D6AV-8gjjKaNg,1
UC72gBAtyb_VXQlYDcFrh6oQ,UCFxE8GbokBrBsPEKM1xrOjQ,1
UC72gBAtyb_VXQlYDcFrh6oQ,UCGzXwyCzMzGmjmCbH3Hg01Q,1
UC72gBAtyb_VXQlYDcFrh6oQ,UCHTGCgY2l-DQJIvlA_cpa_Q,1
UC72gBAtyb_VXQlYDcFrh6oQ,UCHhHUjaMAZ8SiXdCUCj9DkQ,1
UC72gBAtyb_VXQlYDcFrh6oQ,UCKDR0f2fu2UzWL8mBv5-BHw,1
UC72gBAtyb_VXQlYDcFrh6oQ,UCL13XhnRzbGokEkCkEOb0-g,1
UC72gBAtyb_VXQlYDcFrh6oQ,UCL1MT278vSaQ83ZDkVWn1gw,1
UC72gBAtyb_VXQlYDcFrh6oQ,UCLFdHr9BEbXHkoJopbEPLZw,1
UC72gBAtyb_VXQlYDcFrh6oQ,UCLggDc_a5HriXv7I1h02sOA,1
UC72gBAtyb_VXQlYDcFrh6oQ,UCN6qbfPSzFtjhqUDZ3Cv3CQ,1
UC72gBAtyb_VXQlYDcFrh6oQ,UCNBnKqWf4d-rS4HwJRQljmQ,1
UC72gBAtyb_VXQlYDcFrh6oQ,UCNkcuy42zEwddwEcOd_HpnA,1
UC72gBAtyb_VXQlYDcFrh6oQ,UCOLGv5Pf6BF2wFcwUzgcvHg,1
UC72gBAtyb_VXQlYDcFrh6oQ,UCOS8ViEkccrTZx2w2ccxotA,1
UC72gBAtyb_VXQlYDcFrh6oQ,UCOh6DaZC_x9HASnlRylEMfw,1
UC72gBAtyb_VXQlYDcFrh6oQ,UCQ_-LPP8JAbfkc-b1Q6NvWw,1
UC72gBAtyb_VXQlYDcFrh6oQ,UCQgYjVngJRfPHDLGB5X6ZjA,1
UC72gBAtyb_VXQlYDcFrh6oQ,UCQqetiwzzmRNTM5OWuXarGQ,1
UC72gBAtyb_VXQlYDcFrh6oQ,UCQtICyzWmhC5woCtbNgaSmg,1
UC72gBAtyb_VXQlYDcFrh6oQ,UCQtSFINs1h6GHkpg9o5kMvg,1
UC72gBAtyb_VXQlYDcFrh6oQ,UCRETAiYdh2dL5ZxB0_N1zDA,1
UC72gBAtyb_VXQlYDcFrh6oQ,UCRelkU8JiZBytTzebJxaa-w,1
UC72gBAtyb_VXQlYDcFrh6oQ,UCRlCV9zSn7avAWh-9_XFWqQ,1
UC72gBAtyb_VXQlYDcFrh6oQ,UCSou6a2OuYGSvPjm5psquyA,1
UC72gBAtyb_VXQlYDcFrh6oQ,UCTD6q1nyIe3Y7HhqjaMj72w,1
UC72gBAtyb_VXQlYDcFrh6oQ,UCTP3O0rMnc8z8v8jaDQwL0w,1
UC72gBAtyb_VXQlYDcFrh6oQ,UCThW2XNsAaBKme5PUt7n-Zg,1
UC72gBAtyb_VXQlYDcFrh6oQ,UCTwSut16JyAg3mX6LVUNGqA,1
UC72gBAtyb_VXQlYDcFrh6oQ,UCTylKrsqkrBKIqubMu_5N0Q,1
UC72gBAtyb_VXQlYDcFrh6oQ,UCUIIIPTVDVHAXqhC_5V6lPA,1
UC72gBAtyb_VXQlYDcFrh6oQ,UCV0iizTBoOfdAFX_thfI9BA,1
UC72gBAtyb_VXQlYDcFrh6oQ,UCWIZUtKJ636y-4TYrNvok0g,1
UC72gBAtyb_VXQlYDcFrh6oQ,UCXSkL3ejZ8qWYyF_M7s_QKA,1
UC72gBAtyb_VXQlYDcFrh6oQ,UCXXh7yg5KUFIWylTiKVEFKQ,1
UC72gBAtyb_VXQlYDcFrh6oQ,UCXgr7vXlRrsaskPdo097kGA,1
UC72gBAtyb_VXQlYDcFrh6oQ,UCXr8_5WtGeipe4haOoQDgyQ,1
UC72gBAtyb_VXQlYDcFrh6oQ,UCYN4wSQ1Sx4_LurxLlW7MPg,1
UC72gBAtyb_VXQlYDcFrh6oQ,UCYwpX26TrCxq8TvbKGRYLXA,1
UC72gBAtyb_VXQlYDcFrh6oQ,UCZ51R_9Q9C0c8I3pAWhtmjQ,1
UC72gBAtyb_VXQlYDcFrh6oQ,UCZLG9qH0tUjNhEGFIUt0CYw,1
UC72gBAtyb_VXQlYDcFrh6oQ,UCcfdg8crmMJwEuLUsAhV7yg,1
UC72gBAtyb_VXQlYDcFrh6oQ,UCfM3nrxtTQMY5jFx1v1J4Gg,1
UC72gBAtyb_VXQlYDcFrh6oQ,UCgvw7xIdGFupzpt1Y_BFkEA,1
UC72gBAtyb_VXQlYDcFrh6oQ,UCh5ESQvtzyHDhCA7XyekCFA,1
UC72gBAtyb_VXQlYDcFrh6oQ,UChZknRmJkeGeQk0-mQuhDOg,1
UC72gBAtyb_VXQlYDcFrh6oQ,UChep9kVb5gQmpodEEl10Xlg,1
UC72gBAtyb_VXQlYDcFrh6oQ,UChgkn5Jt5tWKYMoEOuCjz3Q,1
UC72gBAtyb_VXQlYDcFrh6oQ,UChs3tU2BcKOT0CezykvAsGw,1
UC72gBAtyb_VXQlYDcFrh6oQ,UCi1b_TRQfgO1Z9O2gNGGWNA,1
UC72gBAtyb_VXQlYDcFrh6oQ,UCiGRBf2RNF0WRKhRVT7zFoA,1
UC72gBAtyb_VXQlYDcFrh6oQ,UCiMythXHsw7eQEMykCdmMUA,1
UC72gBAtyb_VXQlYDcFrh6oQ,UCipetjeiWj4CZB6EbyYziZg,1
UC72gBAtyb_VXQlYDcFrh6oQ,UCj-LL25XJnjxepPKCc3NGog,1
UC72gBAtyb_VXQlYDcFrh6oQ,UCjSKM9j0Q7HLDr1hD6D-TUw,1
UC72gBAtyb_VXQlYDcFrh6oQ,UCjmPuazZJzscrwvk0QR9RVw,1
UC72gBAtyb_VXQlYDcFrh6oQ,UCkd9W714-947dEE6ZOEBATA,1
UC72gBAtyb_VXQlYDcFrh6oQ,UCl0ekS9Tt0jJGtOEM18S63w,1
UC72gBAtyb_VXQlYDcFrh6oQ,UCljDbleJul41G1TzOjOZAVA,1
UC72gBAtyb_VXQlYDcFrh6oQ,UCmjppp6ujz3SAnULvP3sZMw,1
UC72gBAtyb_VXQlYDcFrh6oQ,UCmvOgzmmXbjUthHy-WJ52hQ,1
UC72gBAtyb_VXQlYDcFrh6oQ,UCp4iw5_5SmV9VGTFSNVGOmQ,1
UC72gBAtyb_VXQlYDcFrh6oQ,UCpIdtvoFHVLGASGB5ySqIEA,1
UC72gBAtyb_VXQlYDcFrh6oQ,UCpl8rF8uv_8uui-QRvuJaRA,1
UC72gBAtyb_VXQlYDcFrh6oQ,UCplrIQtaPj6au60_f2-mOYw,1
UC72gBAtyb_VXQlYDcFrh6oQ,UCpsKOkt5iWTbenzeuq7dsmQ,1
UC72gBAtyb_VXQlYDcFrh6oQ,UCr1emrogPKkKTs_WTtx71xg,1
UC72gBAtyb_VXQlYDcFrh6oQ,UCrJn_rbo_ENAdeqneS-RmRw,1
UC72gBAtyb_VXQlYDcFrh6oQ,UCsJJAvrVGupdmhOqgtDp8dg,1
UC72gBAtyb_VXQlYDcFrh6oQ,UCsSXdJct-nsS8DsABoEsaYA,1
UC72gBAtyb_VXQlYDcFrh6oQ,UCsUCN0Yq_UyTvKjOJLmNrnQ,1
UC72gBAtyb_VXQlYDcFrh6oQ,UCsjs5Hp_r86x1xbK6FAeqaA,1
UC72gBAtyb_VXQlYDcFrh6oQ,UCtNfIBnc5S5DbbQj_yxgJTw,1
UC72gBAtyb_VXQlYDcFrh6oQ,UCtUR3_CAiE7fCoZHM6cMfyQ,1
UC72gBAtyb_VXQlYDcFrh6oQ,UCueV9cTyTDwgQSec1x2dYgA,1
UC72gBAtyb_VXQlYDcFrh6oQ,UCujPF2nBgsTD62nWE3lcpIg,1
UC72gBAtyb_VXQlYDcFrh6oQ,UCut6b9S98nv84cVX89PmKzA,1
UC72gBAtyb_VXQlYDcFrh6oQ,UCvApqeCbLod-wejtT4CcVuA,1
UC72gBAtyb_VXQlYDcFrh6oQ,UCwO2SXr0ggzwg6QWWrr01nQ,1
UC72gBAtyb_VXQlYDcFrh6oQ,UCwW2OFy95P7ZBkOPxWkpvYg,1
UC72gBAtyb_VXQlYDcFrh6oQ,UCwha8rxULYMVtNwZWeSkE1A,1
UC72gBAtyb_VXQlYDcFrh6oQ,UCxff05WuyvwELNITi7bj7UA,1
UC72gBAtyb_VXQlYDcFrh6oQ,UCySYJU5kUh7X8gVt9la2ISA,1
UC72gBAtyb_VXQlYDcFrh6oQ,UCylqlpsh8ENNM1LqgQ1KbxA,1
UC72gBAtyb_VXQlYDcFrh6oQ,UCz3gu01bmjNv0DpRq-K3XYg,1
UC72gBAtyb_VXQlYDcFrh6oQ,UCzSfZlOVxBSs5ObD25ywxDQ,1
UC72gBAtyb_VXQlYDcFrh6oQ,UCzoL2l5H5eVlorWGH8AZfAg,1
UC7VUuJr9cGh845CmTvf7TlQ,UC8F2V63KZ4ZEay6opX2hAQw,1
UC7VUuJr9cGh845CmTvf7TlQ,UC8G5cJONY8L9voMyBW8Eoug,1
UC7VUuJr9cGh845CmTvf7TlQ,UC8r11yOugM2NuRfitQOxLLg,1
UC7VUuJr9cGh845CmTvf7TlQ,UC9vMq1YF-e7C-VO0SHkbUTA,1
UC7VUuJr9cGh845CmTvf7TlQ,UC9xr9QvIcDvoZNUX5f-jaZw,1
UC7VUuJr9cGh845CmTvf7TlQ,UCA93ym2TXs_Ibyxb4Vcn-6Q,1
UC7VUuJr9cGh845CmTvf7TlQ,UCAlzM_N6xBlMYmM8EBzX86Q,1
UC7VUuJr9cGh845CmTvf7TlQ,UCAmtbUiIrUIhikru0ZoTFig,1
UC7VUuJr9cGh845CmTvf7TlQ,UCB5p8a5gklc80jJItP6xTHg,1
UC7VUuJr9cGh845CmTvf7TlQ,UCCaYwkkbQGcvFoUmothVdQQ,1
UC7VUuJr9cGh845CmTvf7TlQ,UCDIMztpVm7G27qBuiWuT6oQ,1
UC7VUuJr9cGh845CmTvf7TlQ,UCDPWkUX3sNNaCx-m1dV4glA,1
UC7VUuJr9cGh845CmTvf7TlQ,UCDQaQv0hr2SS_PO-CMEwVHg,1
UC7VUuJr9cGh845CmTvf7TlQ,UCDUffaruH6dyUnUGwsTKpgg,1
UC7VUuJr9cGh845CmTvf7TlQ,UCDftMWXQoJ6nONfY7GVOVjg,1
UC7VUuJr9cGh845CmTvf7TlQ,UCDlr1VadSucIZgZ171pRBjQ,1
UC7VUuJr9cGh845CmTvf7TlQ,UCEgEQmRbtL5fwr9_DqAC--g,1
UC7VUuJr9cGh845CmTvf7TlQ,UCErZPJpHmLCsXs8ZWkAUupQ,1
UC7VUuJr9cGh845CmTvf7TlQ,UCFUuDARXdmmIrLppEqf-rFg,1
UC7VUuJr9cGh845CmTvf7TlQ,UCFhxtoeARHPnXXPcDrOU3Xg,1
UC7VUuJr9cGh845CmTvf7TlQ,UCFjudnPLoaSL1BaRuLahyHg,1
UC7VUuJr9cGh845CmTvf7TlQ,UCFoIAE8k82D6AV-8gjjKaNg,1
UC7VUuJr9cGh845CmTvf7TlQ,UCFxE8GbokBrBsPEKM1xrOjQ,1
UC7VUuJr9cGh845CmTvf7TlQ,UCGzXwyCzMzGmjmCbH3Hg01Q,1
UC7VUuJr9cGh845CmTvf7TlQ,UCHTGCgY2l-DQJIvlA_cpa_Q,1
UC7VUuJr9cGh845CmTvf7TlQ,UCHhHUjaMAZ8SiXdCUCj9DkQ,1
UC7VUuJr9cGh845CmTvf7TlQ,UCKDR0f2fu2UzWL8mBv5-BHw,1
UC7VUuJr9cGh845CmTvf7TlQ,UCL13XhnRzbGokEkCkEOb0-g,1
UC7VUuJr9cGh845CmTvf7TlQ,UCL1MT278vSaQ83ZDkVWn1gw,1
UC7VUuJr9cGh845CmTvf7TlQ,UCLFdHr9BEbXHkoJopbEPLZw,1
UC7VUuJr9cGh845CmTvf7TlQ,UCLggDc_a5HriXv7I1h02sOA,1
UC7VUuJr9cGh845CmTvf7TlQ,UCN6qbfPSzFtjhqUDZ3Cv3CQ,1
UC7VUuJr9cGh845CmTvf7TlQ,UCNBnKqWf4d-rS4HwJRQljmQ,1
UC7VUuJr9cGh845CmTvf7TlQ,UCNkcuy42zEwddwEcOd_HpnA,1
UC7VUuJr9cGh845CmTvf7TlQ,UCOLGv5Pf6BF2wFcwUzgcvHg,1
UC7VUuJr9cGh845CmTvf7TlQ,UCOS8ViEkccrTZx2w2ccxotA,1
UC7VUuJr9cGh845CmTvf7TlQ,UCOh6DaZC_x9HASnlRylEMfw,1
UC7VUuJr9cGh845CmTvf7TlQ,UCQ_-LPP8JAbfkc-b1Q6NvWw,1
UC7VUuJr9cGh845CmTvf7TlQ,UCQgYjVngJRfPHDLGB5X6ZjA,1
UC7VUuJr9cGh845CmTvf7TlQ,UCQqetiwzzmRNTM5OWuXarGQ,1
UC7VUuJr9cGh845CmTvf7TlQ,UCQtICyzWmhC5woCtbNgaSmg,1
UC7VUuJr9cGh845CmTvf7TlQ,UCQtSFINs1h6GHkpg9o5kMvg,1
UC7VUuJr9cGh845CmTvf7TlQ,UCRETAiYdh2dL5ZxB0_N1zDA,1
UC7VUuJr9cGh845CmTvf7TlQ,UCRelkU8JiZBytTzebJxaa-w,1
UC7VUuJr9cGh845CmTvf7TlQ,UCRlCV9zSn7avAWh-9_XFWqQ,1
UC7VUuJr9cGh845CmTvf7TlQ,UCSou6a2OuYGSvPjm5psquyA,1
UC7VUuJr9cGh845CmTvf7TlQ,UCTD6q1nyIe3Y7HhqjaMj72w,1
UC7VUuJr9cGh845CmTvf7TlQ,UCTP3O0rMnc8z8v8jaDQwL0w,1
UC7VUuJr9cGh845CmTvf7TlQ,UCThW2XNsAaBKme5PUt7n-Zg,1
UC7VUuJr9cGh845CmTvf7TlQ,UCTwSut16JyAg3mX6LVUNGqA,1
UC7VUuJr9cGh845CmTvf7TlQ,UCTylKrsqkrBKIqubMu_5N0Q,1
UC7VUuJr9cGh845CmTvf7TlQ,UCUIIIPTVDVHAXqhC_5V6lPA,1
UC7VUuJr9cGh845CmTvf7TlQ,UCV0iizTBoOfdAFX_thfI9BA,1
UC7VUuJr9cGh845CmTvf7TlQ,UCWIZUtKJ636y-4TYrNvok0g,1
UC7VUuJr9cGh845CmTvf7TlQ,UCXSkL3ejZ8qWYyF_M7s_QKA,1
UC7VUuJr9cGh845CmTvf7TlQ,UCXXh7yg5KUFIWylTiKVEFKQ,1
UC7VUuJr9cGh845CmTvf7TlQ,UCXgr7vXlRrsaskPdo097kGA,1
UC7VUuJr9cGh845CmTvf7TlQ,UCXr8_5WtGeipe4haOoQDgyQ,1
UC7VUuJr9cGh845CmTvf7TlQ,UCYN4wSQ1Sx4_LurxLlW7MPg,1
UC7VUuJr9cGh845CmTvf7TlQ,UCYwpX26TrCxq8TvbKGRYLXA,1
UC7VUuJr9cGh845CmTvf7TlQ,UCZ51R_9Q9C0c8I3pAWhtmjQ,1
UC7VUuJr9cGh845CmTvf7TlQ,UCZLG9qH0tUjNhEGFIUt0CYw,1
UC7VUuJr9cGh845CmTvf7TlQ,UCcfdg8crmMJwEuLUsAhV7yg,1
UC7VUuJr9cGh845CmTvf7TlQ,UCfM3nrxtTQMY5jFx1v1J4Gg,1
UC7VUuJr9cGh845CmTvf7TlQ,UCgvw7xIdGFupzpt1Y_BFkEA,1
UC7VUuJr9cGh845CmTvf7TlQ,UCh5ESQvtzyHDhCA7XyekCFA,1
UC7VUuJr9cGh845CmTvf7TlQ,UChZknRmJkeGeQk0-mQuhDOg,1
UC7VUuJr9cGh845CmTvf7TlQ,UChep9kVb5gQmpodEEl10Xlg,1
UC7VUuJr9cGh845CmTvf7TlQ,UChgkn5Jt5tWKYMoEOuCjz3Q,1
UC7VUuJr9cGh845CmTvf7TlQ,UChs3tU2BcKOT0CezykvAsGw,1
UC7VUuJr9cGh845CmTvf7TlQ,UCi1b_TRQfgO1Z9O2gNGGWNA,1
UC7VUuJr9cGh845CmTvf7TlQ,UCiGRBf2RNF0WRKhRVT7zFoA,1
UC7VUuJr9cGh845CmTvf7TlQ,UCiMythXHsw7eQEMykCdmMUA,1
UC7VUuJr9cGh845CmTvf7TlQ,UCipetjeiWj4CZB6EbyYziZg,1
UC7VUuJr9cGh845CmTvf7TlQ,UCj-LL25XJnjxepPKCc3NGog,1
UC7VUuJr9cGh845CmTvf7TlQ,UCjSKM9j0Q7HLDr1hD6D-TUw,1
UC7VUuJr9cGh845CmTvf7TlQ,UCjmPuazZJzscrwvk0QR9RVw,1
UC7VUuJr9cGh845CmTvf7TlQ,UCkd9W714-947dEE6ZOEBATA,1
UC7VUuJr9cGh845CmTvf7TlQ,UCl0ekS9Tt0jJGtOEM18S63w,1
UC7VUuJr9cGh845CmTvf7TlQ,UCljDbleJul41G1TzOjOZAVA,1
UC7VUuJr9cGh845CmTvf7TlQ,UCmjppp6ujz3SAnULvP3sZMw,1
UC7VUuJr9cGh845CmTvf7TlQ,UCmvOgzmmXbjUthHy-WJ52hQ,1
UC7VUuJr9cGh845CmTvf7TlQ,UCp4iw5_5SmV9VGTFSNVGOmQ,1
UC7VUuJr9cGh845CmTvf7TlQ,UCpIdtvoFHVLGASGB5ySqIEA,1
UC7VUuJr9cGh845CmTvf7TlQ,UCpl8rF8uv_8uui-QRvuJaRA,1
UC7VUuJr9cGh845CmTvf7TlQ,UCplrIQtaPj6au60_f2-mOYw,1
UC7VUuJr9cGh845CmTvf7TlQ,UCpsKOkt5iWTbenzeuq7dsmQ,1
UC7VUuJr9cGh845CmTvf7TlQ,UCr1emrogPKkKTs_WTtx71xg,1
UC7VUuJr9cGh845CmTvf7TlQ,UCrJn_rbo_ENAdeqneS-RmRw,1
UC7VUuJr9cGh845CmTvf7TlQ,UCsJJAvrVGupdmhOqgtDp8dg,1
UC7VUuJr9cGh845CmTvf7TlQ,UCsSXdJct-nsS8DsABoEsaYA,1
UC7VUuJr9cGh845CmTvf7TlQ,UCsUCN0Yq_UyTvKjOJLmNrnQ,1
UC7VUuJr9cGh845CmTvf7TlQ,UCsjs5Hp_r86x1xbK6FAeqaA,1
UC7VUuJr9cGh845CmTvf7TlQ,UCtNfIBnc5S5DbbQj_yxgJTw,1
UC7VUuJr9cGh845CmTvf7TlQ,UCtUR3_CAiE7fCoZHM6cMfyQ,1
UC7VUuJr9cGh845CmTvf7TlQ,UCueV9cTyTDwgQSec1x2dYgA,1
UC7VUuJr9cGh845CmTvf7TlQ,UCujPF2nBgsTD62nWE3lcpIg,1
UC7VUuJr9cGh845CmTvf7TlQ,UCut6b9S98nv84cVX89PmKzA,1
UC7VUuJr9cGh845CmTvf7TlQ,UCvApqeCbLod-wejtT4CcVuA,1
UC7VUuJr9cGh845CmTvf7TlQ,UCwO2SXr0ggzwg6QWWrr01nQ,1
UC7VUuJr9cGh845CmTvf7TlQ,UCwW2OFy95P7ZBkOPxWkpvYg,1
UC7VUuJr9cGh845CmTvf7TlQ,UCwha8rxULYMVtNwZWeSkE1A,1
UC7VUuJr9cGh845CmTvf7TlQ,UCxff05WuyvwELNITi7bj7UA,1
UC7VUuJr9cGh845CmTvf7TlQ,UCySYJU5kUh7X8gVt9la2ISA,1
UC7VUuJr9cGh845CmTvf7TlQ,UCylqlpsh8ENNM1LqgQ1KbxA,1
UC7VUuJr9cGh845CmTvf7TlQ,UCz3gu01bmjNv0DpRq-K3XYg,1
UC7VUuJr9cGh845CmTvf7TlQ,UCzSfZlOVxBSs5ObD25ywxDQ,1
UC7VUuJr9cGh845CmTvf7TlQ,UCzoL2l5H5eVlorWGH8AZfAg,1
UC8F2V63KZ4ZEay6opX2hAQw,UC8G5cJONY8L9voMyBW8Eoug,1
UC8F2V63KZ4ZEay6opX2hAQw,UC8r11yOugM2NuRfitQOxLLg,1
UC8F2V63KZ4ZEay6opX2hAQw,UC9vMq1YF-e7C-VO0SHkbUTA,1
UC8F2V63KZ4ZEay6opX2hAQw,UC9xr9QvIcDvoZNUX5f-jaZw,1
UC8F2V63KZ4ZEay6opX2hAQw,UCA93ym2TXs_Ibyxb4Vcn-6Q,1
UC8F2V63KZ4ZEay6opX2hAQw,UCAlzM_N6xBlMYmM8EBzX86Q,1
UC8F2V63KZ4ZEay6opX2hAQw,UCAmtbUiIrUIhikru0ZoTFig,1
UC8F2V63KZ4ZEay6opX2hAQw,UCB5p8a5gklc80jJItP6xTHg,1
UC8F2V63KZ4ZEay6opX2hAQw,UCCaYwkkbQGcvFoUmothVdQQ,1
UC8F2V63KZ4ZEay6opX2hAQw,UCDIMztpVm7G27qBuiWuT6oQ,1
UC8F2V63KZ4ZEay6opX2hAQw,UCDPWkUX3sNNaCx-m1dV4glA,1
UC8F2V63KZ4ZEay6opX2hAQw,UCDQaQv0hr2SS_PO-CMEwVHg,1
UC8F2V63KZ4ZEay6opX2hAQw,UCDUffaruH6dyUnUGwsTKpgg,1
UC8F2V63KZ4ZEay6opX2hAQw,UCDftMWXQoJ6nONfY7GVOVjg,1
UC8F2V63KZ4ZEay6opX2hAQw,UCDlr1VadSucIZgZ171pRBjQ,1
UC8F2V63KZ4ZEay6opX2hAQw,UCEgEQmRbtL5fwr9_DqAC--g,1
UC8F2V63KZ4ZEay6opX2hAQw,UCErZPJpHmLCsXs8ZWkAUupQ,1
UC8F2V63KZ4ZEay6opX2hAQw,UCFUuDARXdmmIrLppEqf-rFg,1
UC8F2V63KZ4ZEay6opX2hAQw,UCFhxtoeARHPnXXPcDrOU3Xg,1
UC8F2V63KZ4ZEay6opX2hAQw,UCFjudnPLoaSL1BaRuLahyHg,1
UC8F2V63KZ4ZEay6opX2hAQw,UCFoIAE8k82D6AV-8gjjKaNg,1
UC8F2V63KZ4ZEay6opX2hAQw,UCFxE8GbokBrBsPEKM1xrOjQ,1
UC8F2V63KZ4ZEay6opX2hAQw,UCGzXwyCzMzGmjmCbH3Hg01Q,1
UC8F2V63KZ4ZEay6opX2hAQw,UCHTGCgY2l-DQJIvlA_cpa_Q,1
UC8F2V63KZ4ZEay6opX2hAQw,UCHhHUjaMAZ8SiXdCUCj9DkQ,1
UC8F2V63KZ4ZEay6opX2hAQw,UCKDR0f2fu2UzWL8mBv5-BHw,1
UC8F2V63KZ4ZEay6opX2hAQw,UCL13XhnRzbGokEkCkEOb0-g,1
UC8F2V63KZ4ZEay6opX2hAQw,UCL1MT278vSaQ83ZDkVWn1gw,1
UC8F2V63KZ4ZEay6opX2hAQw,UCLFdHr9BEbXHkoJopbEPLZw,1
UC8F2V63KZ4ZEay6opX2hAQw,UCLggDc_a5HriXv7I1h02sOA,1
UC8F2V63KZ4ZEay6opX2hAQw,UCN6qbfPSzFtjhqUDZ3Cv3CQ,1
UC8F2V63KZ4ZEay6opX2hAQw,UCNBnKqWf4d-rS4HwJRQljmQ,1
UC8F2V63KZ4ZEay6opX2hAQw,UCNkcuy42zEwddwEcOd_HpnA,1
UC8F2V63KZ4ZEay6opX2hAQw,UCOLGv5Pf6BF2wFcwUzgcvHg,1
UC8F2V63KZ4ZEay6opX2hAQw,UCOS8ViEkccrTZx2w2ccxotA,1
UC8F2V63KZ4ZEay6opX2hAQw,UCOh6DaZC_x9HASnlRylEMfw,1
UC8F2V63KZ4ZEay6opX2hAQw,UCQ_-LPP8JAbfkc-b1Q6NvWw,1
UC8F2V63KZ4ZEay6opX2hAQw,UCQgYjVngJRfPHDLGB5X6ZjA,1
UC8F2V63KZ4ZEay6opX2hAQw,UCQqetiwzzmRNTM5OWuXarGQ,1
UC8F2V63KZ4ZEay6opX2hAQw,UCQtICyzWmhC5woCtbNgaSmg,1
UC8F2V63KZ4ZEay6opX2hAQw,UCQtSFINs1h6GHkpg9o5kMvg,1
UC8F2V63KZ4ZEay6opX2hAQw,UCRETAiYdh2dL5ZxB0_N1zDA,1
UC8F2V63KZ4ZEay6opX2hAQw,UCRelkU8JiZBytTzebJxaa-w,1
UC8F2V63KZ4ZEay6opX2hAQw,UCRlCV9zSn7avAWh-9_XFWqQ,1
UC8F2V63KZ4ZEay6opX2hAQw,UCSou6a2OuYGSvPjm5psquyA,1
UC8F2V63KZ4ZEay6opX2hAQw,UCTD6q1nyIe3Y7HhqjaMj72w,1
UC8F2V63KZ4ZEay6opX2hAQw,UCTP3O0rMnc8z8v8jaDQwL0w,1
UC8F2V63KZ4ZEay6opX2hAQw,UCThW2XNsAaBKme5PUt7n-Zg,1
UC8F2V63KZ4ZEay6opX2hAQw,UCTwSut16JyAg3mX6LVUNGqA,1
UC8F2V63KZ4ZEay6opX2hAQw,UCTylKrsqkrBKIqubMu_5N0Q,1
UC8F2V63KZ4ZEay6opX2hAQw,UCUIIIPTVDVHAXqhC_5V6lPA,1
UC8F2V63KZ4ZEay6opX2hAQw,UCV0iizTBoOfdAFX_thfI9BA,1
UC8F2V63KZ4ZEay6opX2hAQw,UCWIZUtKJ636y-4TYrNvok0g,1
UC8F2V63KZ4ZEay6opX2hAQw,UCXSkL3ejZ8qWYyF_M7s_QKA,1
UC8F2V63KZ4ZEay6opX2hAQw,UCXXh7yg5KUFIWylTiKVEFKQ,1
UC8F2V63KZ4ZEay6opX2hAQw,UCXgr7vXlRrsaskPdo097kGA,1
UC8F2V63KZ4ZEay6opX2hAQw,UCXr8_5WtGeipe4haOoQDgyQ,1
UC8F2V63KZ4ZEay6opX2hAQw,UCYN4wSQ1Sx4_LurxLlW7MPg,1
UC8F2V63KZ4ZEay6opX2hAQw,UCYwpX26TrCxq8TvbKGRYLXA,1
UC8F2V63KZ4ZEay6opX2hAQw,UCZ51R_9Q9C0c8I3pAWhtmjQ,1
UC8F2V63KZ4ZEay6opX2hAQw,UCZLG9qH0tUjNhEGFIUt0CYw,1
UC8F2V63KZ4ZEay6opX2hAQw,UCcfdg8crmMJwEuLUsAhV7yg,1
UC8F2V63KZ4ZEay6opX2hAQw,UCfM3nrxtTQMY5jFx1v1J4Gg,1
UC8F2V63KZ4ZEay6opX2hAQw,UCgvw7xIdGFupzpt1Y_BFkEA,1
UC8F2V63KZ4ZEay6opX2hAQw,UCh5ESQvtzyHDhCA7XyekCFA,1
UC8F2V63KZ4ZEay6opX2hAQw,UChZknRmJkeGeQk0-mQuhDOg,1
UC8F2V63KZ4ZEay6opX2hAQw,UChep9kVb5gQmpodEEl10Xlg,1
UC8F2V63KZ4ZEay6opX2hAQw,UChgkn5Jt5tWKYMoEOuCjz3Q,1
UC8F2V63KZ4ZEay6opX2hAQw,UChs3tU2BcKOT0CezykvAsGw,1
UC8F2V63KZ4ZEay6opX2hAQw,UCi1b_TRQfgO1Z9O2gNGGWNA,1
UC8F2V63KZ4ZEay6opX2hAQw,UCiGRBf2RNF0WRKhRVT7zFoA,1
UC8F2V63KZ4ZEay6opX2hAQw,UCiMythXHsw7eQEMykCdmMUA,1
UC8F2V63KZ4ZEay6opX2hAQw,UCipetjeiWj4CZB6EbyYziZg,1
UC8F2V63KZ4ZEay6opX2hAQw,UCj-LL25XJnjxepPKCc3NGog,1
UC8F2V63KZ4ZEay6opX2hAQw,UCjSKM9j0Q7HLDr1hD6D-TUw,1
UC8F2V63KZ4ZEay6opX2hAQw,UCjmPuazZJzscrwvk0QR9RVw,1
UC8F2V63KZ4ZEay6opX2hAQw,UCkd9W714-947dEE6ZOEBATA,1
UC8F2V63KZ4ZEay6opX2hAQw,UCl0ekS9Tt0jJGtOEM18S63w,1
UC8F2V63KZ4ZEay6opX2hAQw,UCljDbleJul41G1TzOjOZAVA,1
UC8F2V63KZ4ZEay6opX2hAQw,UCmjppp6ujz3SAnULvP3sZMw,1
UC8F2V63KZ4ZEay6opX2hAQw,UCmvOgzmmXbjUthHy-WJ52hQ,1
UC8F2V63KZ4ZEay6opX2hAQw,UCp4iw5_5SmV9VGTFSNVGOmQ,1
UC8F2V63KZ4ZEay6opX2hAQw,UCpIdtvoFHVLGASGB5ySqIEA,1
UC8F2V63KZ4ZEay6opX2hAQw,UCpl8rF8uv_8uui-QRvuJaRA,1
UC8F2V63KZ4ZEay6opX2hAQw,UCplrIQtaPj6au60_f2-mOYw,1
UC8F2V63KZ4ZEay6opX2hAQw,UCpsKOkt5iWTbenzeuq7dsmQ,1
UC8F2V63KZ4ZEay6opX2hAQw,UCr1emrogPKkKTs_WTtx71xg,1
UC8F2V63KZ4ZEay6opX2hAQw,UCrJn_rbo_ENAdeqneS-RmRw,1
UC8F2V63KZ4ZEay6opX2hAQw,UCsJJAvrVGupdmhOqgtDp8dg,1
UC8F2V63KZ4ZEay6opX2hAQw,UCsSXdJct-nsS8DsABoEsaYA,1
UC8F2V63KZ4ZEay6opX2hAQw,UCsUCN0Yq_UyTvKjOJLmNrnQ,1
UC8F2V63KZ4ZEay6opX2hAQw,UCsjs5Hp_r86x1xbK6FAeqaA,1
UC8F2V63KZ4ZEay6opX2hAQw,UCtNfIBnc5S5DbbQj_yxgJTw,1
UC8F2V63KZ4ZEay6opX2hAQw,UCtUR3_CAiE7fCoZHM6cMfyQ,1
UC8F2V63KZ4ZEay6opX2hAQw,UCueV9cTyTDwgQSec1x2dYgA,1
UC8F2V63KZ4ZEay6opX2hAQw,UCujPF2nBgsTD62nWE3lcpIg,1
UC8F2V63KZ4ZEay6opX2hAQw,UCut6b9S98nv84cVX89PmKzA,1
UC8F2V63KZ4ZEay6opX2hAQw,UCvApqeCbLod-wejtT4CcVuA,1
UC8F2V63KZ4ZEay6opX2hAQw,UCwO2SXr0ggzwg6QWWrr01nQ,1
UC8F2V63KZ4ZEay6opX2hAQw,UCwW2OFy95P7ZBkOPxWkpvYg,1
UC8F2V63KZ4ZEay6opX2hAQw,UCwha8rxULYMVtNwZWeSkE1A,1
UC8F2V63KZ4ZEay6opX2hAQw,UCxff05WuyvwELNITi7bj7UA,1
UC8F2V63KZ4ZEay6opX2hAQw,UCySYJU5kUh7X8gVt9la2ISA,1
UC8F2V63KZ4ZEay6opX2hAQw,UCylqlpsh8ENNM1LqgQ1KbxA,1
UC8F2V63KZ4ZEay6opX2hAQw,UCz3gu01bmjNv0DpRq-K3XYg,1
UC8F2V63KZ4ZEay6opX2hAQw,UCzSfZlOVxBSs5ObD25ywxDQ,1
UC8F2V63KZ4ZEay6opX2hAQw,UCzoL2l5H5eVlorWGH8AZfAg,1
UC8G5cJONY8L9voMyBW8Eoug,UC8r11yOugM2NuRfitQOxLLg,1
UC8G5cJONY8L9voMyBW8Eoug,UC9vMq1YF-e7C-VO0SHkbUTA,1
UC8G5cJONY8L9voMyBW8Eoug,UC9xr9QvIcDvoZNUX5f-jaZw,1
UC8G5cJONY8L9voMyBW8Eoug,UCA93ym2TXs_Ibyxb4Vcn-6Q,1
UC8G5cJONY8L9voMyBW8Eoug,UCAlzM_N6xBlMYmM8EBzX86Q,1
UC8G5cJONY8L9voMyBW8Eoug,UCAmtbUiIrUIhikru0ZoTFig,1
UC8G5cJONY8L9voMyBW8Eoug,UCB5p8a5gklc80jJItP6xTHg,1
UC8G5cJONY8L9voMyBW8Eoug,UCCaYwkkbQGcvFoUmothVdQQ,1
UC8G5cJONY8L9voMyBW8Eoug,UCDIMztpVm7G27qBuiWuT6oQ,1
UC8G5cJONY8L9voMyBW8Eoug,UCDPWkUX3sNNaCx-m1dV4glA,1
UC8G5cJONY8L9voMyBW8Eoug,UCDQaQv0hr2SS_PO-CMEwVHg,1
UC8G5cJONY8L9voMyBW8Eoug,UCDUffaruH6dyUnUGwsTKpgg,1
UC8G5cJONY8L9voMyBW8Eoug,UCDftMWXQoJ6nONfY7GVOVjg,1
UC8G5cJONY8L9voMyBW8Eoug,UCDlr1VadSucIZgZ171pRBjQ,1
UC8G5cJONY8L9voMyBW8Eoug,UCEgEQmRbtL5fwr9_DqAC--g,1
UC8G5cJONY8L9voMyBW8Eoug,UCErZPJpHmLCsXs8ZWkAUupQ,1
UC8G5cJONY8L9voMyBW8Eoug,UCFUuDARXdmmIrLppEqf-rFg,1
UC8G5cJONY8L9voMyBW8Eoug,UCFhxtoeARHPnXXPcDrOU3Xg,1
UC8G5cJONY8L9voMyBW8Eoug,UCFjudnPLoaSL1BaRuLahyHg,1
UC8G5cJONY8L9voMyBW8Eoug,UCFoIAE8k82D6AV-8gjjKaNg,1
UC8G5cJONY8L9voMyBW8Eoug,UCFxE8GbokBrBsPEKM1xrOjQ,1
UC8G5cJONY8L9voMyBW8Eoug,UCGzXwyCzMzGmjmCbH3Hg01Q,1
UC8G5cJONY8L9voMyBW8Eoug,UCHTGCgY2l-DQJIvlA_cpa_Q,1
UC8G5cJONY8L9voMyBW8Eoug,UCHhHUjaMAZ8SiXdCUCj9DkQ,1
UC8G5cJONY8L9voMyBW8Eoug,UCKDR0f2fu2UzWL8mBv5-BHw,1
UC8G5cJONY8L9voMyBW8Eoug,UCL13XhnRzbGokEkCkEOb0-g,1
UC8G5cJONY8L9voMyBW8Eoug,UCL1MT278vSaQ83ZDkVWn1gw,1
UC8G5cJONY8L9voMyBW8Eoug,UCLFdHr9BEbXHkoJopbEPLZw,1
UC8G5cJONY8L9voMyBW8Eoug,UCLggDc_a5HriXv7I1h02sOA,1
UC8G5cJONY8L9voMyBW8Eoug,UCN6qbfPSzFtjhqUDZ3Cv3CQ,1
UC8G5cJONY8L9voMyBW8Eoug,UCNBnKqWf4d-rS4HwJRQljmQ,1
UC8G5cJONY8L9voMyBW8Eoug,UCNkcuy42zEwddwEcOd_HpnA,1
UC8G5cJONY8L9voMyBW8Eoug,UCOLGv5Pf6BF2wFcwUzgcvHg,1
UC8G5cJONY8L9voMyBW8Eoug,UCOS8ViEkccrTZx2w2ccxotA,1
UC8G5cJONY8L9voMyBW8Eoug,UCOh6DaZC_x9HASnlRylEMfw,1
UC8G5cJONY8L9voMyBW8Eoug,UCQ_-LPP8JAbfkc-b1Q6NvWw,1
UC8G5cJONY8L9voMyBW8Eoug,UCQgYjVngJRfPHDLGB5X6ZjA,1
UC8G5cJONY8L9voMyBW8Eoug,UCQqetiwzzmRNTM5OWuXarGQ,1
UC8G5cJONY8L9voMyBW8Eoug,UCQtICyzWmhC5woCtbNgaSmg,1
UC8G5cJONY8L9voMyBW8Eoug,UCQtSFINs1h6GHkpg9o5kMvg,1
UC8G5cJONY8L9voMyBW8Eoug,UCRETAiYdh2dL5ZxB0_N1zDA,1
UC8G5cJONY8L9voMyBW8Eoug,UCRelkU8JiZBytTzebJxaa-w,1
UC8G5cJONY8L9voMyBW8Eoug,UCRlCV9zSn7avAWh-9_XFWqQ,1
UC8G5cJONY8L9voMyBW8Eoug,UCSou6a2OuYGSvPjm5psquyA,1
UC8G5cJONY8L9voMyBW8Eoug,UCTD6q1nyIe3Y7HhqjaMj72w,1
UC8G5cJONY8L9voMyBW8Eoug,UCTP3O0rMnc8z8v8jaDQwL0w,1
UC8G5cJONY8L9voMyBW8Eoug,UCThW2XNsAaBKme5PUt7n-Zg,1
UC8G5cJONY8L9voMyBW8Eoug,UCTwSut16JyAg3mX6LVUNGqA,1
UC8G5cJONY8L9voMyBW8Eoug,UCTylKrsqkrBKIqubMu_5N0Q,1
UC8G5cJONY8L9voMyBW8Eoug,UCUIIIPTVDVHAXqhC_5V6lPA,1
UC8G5cJONY8L9voMyBW8Eoug,UCV0iizTBoOfdAFX_thfI9BA,1
UC8G5cJONY8L9voMyBW8Eoug,UCWIZUtKJ636y-4TYrNvok0g,1
UC8G5cJONY8L9voMyBW8Eoug,UCXSkL3ejZ8qWYyF_M7s_QKA,1
UC8G5cJONY8L9voMyBW8Eoug,UCXXh7yg5KUFIWylTiKVEFKQ,1
UC8G5cJONY8L9voMyBW8Eoug,UCXgr7vXlRrsaskPdo097kGA,1
UC8G5cJONY8L9voMyBW8Eoug,UCXr8_5WtGeipe4haOoQDgyQ,1
UC8G5cJONY8L9voMyBW8Eoug,UCYN4wSQ1Sx4_LurxLlW7MPg,1
UC8G5cJONY8L9voMyBW8Eoug,UCYwpX26TrCxq8TvbKGRYLXA,1
UC8G5cJONY8L9voMyBW8Eoug,UCZ51R_9Q9C0c8I3pAWhtmjQ,1
UC8G5cJONY8L9voMyBW8Eoug,UCZLG9qH0tUjNhEGFIUt0CYw,1
UC8G5cJONY8L9voMyBW8Eoug,UCcfdg8crmMJwEuLUsAhV7yg,1
UC8G5cJONY8L9voMyBW8Eoug,UCfM3nrxtTQMY5jFx1v1J4Gg,1
UC8G5cJONY8L9voMyBW8Eoug,UCgvw7xIdGFupzpt1Y_BFkEA,1
UC8G5cJONY8L9voMyBW8Eoug,UCh5ESQvtzyHDhCA7XyekCFA,1
UC8G5cJONY8L9voMyBW8Eoug,UChZknRmJkeGeQk0-mQuhDOg,1
UC8G5cJONY8L9voMyBW8Eoug,UChep9kVb5gQmpodEEl10Xlg,1
UC8G5cJONY8L9voMyBW8Eoug,UChgkn5Jt5tWKYMoEOuCjz3Q,1
UC8G5cJONY8L9voMyBW8Eoug,UChs3tU2BcKOT0CezykvAsGw,1
UC8G5cJONY8L9voMyBW8Eoug,UCi1b_TRQfgO1Z9O2gNGGWNA,1
UC8G5cJONY8L9voMyBW8Eoug,UCiGRBf2RNF0WRKhRVT7zFoA,1
UC8G5cJONY8L9voMyBW8Eoug,UCiMythXHsw7eQEMykCdmMUA,1
UC8G5cJONY8L9voMyBW8Eoug,UCipetjeiWj4CZB6EbyYziZg,1
UC8G5cJONY8L9voMyBW8Eoug,UCj-LL25XJnjxepPKCc3NGog,1
UC8G5cJONY8L9voMyBW8Eoug,UCjSKM9j0Q7HLDr1hD6D-TUw,1
UC8G5cJONY8L9voMyBW8Eoug,UCjmPuazZJzscrwvk0QR9RVw,1
UC8G5cJONY8L9voMyBW8Eoug,UCkd9W714-947dEE6ZOEBATA,1
UC8G5cJONY8L9voMyBW8Eoug,UCl0ekS9Tt0jJGtOEM18S63w,1
UC8G5cJONY8L9voMyBW8Eoug,UCljDbleJul41G1TzOjOZAVA,1
UC8G5cJONY8L9voMyBW8Eoug,UCmjppp6ujz3SAnULvP3sZMw,1
UC8G5cJONY8L9voMyBW8Eoug,UCmvOgzmmXbjUthHy-WJ52hQ,1
UC8G5cJONY8L9voMyBW8Eoug,UCp4iw5_5SmV9VGTFSNVGOmQ,1
UC8G5cJONY8L9voMyBW8Eoug,UCpIdtvoFHVLGASGB5ySqIEA,1
UC8G5cJONY8L9voMyBW8Eoug,UCpl8rF8uv_8uui-QRvuJaRA,1
UC8G5cJONY8L9voMyBW8Eoug,UCplrIQtaPj6au60_f2-mOYw,1
UC8G5cJONY8L9voMyBW8Eoug,UCpsKOkt5iWTbenzeuq7dsmQ,1
UC8G5cJONY8L9voMyBW8Eoug,UCr1emrogPKkKTs_WTtx71xg,1
UC8G5cJONY8L9voMyBW8Eoug,UCrJn_rbo_ENAdeqneS-RmRw,1
UC8G5cJONY8L9voMyBW8Eoug,UCsJJAvrVGupdmhOqgtDp8dg,1
UC8G5cJONY8L9voMyBW8Eoug,UCsSXdJct-nsS8DsABoEsaYA,1
UC8G5cJONY8L9voMyBW8Eoug,UCsUCN0Yq_UyTvKjOJLmNrnQ,1
UC8G5cJONY8L9voMyBW8Eoug,UCsjs5Hp_r86x1xbK6FAeqaA,1
UC8G5cJONY8L9voMyBW8Eoug,UCtNfIBnc5S5DbbQj_yxgJTw,1
UC8G5cJONY8L9voMyBW8Eoug,UCtUR3_CAiE7fCoZHM6cMfyQ,1
UC8G5cJONY8L9voMyBW8Eoug,UCueV9cTyTDwgQSec1x2dYgA,1
UC8G5cJONY8L9voMyBW8Eoug,UCujPF2nBgsTD62nWE3lcpIg,1
UC8G5cJONY8L9voMyBW8Eoug,UCut6b9S98nv84cVX89PmKzA,1
UC8G5cJONY8L9voMyBW8Eoug,UCvApqeCbLod-wejtT4CcVuA,1
UC8G5cJONY8L9voMyBW8Eoug,UCwO2SXr0ggzwg6QWWrr01nQ,1
UC8G5cJONY8L9voMyBW8Eoug,UCwW2OFy95P7ZBkOPxWkpvYg,1
UC8G5cJONY8L9voMyBW8Eoug,UCwha8rxULYMVtNwZWeSkE1A,1
UC8G5cJONY8L9voMyBW8Eoug,UCxff05WuyvwELNITi7bj7UA,1
UC8G5cJONY8L9voMyBW8Eoug,UCySYJU5kUh7X8gVt9la2ISA,1
UC8G5cJONY8L9voMyBW8Eoug,UCylqlpsh8ENNM1LqgQ1KbxA,1
UC8G5cJONY8L9voMyBW8Eoug,UCz3gu01bmjNv0DpRq-K3XYg,1
UC8G5cJONY8L9voMyBW8Eoug,UCzSfZlOVxBSs5ObD25ywxDQ,1
UC8G5cJONY8L9voMyBW8Eoug,UCzoL2l5H5eVlorWGH8AZfAg,1
UC8r11yOugM2NuRfitQOxLLg,UC9vMq1YF-e7C-VO0SHkbUTA,1
UC8r11yOugM2NuRfitQOxLLg,UC9xr9QvIcDvoZNUX5f-jaZw,1
UC8r11yOugM2NuRfitQOxLLg,UCA93ym2TXs_Ibyxb4Vcn-6Q,1
UC8r11yOugM2NuRfitQOxLLg,UCAlzM_N6xBlMYmM8EBzX86Q,1
UC8r11yOugM2NuRfitQOxLLg,UCAmtbUiIrUIhikru0ZoTFig,1
UC8r11yOugM2NuRfitQOxLLg,UCB5p8a5gklc80jJItP6xTHg,1
UC8r11yOugM2NuRfitQOxLLg,UCCaYwkkbQGcvFoUmothVdQQ,1
UC8r11yOugM2NuRfitQOxLLg,UCDIMztpVm7G27qBuiWuT6oQ,1
UC8r11yOugM2NuRfitQOxLLg,UCDPWkUX3sNNaCx-m1dV4glA,1
UC8r11yOugM2NuRfitQOxLLg,UCDQaQv0hr2SS_PO-CMEwVHg,1
UC8r11yOugM2NuRfitQOxLLg,UCDUffaruH6dyUnUGwsTKpgg,1
UC8r11yOugM2NuRfitQOxLLg,UCDftMWXQoJ6nONfY7GVOVjg,1
UC8r11yOugM2NuRfitQOxLLg,UCDlr1VadSucIZgZ171pRBjQ,1
UC8r11yOugM2NuRfitQOxLLg,UCEgEQmRbtL5fwr9_DqAC--g,1
UC8r11yOugM2NuRfitQOxLLg,UCErZPJpHmLCsXs8ZWkAUupQ,1
UC8r11yOugM2NuRfitQOxLLg,UCFUuDARXdmmIrLppEqf-rFg,1
UC8r11yOugM2NuRfitQOxLLg,UCFhxtoeARHPnXXPcDrOU3Xg,1
UC8r11yOugM2NuRfitQOxLLg,UCFjudnPLoaSL1BaRuLahyHg,1
UC8r11yOugM2NuRfitQOxLLg,UCFoIAE8k82D6AV-8gjjKaNg,1
UC8r11yOugM2NuRfitQOxLLg,UCFxE8GbokBrBsPEKM1xrOjQ,1
UC8r11yOugM2NuRfitQOxLLg,UCGzXwyCzMzGmjmCbH3Hg01Q,1
UC8r11yOugM2NuRfitQOxLLg,UCHTGCgY2l-DQJIvlA_cpa_Q,1
UC8r11yOugM2NuRfitQOxLLg,UCHhHUjaMAZ8SiXdCUCj9DkQ,1
UC8r11yOugM2NuRfitQOxLLg,UCKDR0f2fu2UzWL8mBv5-BHw,1
UC8r11yOugM2NuRfitQOxLLg,UCL13XhnRzbGokEkCkEOb0-g,1
UC8r11yOugM2NuRfitQOxLLg,UCL1MT278vSaQ83ZDkVWn1gw,1
UC8r11yOugM2NuRfitQOxLLg,UCLFdHr9BEbXHkoJopbEPLZw,1
UC8r11yOugM2NuRfitQOxLLg,UCLggDc_a5HriXv7I1h02sOA,1
UC8r11yOugM2NuRfitQOxLLg,UCN6qbfPSzFtjhqUDZ3Cv3CQ,1
UC8r11yOugM2NuRfitQOxLLg,UCNBnKqWf4d-rS4HwJRQljmQ,1
UC8r11yOugM2NuRfitQOxLLg,UCNkcuy42zEwddwEcOd_HpnA,1
UC8r11yOugM2NuRfitQOxLLg,UCOLGv5Pf6BF2wFcwUzgcvHg,1
UC8r11yOugM2NuRfitQOxLLg,UCOS8ViEkccrTZx2w2ccxotA,1
UC8r11yOugM2NuRfitQOxLLg,UCOh6DaZC_x9HASnlRylEMfw,1
UC8r11yOugM2NuRfitQOxLLg,UCQ_-LPP8JAbfkc-b1Q6NvWw,1
UC8r11yOugM2NuRfitQOxLLg,UCQgYjVngJRfPHDLGB5X6ZjA,1
UC8r11yOugM2NuRfitQOxLLg,UCQqetiwzzmRNTM5OWuXarGQ,1
UC8r11yOugM2NuRfitQOxLLg,UCQtICyzWmhC5woCtbNgaSmg,1
UC8r11yOugM2NuRfitQOxLLg,UCQtSFINs1h6GHkpg9o5kMvg,1
UC8r11yOugM2NuRfitQOxLLg,UCRETAiYdh2dL5ZxB0_N1zDA,1
UC8r11yOugM2NuRfitQOxLLg,UCRelkU8JiZBytTzebJxaa-w,1
UC8r11yOugM2NuRfitQOxLLg,UCRlCV9zSn7avAWh-9_XFWqQ,1
UC8r11yOugM2NuRfitQOxLLg,UCSou6a2OuYGSvPjm5psquyA,1
UC8r11yOugM2NuRfitQOxLLg,UCTD6q1nyIe3Y7HhqjaMj72w,1
UC8r11yOugM2NuRfitQOxLLg,UCTP3O0rMnc8z8v8jaDQwL0w,1
UC8r11yOugM2NuRfitQOxLLg,UCThW2XNsAaBKme5PUt7n-Zg,1
UC8r11yOugM2NuRfitQOxLLg,UCTwSut16JyAg3mX6LVUNGqA,1
UC8r11yOugM2NuRfitQOxLLg,UCTylKrsqkrBKIqubMu_5N0Q,1
UC8r11yOugM2NuRfitQOxLLg,UCUIIIPTVDVHAXqhC_5V6lPA,1
UC8r11yOugM2NuRfitQOxLLg,UCV0iizTBoOfdAFX_thfI9BA,1
UC8r11yOugM2NuRfitQOxLLg,UCWIZUtKJ636y-4TYrNvok0g,1
UC8r11yOugM2NuRfitQOxLLg,UCXSkL3ejZ8qWYyF_M7s_QKA,1
UC8r11yOugM2NuRfitQOxLLg,UCXXh7yg5KUFIWylTiKVEFKQ,1
UC8r11yOugM2NuRfitQOxLLg,UCXgr7vXlRrsaskPdo097kGA,1
UC8r11yOugM2NuRfitQOxLLg,UCXr8_5WtGeipe4haOoQDgyQ,1
UC8r11yOugM2NuRfitQOxLLg,UCYN4wSQ1Sx4_LurxLlW7MPg,1
UC8r11yOugM2NuRfitQOxLLg,UCYwpX26TrCxq8TvbKGRYLXA,1
UC8r11yOugM2NuRfitQOxLLg,UCZ51R_9Q9C0c8I3pAWhtmjQ,1
UC8r11yOugM2NuRfitQOxLLg,UCZLG9qH0tUjNhEGFIUt0CYw,1
UC8r11yOugM2NuRfitQOxLLg,UCcfdg8crmMJwEuLUsAhV7yg,1
UC8r11yOugM2NuRfitQOxLLg,UCfM3nrxtTQMY5jFx1v1J4Gg,1
UC8r11yOugM2NuRfitQOxLLg,UCgvw7xIdGFupzpt1Y_BFkEA,1
UC8r11yOugM2NuRfitQOxLLg,UCh5ESQvtzyHDhCA7XyekCFA,1
UC8r11yOugM2NuRfitQOxLLg,UChZknRmJkeGeQk0-mQuhDOg,1
UC8r11yOugM2NuRfitQOxLLg,UChep9kVb5gQmpodEEl10Xlg,1
UC8r11yOugM2NuRfitQOxLLg,UChgkn5Jt5tWKYMoEOuCjz3Q,1
UC8r11yOugM2NuRfitQOxLLg,UChs3tU2BcKOT0CezykvAsGw,1
UC8r11yOugM2NuRfitQOxLLg,UCi1b_TRQfgO1Z9O2gNGGWNA,1
UC8r11yOugM2NuRfitQOxLLg,UCiGRBf2RNF0WRKhRVT7zFoA,1
UC8r11yOugM2NuRfitQOxLLg,UCiMythXHsw7eQEMykCdmMUA,1
UC8r11yOugM2NuRfitQOxLLg,UCipetjeiWj4CZB6EbyYziZg,1
UC8r11yOugM2NuRfitQOxLLg,UCj-LL25XJnjxepPKCc3NGog,1
UC8r11yOugM2NuRfitQOxLLg,UCjSKM9j0Q7HLDr1hD6D-TUw,1
UC8r11yOugM2NuRfitQOxLLg,UCjmPuazZJzscrwvk0QR9RVw,1
UC8r11yOugM2NuRfitQOxLLg,UCkd9W714-947dEE6ZOEBATA,1
UC8r11yOugM2NuRfitQOxLLg,UCl0ekS9Tt0jJGtOEM18S63w,1
UC8r11yOugM2NuRfitQOxLLg,UCljDbleJul41G1TzOjOZAVA,1
UC8r11yOugM2NuRfitQOxLLg,UCmjppp6ujz3SAnULvP3sZMw,1
UC8r11yOugM2NuRfitQOxLLg,UCmvOgzmmXbjUthHy-WJ52hQ,1
UC8r11yOugM2NuRfitQOxLLg,UCp4iw5_5SmV9VGTFSNVGOmQ,1
UC8r11yOugM2NuRfitQOxLLg,UCpIdtvoFHVLGASGB5ySqIEA,1
UC8r11yOugM2NuRfitQOxLLg,UCpl8rF8uv_8uui-QRvuJaRA,1
UC8r11yOugM2NuRfitQOxLLg,UCplrIQtaPj6au60_f2-mOYw,1
UC8r11yOugM2NuRfitQOxLLg,UCpsKOkt5iWTbenzeuq7dsmQ,1
UC8r11yOugM2NuRfitQOxLLg,UCr1emrogPKkKTs_WTtx71xg,1
UC8r11yOugM2NuRfitQOxLLg,UCrJn_rbo_ENAdeqneS-RmRw,1
UC8r11yOugM2NuRfitQOxLLg,UCsJJAvrVGupdmhOqgtDp8dg,1
UC8r11yOugM2NuRfitQOxLLg,UCsSXdJct-nsS8DsABoEsaYA,1
UC8r11yOugM2NuRfitQOxLLg,UCsUCN0Yq_UyTvKjOJLmNrnQ,1
UC8r11yOugM2NuRfitQOxLLg,UCsjs5Hp_r86x1xbK6FAeqaA,1
UC8r11yOugM2NuRfitQOxLLg,UCtNfIBnc5S5DbbQj_yxgJTw,1
UC8r11yOugM2NuRfitQOxLLg,UCtUR3_CAiE7fCoZHM6cMfyQ,1
UC8r11yOugM2NuRfitQOxLLg,UCueV9cTyTDwgQSec1x2dYgA,1
UC8r11yOugM2NuRfitQOxLLg,UCujPF2nBgsTD62nWE3lcpIg,1
UC8r11yOugM2NuRfitQOxLLg,UCut6b9S98nv84cVX89PmKzA,1
UC8r11yOugM2NuRfitQOxLLg,UCvApqeCbLod-wejtT4CcVuA,1
UC8r11yOugM2NuRfitQOxLLg,UCwO2SXr0ggzwg6QWWrr01nQ,1
UC8r11yOugM2NuRfitQOxLLg,UCwW2OFy95P7ZBkOPxWkpvYg,1
UC8r11yOugM2NuRfitQOxLLg,UCwha8rxULYMVtNwZWeSkE1A,1
UC8r11yOugM2NuRfitQOxLLg,UCxff05WuyvwELNITi7bj7UA,1
UC8r11yOugM2NuRfitQOxLLg,UCySYJU5kUh7X8gVt9la2ISA,1
UC8r11yOugM2NuRfitQOxLLg,UCylqlpsh8ENNM1LqgQ1KbxA,1
UC8r11yOugM2NuRfitQOxLLg,UCz3gu01bmjNv0DpRq-K3XYg,1
UC8r11yOugM2NuRfitQOxLLg,UCzSfZlOVxBSs5ObD25ywxDQ,1
UC8r11yOugM2NuRfitQOxLLg,UCzoL2l5H5eVlorWGH8AZfAg,1
UC9vMq1YF-e7C-VO0SHkbUTA,UC9xr9QvIcDvoZNUX5f-jaZw,1
UC9vMq1YF-e7C-VO0SHkbUTA,UCA93ym2TXs_Ibyxb4Vcn-6Q,1
UC9vMq1YF-e7C-VO0SHkbUTA,UCAlzM_N6xBlMYmM8EBzX86Q,1
UC9vMq1YF-e7C-VO0SHkbUTA,UCAmtbUiIrUIhikru0ZoTFig,1
UC9vMq1YF-e7C-VO0SHkbUTA,UCB5p8a5gklc80jJItP6xTHg,1
UC9vMq1YF-e7C-VO0SHkbUTA,UCCaYwkkbQGcvFoUmothVdQQ,1
UC9vMq1YF-e7C-VO0SHkbUTA,UCDIMztpVm7G27qBuiWuT6oQ,1
UC9vMq1YF-e7C-VO0SHkbUTA,UCDPWkUX3sNNaCx-m1dV4glA,1
UC9vMq1YF-e7C-VO0SHkbUTA,UCDQaQv0hr2SS_PO-CMEwVHg,1
UC9vMq1YF-e7C-VO0SHkbUTA,UCDUffaruH6dyUnUGwsTKpgg,1
UC9vMq1YF-e7C-VO0SHkbUTA,UCDftMWXQoJ6nONfY7GVOVjg,1
UC9vMq1YF-e7C-VO0SHkbUTA,UCDlr1VadSucIZgZ171pRBjQ,1
UC9vMq1YF-e7C-VO0SHkbUTA,UCEgEQmRbtL5fwr9_DqAC--g,1
UC9vMq1YF-e7C-VO0SHkbUTA,UCErZPJpHmLCsXs8ZWkAUupQ,1
UC9vMq1YF-e7C-VO0SHkbUTA,UCFUuDARXdmmIrLppEqf-rFg,1
UC9vMq1YF-e7C-VO0SHkbUTA,UCFhxtoeARHPnXXPcDrOU3Xg,1
UC9vMq1YF-e7C-VO0SHkbUTA,UCFjudnPLoaSL1BaRuLahyHg,1
UC9vMq1YF-e7C-VO0SHkbUTA,UCFoIAE8k82D6AV-8gjjKaNg,1
UC9vMq1YF-e7C-VO0SHkbUTA,UCFxE8GbokBrBsPEKM1xrOjQ,1
UC9vMq1YF-e7C-VO0SHkbUTA,UCGzXwyCzMzGmjmCbH3Hg01Q,1
UC9vMq1YF-e7C-VO0SHkbUTA,UCHTGCgY2l-DQJIvlA_cpa_Q,1
UC9vMq1YF-e7C-VO0SHkbUTA,UCHhHUjaMAZ8SiXdCUCj9DkQ,1
UC9vMq1YF-e7C-VO0SHkbUTA,UCKDR0f2fu2UzWL8mBv5-BHw,1
UC9vMq1YF-e7C-VO0SHkbUTA,UCL13XhnRzbGokEkCkEOb0-g,1
UC9vMq1YF-e7C-VO0SHkbUTA,UCL1MT278vSaQ83ZDkVWn1gw,1
UC9vMq1YF-e7C-VO0SHkbUTA,UCLFdHr9BEbXHkoJopbEPLZw,1
UC9vMq1YF-e7C-VO0SHkbUTA,UCLggDc_a5HriXv7I1h02sOA,1
UC9vMq1YF-e7C-VO0SHkbUTA,UCN6qbfPSzFtjhqUDZ3Cv3CQ,1
UC9vMq1YF-e7C-VO0SHkbUTA,UCNBnKqWf4d-rS4HwJRQljmQ,1
UC9vMq1YF-e7C-VO0SHkbUTA,UCNkcuy42zEwddwEcOd_HpnA,1
UC9vMq1YF-e7C-VO0SHkbUTA,UCOLGv5Pf6BF2wFcwUzgcvHg,1
UC9vMq1YF-e7C-VO0SHkbUTA,UCOS8ViEkccrTZx2w2ccxotA,1
UC9vMq1YF-e7C-VO0SHkbUTA,UCOh6DaZC_x9HASnlRylEMfw,1
UC9vMq1YF-e7C-VO0SHkbUTA,UCQ_-LPP8JAbfkc-b1Q6NvWw,1
UC9vMq1YF-e7C-VO0SHkbUTA,UCQgYjVngJRfPHDLGB5X6ZjA,1
UC9vMq1YF-e7C-VO0SHkbUTA,UCQqetiwzzmRNTM5OWuXarGQ,1
UC9vMq1YF-e7C-VO0SHkbUTA,UCQtICyzWmhC5woCtbNgaSmg,1
UC9vMq1YF-e7C-VO0SHkbUTA,UCQtSFINs1h6GHkpg9o5kMvg,1
UC9vMq1YF-e7C-VO0SHkbUTA,UCRETAiYdh2dL5ZxB0_N1zDA,1
UC9vMq1YF-e7C-VO0SHkbUTA,UCRelkU8JiZBytTzebJxaa-w,1
UC9vMq1YF-e7C-VO0SHkbUTA,UCRlCV9zSn7avAWh-9_XFWqQ,1
UC9vMq1YF-e7C-VO0SHkbUTA,UCSou6a2OuYGSvPjm5psquyA,1
UC9vMq1YF-e7C-VO0SHkbUTA,UCTD6q1nyIe3Y7HhqjaMj72w,1
UC9vMq1YF-e7C-VO0SHkbUTA,UCTP3O0rMnc8z8v8jaDQwL0w,1
UC9vMq1YF-e7C-VO0SHkbUTA,UCThW2XNsAaBKme5PUt7n-Zg,1
UC9vMq1YF-e7C-VO0SHkbUTA,UCTwSut16JyAg3mX6LVUNGqA,1
UC9vMq1YF-e7C-VO0SHkbUTA,UCTylKrsqkrBKIqubMu_5N0Q,1
UC9vMq1YF-e7C-VO0SHkbUTA,UCUIIIPTVDVHAXqhC_5V6lPA,1
UC9vMq1YF-e7C-VO0SHkbUTA,UCV0iizTBoOfdAFX_thfI9BA,1
UC9vMq1YF-e7C-VO0SHkbUTA,UCWIZUtKJ636y-4TYrNvok0g,1
UC9vMq1YF-e7C-VO0SHkbUTA,UCXSkL3ejZ8qWYyF_M7s_QKA,1
UC9vMq1YF-e7C-VO0SHkbUTA,UCXXh7yg5KUFIWylTiKVEFKQ,1
UC9vMq1YF-e7C-VO0SHkbUTA,UCXgr7vXlRrsaskPdo097kGA,1
UC9vMq1YF-e7C-VO0SHkbUTA,UCXr8_5WtGeipe4haOoQDgyQ,1
UC9vMq1YF-e7C-VO0SHkbUTA,UCYN4wSQ1Sx4_LurxLlW7MPg,1
UC9vMq1YF-e7C-VO0SHkbUTA,UCYwpX26TrCxq8TvbKGRYLXA,1
UC9vMq1YF-e7C-VO0SHkbUTA,UCZ51R_9Q9C0c8I3pAWhtmjQ,1
UC9vMq1YF-e7C-VO0SHkbUTA,UCZLG9qH0tUjNhEGFIUt0CYw,1
UC9vMq1YF-e7C-VO0SHkbUTA,UCcfdg8crmMJwEuLUsAhV7yg,1
UC9vMq1YF-e7C-VO0SHkbUTA,UCfM3nrxtTQMY5jFx1v1J4Gg,1
UC9vMq1YF-e7C-VO0SHkbUTA,UCgvw7xIdGFupzpt1Y_BFkEA,1
UC9vMq1YF-e7C-VO0SHkbUTA,UCh5ESQvtzyHDhCA7XyekCFA,1
UC9vMq1YF-e7C-VO0SHkbUTA,UChZknRmJkeGeQk0-mQuhDOg,1
UC9vMq1YF-e7C-VO0SHkbUTA,UChep9kVb5gQmpodEEl10Xlg,1
UC9vMq1YF-e7C-VO0SHkbUTA,UChgkn5Jt5tWKYMoEOuCjz3Q,1
UC9vMq1YF-e7C-VO0SHkbUTA,UChs3tU2BcKOT0CezykvAsGw,1
UC9vMq1YF-e7C-VO0SHkbUTA,UCi1b_TRQfgO1Z9O2gNGGWNA,1
UC9vMq1YF-e7C-VO0SHkbUTA,UCiGRBf2RNF0WRKhRVT7zFoA,1
UC9vMq1YF-e7C-VO0SHkbUTA,UCiMythXHsw7eQEMykCdmMUA,1
UC9vMq1YF-e7C-VO0SHkbUTA,UCipetjeiWj4CZB6EbyYziZg,1
UC9vMq1YF-e7C-VO0SHkbUTA,UCj-LL25XJnjxepPKCc3NGog,1
UC9vMq1YF-e7C-VO0SHkbUTA,UCjSKM9j0Q7HLDr1hD6D-TUw,1
UC9vMq1YF-e7C-VO0SHkbUTA,UCjmPuazZJzscrwvk0QR9RVw,1
UC9vMq1YF-e7C-VO0SHkbUTA,UCkd9W714-947dEE6ZOEBATA,1
UC9vMq1YF-e7C-VO0SHkbUTA,UCl0ekS9Tt0jJGtOEM18S63w,1
UC9vMq1YF-e7C-VO0SHkbUTA,UCljDbleJul41G1TzOjOZAVA,1
UC9vMq1YF-e7C-VO0SHkbUTA,UCmjppp6ujz3SAnULvP3sZMw,1
UC9vMq1YF-e7C-VO0SHkbUTA,UCmvOgzmmXbjUthHy-WJ52hQ,1
UC9vMq1YF-e7C-VO0SHkbUTA,UCp4iw5_5SmV9VGTFSNVGOmQ,1
UC9vMq1YF-e7C-VO0SHkbUTA,UCpIdtvoFHVLGASGB5ySqIEA,1
UC9vMq1YF-e7C-VO0SHkbUTA,UCpl8rF8uv_8uui-QRvuJaRA,1
UC9vMq1YF-e7C-VO0SHkbUTA,UCplrIQtaPj6au60_f2-mOYw,1
UC9vMq1YF-e7C-VO0SHkbUTA,UCpsKOkt5iWTbenzeuq7dsmQ,1
UC9vMq1YF-e7C-VO0SHkbUTA,UCr1emrogPKkKTs_WTtx71xg,1
UC9vMq1YF-e7C-VO0SHkbUTA,UCrJn_rbo_ENAdeqneS-RmRw,1
UC9vMq1YF-e7C-VO0SHkbUTA,UCsJJAvrVGupdmhOqgtDp8dg,1
UC9vMq1YF-e7C-VO0SHkbUTA,UCsSXdJct-nsS8DsABoEsaYA,1
UC9vMq1YF-e7C-VO0SHkbUTA,UCsUCN0Yq_UyTvKjOJLmNrnQ,1
UC9vMq1YF-e7C-VO0SHkbUTA,UCsjs5Hp_r86x1xbK6FAeqaA,1
UC9vMq1YF-e7C-VO0SHkbUTA,UCtNfIBnc5S5DbbQj_yxgJTw,1
UC9vMq1YF-e7C-VO0SHkbUTA,UCtUR3_CAiE7fCoZHM6cMfyQ,1
UC9vMq1YF-e7C-VO0SHkbUTA,UCueV9cTyTDwgQSec1x2dYgA,1
UC9vMq1YF-e7C-VO0SHkbUTA,UCujPF2nBgsTD62nWE3lcpIg,1
UC9vMq1YF-e7C-VO0SHkbUTA,UCut6b9S98nv84cVX89PmKzA,1
UC9vMq1YF-e7C-VO0SHkbUTA,UCvApqeCbLod-wejtT4CcVuA,1
UC9vMq1YF-e7C-VO0SHkbUTA,UCwO2SXr0ggzwg6QWWrr01nQ,1
UC9vMq1YF-e7C-VO0SHkbUTA,UCwW2OFy95P7ZBkOPxWkpvYg,1
UC9vMq1YF-e7C-VO0SHkbUTA,UCwha8rxULYMVtNwZWeSkE1A,1
UC9vMq1YF-e7C-VO0SHkbUTA,UCxff05WuyvwELNITi7bj7UA,1
UC9vMq1YF-e7C-VO0SHkbUTA,UCySYJU5kUh7X8gVt9la2ISA,1
UC9vMq1YF-e7C-VO0SHkbUTA,UCylqlpsh8ENNM1LqgQ1KbxA,1
UC9vMq1YF-e7C-VO0SHkbUTA,UCz3gu01bmjNv0DpRq-K3XYg,1
UC9vMq1YF-e7C-VO0SHkbUTA,UCzSfZlOVxBSs5ObD25ywxDQ,1
UC9vMq1YF-e7C-VO0SHkbUTA,UCzoL2l5H5eVlorWGH8AZfAg,1
UC9xr9QvIcDvoZNUX5f-jaZw,UCA93ym2TXs_Ibyxb4Vcn-6Q,1
UC9xr9QvIcDvoZNUX5f-jaZw,UCAlzM_N6xBlMYmM8EBzX86Q,1
UC9xr9QvIcDvoZNUX5f-jaZw,UCAmtbUiIrUIhikru0ZoTFig,1
UC9xr9QvIcDvoZNUX5f-jaZw,UCB5p8a5gklc80jJItP6xTHg,1
UC9xr9QvIcDvoZNUX5f-jaZw,UCCaYwkkbQGcvFoUmothVdQQ,1
UC9xr9QvIcDvoZNUX5f-jaZw,UCDIMztpVm7G27qBuiWuT6oQ,1
UC9xr9QvIcDvoZNUX5f-jaZw,UCDPWkUX3sNNaCx-m1dV4glA,1
UC9xr9QvIcDvoZNUX5f-jaZw,UCDQaQv0hr2SS_PO-CMEwVHg,1
UC9xr9QvIcDvoZNUX5f-jaZw,UCDUffaruH6dyUnUGwsTKpgg,1
UC9xr9QvIcDvoZNUX5f-jaZw,UCDftMWXQoJ6nONfY7GVOVjg,1
UC9xr9QvIcDvoZNUX5f-jaZw,UCDlr1VadSucIZgZ171pRBjQ,1
UC9xr9QvIcDvoZNUX5f-jaZw,UCEgEQmRbtL5fwr9_DqAC--g,1
UC9xr9QvIcDvoZNUX5f-jaZw,UCErZPJpHmLCsXs8ZWkAUupQ,1
UC9xr9QvIcDvoZNUX5f-jaZw,UCFUuDARXdmmIrLppEqf-rFg,1
UC9xr9QvIcDvoZNUX5f-jaZw,UCFhxtoeARHPnXXPcDrOU3Xg,1
UC9xr9QvIcDvoZNUX5f-jaZw,UCFjudnPLoaSL1BaRuLahyHg,1
UC9xr9QvIcDvoZNUX5f-jaZw,UCFoIAE8k82D6AV-8gjjKaNg,1
UC9xr9QvIcDvoZNUX5f-jaZw,UCFxE8GbokBrBsPEKM1xrOjQ,1
UC9xr9QvIcDvoZNUX5f-jaZw,UCGzXwyCzMzGmjmCbH3Hg01Q,1
UC9xr9QvIcDvoZNUX5f-jaZw,UCHTGCgY2l-DQJIvlA_cpa_Q,1
UC9xr9QvIcDvoZNUX5f-jaZw,UCHhHUjaMAZ8SiXdCUCj9DkQ,1
UC9xr9QvIcDvoZNUX5f-jaZw,UCKDR0f2fu2UzWL8mBv5-BHw,1
UC9xr9QvIcDvoZNUX5f-jaZw,UCL13XhnRzbGokEkCkEOb0-g,1
UC9xr9QvIcDvoZNUX5f-jaZw,UCL1MT278vSaQ83ZDkVWn1gw,1
UC9xr9QvIcDvoZNUX5f-jaZw,UCLFdHr9BEbXHkoJopbEPLZw,1
UC9xr9QvIcDvoZNUX5f-jaZw,UCLggDc_a5HriXv7I1h02sOA,1
UC9xr9QvIcDvoZNUX5f-jaZw,UCN6qbfPSzFtjhqUDZ3Cv3CQ,1
UC9xr9QvIcDvoZNUX5f-jaZw,UCNBnKqWf4d-rS4HwJRQljmQ,1
UC9xr9QvIcDvoZNUX5f-jaZw,UCNkcuy42zEwddwEcOd_HpnA,1
UC9xr9QvIcDvoZNUX5f-jaZw,UCOLGv5Pf6BF2wFcwUzgcvHg,1
UC9xr9QvIcDvoZNUX5f-jaZw,UCOS8ViEkccrTZx2w2ccxotA,1
UC9xr9QvIcDvoZNUX5f-jaZw,UCOh6DaZC_x9HASnlRylEMfw,1
UC9xr9QvIcDvoZNUX5f-jaZw,UCQ_-LPP8JAbfkc-b1Q6NvWw,1
UC9xr9QvIcDvoZNUX5f-jaZw,UCQgYjVngJRfPHDLGB5X6ZjA,1
UC9xr9QvIcDvoZNUX5f-jaZw,UCQqetiwzzmRNTM5OWuXarGQ,1
UC9xr9QvIcDvoZNUX5f-jaZw,UCQtICyzWmhC5woCtbNgaSmg,1
UC9xr9QvIcDvoZNUX5f-jaZw,UCQtSFINs1h6GHkpg9o5kMvg,1
UC9xr9QvIcDvoZNUX5f-jaZw,UCRETAiYdh2dL5ZxB0_N1zDA,1
UC9xr9QvIcDvoZNUX5f-jaZw,UCRelkU8JiZBytTzebJxaa-w,1
UC9xr9QvIcDvoZNUX5f-jaZw,UCRlCV9zSn7avAWh-9_XFWqQ,1
UC9xr9QvIcDvoZNUX5f-jaZw,UCSou6a2OuYGSvPjm5psquyA,1
UC9xr9QvIcDvoZNUX5f-jaZw,UCTD6q1nyIe3Y7HhqjaMj72w,1
UC9xr9QvIcDvoZNUX5f-jaZw,UCTP3O0rMnc8z8v8jaDQwL0w,1
UC9xr9QvIcDvoZNUX5f-jaZw,UCThW2XNsAaBKme5PUt7n-Zg,1
UC9xr9QvIcDvoZNUX5f-jaZw,UCTwSut16JyAg3mX6LVUNGqA,1
UC9xr9QvIcDvoZNUX5f-jaZw,UCTylKrsqkrBKIqubMu_5N0Q,1
UC9xr9QvIcDvoZNUX5f-jaZw,UCUIIIPTVDVHAXqhC_5V6lPA,1
UC9xr9QvIcDvoZNUX5f-jaZw,UCV0iizTBoOfdAFX_thfI9BA,1
UC9xr9QvIcDvoZNUX5f-jaZw,UCWIZUtKJ636y-4TYrNvok0g,1
UC9xr9QvIcDvoZNUX5f-jaZw,UCXSkL3ejZ8qWYyF_M7s_QKA,1
UC9xr9QvIcDvoZNUX5f-jaZw,UCXXh7yg5KUFIWylTiKVEFKQ,1
UC9xr9QvIcDvoZNUX5f-jaZw,UCXgr7vXlRrsaskPdo097kGA,1
UC9xr9QvIcDvoZNUX5f-jaZw,UCXr8_5WtGeipe4haOoQDgyQ,1
UC9xr9QvIcDvoZNUX5f-jaZw,UCYN4wSQ1Sx4_LurxLlW7MPg,1
UC9xr9QvIcDvoZNUX5f-jaZw,UCYwpX26TrCxq8TvbKGRYLXA,1
UC9xr9QvIcDvoZNUX5f-jaZw,UCZ51R_9Q9C0c8I3pAWhtmjQ,1
UC9xr9QvIcDvoZNUX5f-jaZw,UCZLG9qH0tUjNhEGFIUt0CYw,1
UC9xr9QvIcDvoZNUX5f-jaZw,UCcfdg8crmMJwEuLUsAhV7yg,1
UC9xr9QvIcDvoZNUX5f-jaZw,UCfM3nrxtTQMY5jFx1v1J4Gg,1
UC9xr9QvIcDvoZNUX5f-jaZw,UCgvw7xIdGFupzpt1Y_BFkEA,1
UC9xr9QvIcDvoZNUX5f-jaZw,UCh5ESQvtzyHDhCA7XyekCFA,1
UC9xr9QvIcDvoZNUX5f-jaZw,UChZknRmJkeGeQk0-mQuhDOg,1
UC9xr9QvIcDvoZNUX5f-jaZw,UChep9kVb5gQmpodEEl10Xlg,1
UC9xr9QvIcDvoZNUX5f-jaZw,UChgkn5Jt5tWKYMoEOuCjz3Q,1
UC9xr9QvIcDvoZNUX5f-jaZw,UChs3tU2BcKOT0CezykvAsGw,1
UC9xr9QvIcDvoZNUX5f-jaZw,UCi1b_TRQfgO1Z9O2gNGGWNA,1
UC9xr9QvIcDvoZNUX5f-jaZw,UCiGRBf2RNF0WRKhRVT7zFoA,1
UC9xr9QvIcDvoZNUX5f-jaZw,UCiMythXHsw7eQEMykCdmMUA,1
UC9xr9QvIcDvoZNUX5f-jaZw,UCipetjeiWj4CZB6EbyYziZg,1
UC9xr9QvIcDvoZNUX5f-jaZw,UCj-LL25XJnjxepPKCc3NGog,1
UC9xr9QvIcDvoZNUX5f-jaZw,UCjSKM9j0Q7HLDr1hD6D-TUw,1
UC9xr9QvIcDvoZNUX5f-jaZw,UCjmPuazZJzscrwvk0QR9RVw,1
UC9xr9QvIcDvoZNUX5f-jaZw,UCkd9W714-947dEE6ZOEBATA,1
UC9xr9QvIcDvoZNUX5f-jaZw,UCl0ekS9Tt0jJGtOEM18S63w,1
UC9xr9QvIcDvoZNUX5f-jaZw,UCljDbleJul41G1TzOjOZAVA,1
UC9xr9QvIcDvoZNUX5f-jaZw,UCmjppp6ujz3SAnULvP3sZMw,1
UC9xr9QvIcDvoZNUX5f-jaZw,UCmvOgzmmXbjUthHy-WJ52hQ,1
UC9xr9QvIcDvoZNUX5f-jaZw,UCp4iw5_5SmV9VGTFSNVGOmQ,1
UC9xr9QvIcDvoZNUX5f-jaZw,UCpIdtvoFHVLGASGB5ySqIEA,1
UC9xr9QvIcDvoZNUX5f-jaZw,UCpl8rF8uv_8uui-QRvuJaRA,1
UC9xr9QvIcDvoZNUX5f-jaZw,UCplrIQtaPj6au60_f2-mOYw,1
UC9xr9QvIcDvoZNUX5f-jaZw,UCpsKOkt5iWTbenzeuq7dsmQ,1
UC9xr9QvIcDvoZNUX5f-jaZw,UCr1emrogPKkKTs_WTtx71xg,1
UC9xr9QvIcDvoZNUX5f-jaZw,UCrJn_rbo_ENAdeqneS-RmRw,1
UC9xr9QvIcDvoZNUX5f-jaZw,UCsJJAvrVGupdmhOqgtDp8dg,1
UC9xr9QvIcDvoZNUX5f-jaZw,UCsSXdJct-nsS8DsABoEsaYA,1
UC9xr9QvIcDvoZNUX5f-jaZw,UCsUCN0Yq_UyTvKjOJLmNrnQ,1
UC9xr9QvIcDvoZNUX5f-jaZw,UCsjs5Hp_r86x1xbK6FAeqaA,1
UC9xr9QvIcDvoZNUX5f-jaZw,UCtNfIBnc5S5DbbQj_yxgJTw,1
UC9xr9QvIcDvoZNUX5f-jaZw,UCtUR3_CAiE7fCoZHM6cMfyQ,1
UC9xr9QvIcDvoZNUX5f-jaZw,UCueV9cTyTDwgQSec1x2dYgA,1
UC9xr9QvIcDvoZNUX5f-jaZw,UCujPF2nBgsTD62nWE3lcpIg,1
UC9xr9QvIcDvoZNUX5f-jaZw,UCut6b9S98nv84cVX89PmKzA,1
UC9xr9QvIcDvoZNUX5f-jaZw,UCvApqeCbLod-wejtT4CcVuA,1
UC9xr9QvIcDvoZNUX5f-jaZw,UCwO2SXr0ggzwg6QWWrr01nQ,1
UC9xr9QvIcDvoZNUX5f-jaZw,UCwW2OFy95P7ZBkOPxWkpvYg,1
UC9xr9QvIcDvoZNUX5f-jaZw,UCwha8rxULYMVtNwZWeSkE1A,1
UC9xr9QvIcDvoZNUX5f-jaZw,UCxff05WuyvwELNITi7bj7UA,1
UC9xr9QvIcDvoZNUX5f-jaZw,UCySYJU5kUh7X8gVt9la2ISA,1
UC9xr9QvIcDvoZNUX5f-jaZw,UCylqlpsh8ENNM1LqgQ1KbxA,1
UC9xr9QvIcDvoZNUX5f-jaZw,UCz3gu01bmjNv0DpRq-K3XYg,1
UC9xr9QvIcDvoZNUX5f-jaZw,UCzSfZlOVxBSs5ObD25ywxDQ,1
UC9xr9QvIcDvoZNUX5f-jaZw,UCzoL2l5H5eVlorWGH8AZfAg,1
UCA93ym2TXs_Ibyxb4Vcn-6Q,UCAlzM_N6xBlMYmM8EBzX86Q,1
UCA93ym2TXs_Ibyxb4Vcn-6Q,UCAmtbUiIrUIhikru0ZoTFig,1
UCA93ym2TXs_Ibyxb4Vcn-6Q,UCB5p8a5gklc80jJItP6xTHg,1
UCA93ym2TXs_Ibyxb4Vcn-6Q,UCCaYwkkbQGcvFoUmothVdQQ,1
UCA93ym2TXs_Ibyxb4Vcn-6Q,UCDIMztpVm7G27qBuiWuT6oQ,1
UCA93ym2TXs_Ibyxb4Vcn-6Q,UCDPWkUX3sNNaCx-m1dV4glA,1
UCA93ym2TXs_Ibyxb4Vcn-6Q,UCDQaQv0hr2SS_PO-CMEwVHg,1
UCA93ym2TXs_Ibyxb4Vcn-6Q,UCDUffaruH6dyUnUGwsTKpgg,1
UCA93ym2TXs_Ibyxb4Vcn-6Q,UCDftMWXQoJ6nONfY7GVOVjg,1
UCA93ym2TXs_Ibyxb4Vcn-6Q,UCDlr1VadSucIZgZ171pRBjQ,1
UCA93ym2TXs_Ibyxb4Vcn-6Q,UCEgEQmRbtL5fwr9_DqAC--g,1
UCA93ym2TXs_Ibyxb4Vcn-6Q,UCErZPJpHmLCsXs8ZWkAUupQ,1
UCA93ym2TXs_Ibyxb4Vcn-6Q,UCFUuDARXdmmIrLppEqf-rFg,1
UCA93ym2TXs_Ibyxb4Vcn-6Q,UCFhxtoeARHPnXXPcDrOU3Xg,1
UCA93ym2TXs_Ibyxb4Vcn-6Q,UCFjudnPLoaSL1BaRuLahyHg,1
UCA93ym2TXs_Ibyxb4Vcn-6Q,UCFoIAE8k82D6AV-8gjjKaNg,1
UCA93ym2TXs_Ibyxb4Vcn-6Q,UCFxE8GbokBrBsPEKM1xrOjQ,1
UCA93ym2TXs_Ibyxb4Vcn-6Q,UCGzXwyCzMzGmjmCbH3Hg01Q,1
UCA93ym2TXs_Ibyxb4Vcn-6Q,UCHTGCgY2l-DQJIvlA_cpa_Q,1
UCA93ym2TXs_Ibyxb4Vcn-6Q,UCHhHUjaMAZ8SiXdCUCj9DkQ,1
UCA93ym2TXs_Ibyxb4Vcn-6Q,UCKDR0f2fu2UzWL8mBv5-BHw,1
UCA93ym2TXs_Ibyxb4Vcn-6Q,UCL13XhnRzbGokEkCkEOb0-g,1
UCA93ym2TXs_Ibyxb4Vcn-6Q,UCL1MT278vSaQ83ZDkVWn1gw,1
UCA93ym2TXs_Ibyxb4Vcn-6Q,UCLFdHr9BEbXHkoJopbEPLZw,1
UCA93ym2TXs_Ibyxb4Vcn-6Q,UCLggDc_a5HriXv7I1h02sOA,1
UCA93ym2TXs_Ibyxb4Vcn-6Q,UCN6qbfPSzFtjhqUDZ3Cv3CQ,1
UCA93ym2TXs_Ibyxb4Vcn-6Q,UCNBnKqWf4d-rS4HwJRQljmQ,1
UCA93ym2TXs_Ibyxb4Vcn-6Q,UCNkcuy42zEwddwEcOd_HpnA,1
UCA93ym2TXs_Ibyxb4Vcn-6Q,UCOLGv5Pf6BF2wFcwUzgcvHg,1
UCA93ym2TXs_Ibyxb4Vcn-6Q,UCOS8ViEkccrTZx2w2ccxotA,1
UCA93ym2TXs_Ibyxb4Vcn-6Q,UCOh6DaZC_x9HASnlRylEMfw,1
UCA93ym2TXs_Ibyxb4Vcn-6Q,UCQ_-LPP8JAbfkc-b1Q6NvWw,1
UCA93ym2TXs_Ibyxb4Vcn-6Q,UCQgYjVngJRfPHDLGB5X6ZjA,1
UCA93ym2TXs_Ibyxb4Vcn-6Q,UCQqetiwzzmRNTM5OWuXarGQ,1
UCA93ym2TXs_Ibyxb4Vcn-6Q,UCQtICyzWmhC5woCtbNgaSmg,1
UCA93ym2TXs_Ibyxb4Vcn-6Q,UCQtSFINs1h6GHkpg9o5kMvg,1
UCA93ym2TXs_Ibyxb4Vcn-6Q,UCRETAiYdh2dL5ZxB0_N1zDA,1
UCA93ym2TXs_Ibyxb4Vcn-6Q,UCRelkU8JiZBytTzebJxaa-w,1
UCA93ym2TXs_Ibyxb4Vcn-6Q,UCRlCV9zSn7avAWh-9_XFWqQ,1
UCA93ym2TXs_Ibyxb4Vcn-6Q,UCSou6a2OuYGSvPjm5psquyA,1
UCA93ym2TXs_Ibyxb4Vcn-6Q,UCTD6q1nyIe3Y7HhqjaMj72w,1
UCA93ym2TXs_Ibyxb4Vcn-6Q,UCTP3O0rMnc8z8v8jaDQwL0w,1
UCA93ym2TXs_Ibyxb4Vcn-6Q,UCThW2XNsAaBKme5PUt7n-Zg,1
UCA93ym2TXs_Ibyxb4Vcn-6Q,UCTwSut16JyAg3mX6LVUNGqA,1
UCA93ym2TXs_Ibyxb4Vcn-6Q,UCTylKrsqkrBKIqubMu_5N0Q,1
UCA93ym2TXs_Ibyxb4Vcn-6Q,UCUIIIPTVDVHAXqhC_5V6lPA,1
UCA93ym2TXs_Ibyxb4Vcn-6Q,UCV0iizTBoOfdAFX_thfI9BA,1
UCA93ym2TXs_Ibyxb4Vcn-6Q,UCWIZUtKJ636y-4TYrNvok0g,1
UCA93ym2TXs_Ibyxb4Vcn-6Q,UCXSkL3ejZ8qWYyF_M7s_QKA,1
UCA93ym2TXs_Ibyxb4Vcn-6Q,UCXXh7yg5KUFIWylTiKVEFKQ,1
UCA93ym2TXs_Ibyxb4Vcn-6Q,UCXgr7vXlRrsaskPdo097kGA,1
UCA93ym2TXs_Ibyxb4Vcn-6Q,UCXr8_5WtGeipe4haOoQDgyQ,1
UCA93ym2TXs_Ibyxb4Vcn-6Q,UCYN4wSQ1Sx4_LurxLlW7MPg,1
UCA93ym2TXs_Ibyxb4Vcn-6Q,UCYwpX26TrCxq8TvbKGRYLXA,1
UCA93ym2TXs_Ibyxb4Vcn-6Q,UCZ51R_9Q9C0c8I3pAWhtmjQ,1
UCA93ym2TXs_Ibyxb4Vcn-6Q,UCZLG9qH0tUjNhEGFIUt0CYw,1
UCA93ym2TXs_Ibyxb4Vcn-6Q,UCcfdg8crmMJwEuLUsAhV7yg,1
UCA93ym2TXs_Ibyxb4Vcn-6Q,UCfM3nrxtTQMY5jFx1v1J4Gg,1
UCA93ym2TXs_Ibyxb4Vcn-6Q,UCgvw7xIdGFupzpt1Y_BFkEA,1
UCA93ym2TXs_Ibyxb4Vcn-6Q,UCh5ESQvtzyHDhCA7XyekCFA,1
UCA93ym2TXs_Ibyxb4Vcn-6Q,UChZknRmJkeGeQk0-mQuhDOg,1
UCA93ym2TXs_Ibyxb4Vcn-6Q,UChep9kVb5gQmpodEEl10Xlg,1
UCA93ym2TXs_Ibyxb4Vcn-6Q,UChgkn5Jt5tWKYMoEOuCjz3Q,1
UCA93ym2TXs_Ibyxb4Vcn-6Q,UChs3tU2BcKOT0CezykvAsGw,1
UCA93ym2TXs_Ibyxb4Vcn-6Q,UCi1b_TRQfgO1Z9O2gNGGWNA,1
UCA93ym2TXs_Ibyxb4Vcn-6Q,UCiGRBf2RNF0WRKhRVT7zFoA,1
UCA93ym2TXs_Ibyxb4Vcn-6Q,UCiMythXHsw7eQEMykCdmMUA,1
UCA93ym2TXs_Ibyxb4Vcn-6Q,UCipetjeiWj4CZB6EbyYziZg,1
UCA93ym2TXs_Ibyxb4Vcn-6Q,UCj-LL25XJnjxepPKCc3NGog,1
UCA93ym2TXs_Ibyxb4Vcn-6Q,UCjSKM9j0Q7HLDr1hD6D-TUw,1
UCA93ym2TXs_Ibyxb4Vcn-6Q,UCjmPuazZJzscrwvk0QR9RVw,1
UCA93ym2TXs_Ibyxb4Vcn-6Q,UCkd9W714-947dEE6ZOEBATA,1
UCA93ym2TXs_Ibyxb4Vcn-6Q,UCl0ekS9Tt0jJGtOEM18S63w,1
UCA93ym2TXs_Ibyxb4Vcn-6Q,UCljDbleJul41G1TzOjOZAVA,1
UCA93ym2TXs_Ibyxb4Vcn-6Q,UCmjppp6ujz3SAnULvP3sZMw,1
UCA93ym2TXs_Ibyxb4Vcn-6Q,UCmvOgzmmXbjUthHy-WJ52hQ,1
UCA93ym2TXs_Ibyxb4Vcn-6Q,UCp4iw5_5SmV9VGTFSNVGOmQ,1
UCA93ym2TXs_Ibyxb4Vcn-6Q,UCpIdtvoFHVLGASGB5ySqIEA,1
UCA93ym2TXs_Ibyxb4Vcn-6Q,UCpl8rF8uv_8uui-QRvuJaRA,1
UCA93ym2TXs_Ibyxb4Vcn-6Q,UCplrIQtaPj6au60_f2-mOYw,1
UCA93ym2TXs_Ibyxb4Vcn-6Q,UCpsKOkt5iWTbenzeuq7dsmQ,1
UCA93ym2TXs_Ibyxb4Vcn-6Q,UCr1emrogPKkKTs_WTtx71xg,1
UCA93ym2TXs_Ibyxb4Vcn-6Q,UCrJn_rbo_ENAdeqneS-RmRw,1
UCA93ym2TXs_Ibyxb4Vcn-6Q,UCsJJAvrVGupdmhOqgtDp8dg,1
UCA93ym2TXs_Ibyxb4Vcn-6Q,UCsSXdJct-nsS8DsABoEsaYA,1
UCA93ym2TXs_Ibyxb4Vcn-6Q,UCsUCN0Yq_UyTvKjOJLmNrnQ,1
UCA93ym2TXs_Ibyxb4Vcn-6Q,UCsjs5Hp_r86x1xbK6FAeqaA,1
UCA93ym2TXs_Ibyxb4Vcn-6Q,UCtNfIBnc5S5DbbQj_yxgJTw,1
UCA93ym2TXs_Ibyxb4Vcn-6Q,UCtUR3_CAiE7fCoZHM6cMfyQ,1
UCA93ym2TXs_Ibyxb4Vcn-6Q,UCueV9cTyTDwgQSec1x2dYgA,1
UCA93ym2TXs_Ibyxb4Vcn-6Q,UCujPF2nBgsTD62nWE3lcpIg,1
UCA93ym2TXs_Ibyxb4Vcn-6Q,UCut6b9S98nv84cVX89PmKzA,1
UCA93ym2TXs_Ibyxb4Vcn-6Q,UCvApqeCbLod-wejtT4CcVuA,1
UCA93ym2TXs_Ibyxb4Vcn-6Q,UCwO2SXr0ggzwg6QWWrr01nQ,1
UCA93ym2TXs_Ibyxb4Vcn-6Q,UCwW2OFy95P7ZBkOPxWkpvYg,1
UCA93ym2TXs_Ibyxb4Vcn-6Q,UCwha8rxULYMVtNwZWeSkE1A,1
UCA93ym2TXs_Ibyxb4Vcn-6Q,UCxff05WuyvwELNITi7bj7UA,1
UCA93ym2TXs_Ibyxb4Vcn-6Q,UCySYJU5kUh7X8gVt9la2ISA,1
UCA93ym2TXs_Ibyxb4Vcn-6Q,UCylqlpsh8ENNM1LqgQ1KbxA,1
UCA93ym2TXs_Ibyxb4Vcn-6Q,UCz3gu01bmjNv0DpRq-K3XYg,1
UCA93ym2TXs_Ibyxb4Vcn-6Q,UCzSfZlOVxBSs5ObD25ywxDQ,1
UCA93ym2TXs_Ibyxb4Vcn-6Q,UCzoL2l5H5eVlorWGH8AZfAg,1
UCAlzM_N6xBlMYmM8EBzX86Q,UCAmtbUiIrUIhikru0ZoTFig,1
UCAlzM_N6xBlMYmM8EBzX86Q,UCB5p8a5gklc80jJItP6xTHg,1
UCAlzM_N6xBlMYmM8EBzX86Q,UCCaYwkkbQGcvFoUmothVdQQ,1
UCAlzM_N6xBlMYmM8EBzX86Q,UCDIMztpVm7G27qBuiWuT6oQ,1
UCAlzM_N6xBlMYmM8EBzX86Q,UCDPWkUX3sNNaCx-m1dV4glA,1
UCAlzM_N6xBlMYmM8EBzX86Q,UCDQaQv0hr2SS_PO-CMEwVHg,1
UCAlzM_N6xBlMYmM8EBzX86Q,UCDUffaruH6dyUnUGwsTKpgg,1
UCAlzM_N6xBlMYmM8EBzX86Q,UCDftMWXQoJ6nONfY7GVOVjg,1
UCAlzM_N6xBlMYmM8EBzX86Q,UCDlr1VadSucIZgZ171pRBjQ,1
UCAlzM_N6xBlMYmM8EBzX86Q,UCEgEQmRbtL5fwr9_DqAC--g,1
UCAlzM_N6xBlMYmM8EBzX86Q,UCErZPJpHmLCsXs8ZWkAUupQ,1
UCAlzM_N6xBlMYmM8EBzX86Q,UCFUuDARXdmmIrLppEqf-rFg,1
UCAlzM_N6xBlMYmM8EBzX86Q,UCFhxtoeARHPnXXPcDrOU3Xg,1
UCAlzM_N6xBlMYmM8EBzX86Q,UCFjudnPLoaSL1BaRuLahyHg,1
UCAlzM_N6xBlMYmM8EBzX86Q,UCFoIAE8k82D6AV-8gjjKaNg,1
UCAlzM_N6xBlMYmM8EBzX86Q,UCFxE8GbokBrBsPEKM1xrOjQ,1
UCAlzM_N6xBlMYmM8EBzX86Q,UCGzXwyCzMzGmjmCbH3Hg01Q,1
UCAlzM_N6xBlMYmM8EBzX86Q,UCHTGCgY2l-DQJIvlA_cpa_Q,1
UCAlzM_N6xBlMYmM8EBzX86Q,UCHhHUjaMAZ8SiXdCUCj9DkQ,1
UCAlzM_N6xBlMYmM8EBzX86Q,UCKDR0f2fu2UzWL8mBv5-BHw,1
UCAlzM_N6xBlMYmM8EBzX86Q,UCL13XhnRzbGokEkCkEOb0-g,1
UCAlzM_N6xBlMYmM8EBzX86Q,UCL1MT278vSaQ83ZDkVWn1gw,1
UCAlzM_N6xBlMYmM8EBzX86Q,UCLFdHr9BEbXHkoJopbEPLZw,1
UCAlzM_N6xBlMYmM8EBzX86Q,UCLggDc_a5HriXv7I1h02sOA,1
UCAlzM_N6xBlMYmM8EBzX86Q,UCN6qbfPSzFtjhqUDZ3Cv3CQ,1
UCAlzM_N6xBlMYmM8EBzX86Q,UCNBnKqWf4d-rS4HwJRQljmQ,1
UCAlzM_N6xBlMYmM8EBzX86Q,UCNkcuy42zEwddwEcOd_HpnA,1
UCAlzM_N6xBlMYmM8EBzX86Q,UCOLGv5Pf6BF2wFcwUzgcvHg,1
UCAlzM_N6xBlMYmM8EBzX86Q,UCOS8ViEkccrTZx2w2ccxotA,1
UCAlzM_N6xBlMYmM8EBzX86Q,UCOh6DaZC_x9HASnlRylEMfw,1
UCAlzM_N6xBlMYmM8EBzX86Q,UCQ_-LPP8JAbfkc-b1Q6NvWw,1
UCAlzM_N6xBlMYmM8EBzX86Q,UCQgYjVngJRfPHDLGB5X6ZjA,1
UCAlzM_N6xBlMYmM8EBzX86Q,UCQqetiwzzmRNTM5OWuXarGQ,1
UCAlzM_N6xBlMYmM8EBzX86Q,UCQtICyzWmhC5woCtbNgaSmg,1
UCAlzM_N6xBlMYmM8EBzX86Q,UCQtSFINs1h6GHkpg9o5kMvg,1
UCAlzM_N6xBlMYmM8EBzX86Q,UCRETAiYdh2dL5ZxB0_N1zDA,1
UCAlzM_N6xBlMYmM8EBzX86Q,UCRelkU8JiZBytTzebJxaa-w,1
UCAlzM_N6xBlMYmM8EBzX86Q,UCRlCV9zSn7avAWh-9_XFWqQ,1
UCAlzM_N6xBlMYmM8EBzX86Q,UCSou6a2OuYGSvPjm5psquyA,1
UCAlzM_N6xBlMYmM8EBzX86Q,UCTD6q1nyIe3Y7HhqjaMj72w,1
UCAlzM_N6xBlMYmM8EBzX86Q,UCTP3O0rMnc8z8v8jaDQwL0w,1
UCAlzM_N6xBlMYmM8EBzX86Q,UCThW2XNsAaBKme5PUt7n-Zg,1
UCAlzM_N6xBlMYmM8EBzX86Q,UCTwSut16JyAg3mX6LVUNGqA,1
UCAlzM_N6xBlMYmM8EBzX86Q,UCTylKrsqkrBKIqubMu_5N0Q,1
UCAlzM_N6xBlMYmM8EBzX86Q,UCUIIIPTVDVHAXqhC_5V6lPA,1
UCAlzM_N6xBlMYmM8EBzX86Q,UCV0iizTBoOfdAFX_thfI9BA,1
UCAlzM_N6xBlMYmM8EBzX86Q,UCWIZUtKJ636y-4TYrNvok0g,1
UCAlzM_N6xBlMYmM8EBzX86Q,UCXSkL3ejZ8qWYyF_M7s_QKA,1
UCAlzM_N6xBlMYmM8EBzX86Q,UCXXh7yg5KUFIWylTiKVEFKQ,1
UCAlzM_N6xBlMYmM8EBzX86Q,UCXgr7vXlRrsaskPdo097kGA,1
UCAlzM_N6xBlMYmM8EBzX86Q,UCXr8_5WtGeipe4haOoQDgyQ,1
UCAlzM_N6xBlMYmM8EBzX86Q,UCYN4wSQ1Sx4_LurxLlW7MPg,1
UCAlzM_N6xBlMYmM8EBzX86Q,UCYwpX26TrCxq8TvbKGRYLXA,1
UCAlzM_N6xBlMYmM8EBzX86Q,UCZ51R_9Q9C0c8I3pAWhtmjQ,1
UCAlzM_N6xBlMYmM8EBzX86Q,UCZLG9qH0tUjNhEGFIUt0CYw,1
UCAlzM_N6xBlMYmM8EBzX86Q,UCcfdg8crmMJwEuLUsAhV7yg,1
UCAlzM_N6xBlMYmM8EBzX86Q,UCfM3nrxtTQMY5jFx1v1J4Gg,1
UCAlzM_N6xBlMYmM8EBzX86Q,UCgvw7xIdGFupzpt1Y_BFkEA,1
UCAlzM_N6xBlMYmM8EBzX86Q,UCh5ESQvtzyHDhCA7XyekCFA,1
UCAlzM_N6xBlMYmM8EBzX86Q,UChZknRmJkeGeQk0-mQuhDOg,1
UCAlzM_N6xBlMYmM8EBzX86Q,UChep9kVb5gQmpodEEl10Xlg,1
UCAlzM_N6xBlMYmM8EBzX86Q,UChgkn5Jt5tWKYMoEOuCjz3Q,1
UCAlzM_N6xBlMYmM8EBzX86Q,UChs3tU2BcKOT0CezykvAsGw,1
UCAlzM_N6xBlMYmM8EBzX86Q,UCi1b_TRQfgO1Z9O2gNGGWNA,1
UCAlzM_N6xBlMYmM8EBzX86Q,UCiGRBf2RNF0WRKhRVT7zFoA,1
UCAlzM_N6xBlMYmM8EBzX86Q,UCiMythXHsw7eQEMykCdmMUA,1
UCAlzM_N6xBlMYmM8EBzX86Q,UCipetjeiWj4CZB6EbyYziZg,1
UCAlzM_N6xBlMYmM8EBzX86Q,UCj-LL25XJnjxepPKCc3NGog,1
UCAlzM_N6xBlMYmM8EBzX86Q,UCjSKM9j0Q7HLDr1hD6D-TUw,1
UCAlzM_N6xBlMYmM8EBzX86Q,UCjmPuazZJzscrwvk0QR9RVw,1
UCAlzM_N6xBlMYmM8EBzX86Q,UCkd9W714-947dEE6ZOEBATA,1
UCAlzM_N6xBlMYmM8EBzX86Q,UCl0ekS9Tt0jJGtOEM18S63w,1
UCAlzM_N6xBlMYmM8EBzX86Q,UCljDbleJul41G1TzOjOZAVA,1
UCAlzM_N6xBlMYmM8EBzX86Q,UCmjppp6ujz3SAnULvP3sZMw,1
UCAlzM_N6xBlMYmM8EBzX86Q,UCmvOgzmmXbjUthHy-WJ52hQ,1
UCAlzM_N6xBlMYmM8EBzX86Q,UCp4iw5_5SmV9VGTFSNVGOmQ,1
UCAlzM_N6xBlMYmM8EBzX86Q,UCpIdtvoFHVLGASGB5ySqIEA,1
UCAlzM_N6xBlMYmM8EBzX86Q,UCpl8rF8uv_8uui-QRvuJaRA,1
UCAlzM_N6xBlMYmM8EBzX86Q,UCplrIQtaPj6au60_f2-mOYw,1
UCAlzM_N6xBlMYmM8EBzX86Q,UCpsKOkt5iWTbenzeuq7dsmQ,1
UCAlzM_N6xBlMYmM8EBzX86Q,UCr1emrogPKkKTs_WTtx71xg,1
UCAlzM_N6xBlMYmM8EBzX86Q,UCrJn_rbo_ENAdeqneS-RmRw,1
UCAlzM_N6xBlMYmM8EBzX86Q,UCsJJAvrVGupdmhOqgtDp8dg,1
UCAlzM_N6xBlMYmM8EBzX86Q,UCsSXdJct-nsS8DsABoEsaYA,1
UCAlzM_N6xBlMYmM8EBzX86Q,UCsUCN0Yq_UyTvKjOJLmNrnQ,1
UCAlzM_N6xBlMYmM8EBzX86Q,UCsjs5Hp_r86x1xbK6FAeqaA,1
UCAlzM_N6xBlMYmM8EBzX86Q,UCtNfIBnc5S5DbbQj_yxgJTw,1
UCAlzM_N6xBlMYmM8EBzX86Q,UCtUR3_CAiE7fCoZHM6cMfyQ,1
UCAlzM_N6xBlMYmM8EBzX86Q,UCueV9cTyTDwgQSec1x2dYgA,1
UCAlzM_N6xBlMYmM8EBzX86Q,UCujPF2nBgsTD62nWE3lcpIg,1
UCAlzM_N6xBlMYmM8EBzX86Q,UCut6b9S98nv84cVX89PmKzA,1
UCAlzM_N6xBlMYmM8EBzX86Q,UCvApqeCbLod-wejtT4CcVuA,1
UCAlzM_N6xBlMYmM8EBzX86Q,UCwO2SXr0ggzwg6QWWrr01nQ,1
UCAlzM_N6xBlMYmM8EBzX86Q,UCwW2OFy95P7ZBkOPxWkpvYg,1
UCAlzM_N6xBlMYmM8EBzX86Q,UCwha8rxULYMVtNwZWeSkE1A,1
UCAlzM_N6xBlMYmM8EBzX86Q,UCxff05WuyvwELNITi7bj7UA,1
UCAlzM_N6xBlMYmM8EBzX86Q,UCySYJU5kUh7X8gVt9la2ISA,1
UCAlzM_N6xBlMYmM8EBzX86Q,UCylqlpsh8ENNM1LqgQ1KbxA,1
UCAlzM_N6xBlMYmM8EBzX86Q,UCz3gu01bmjNv0DpRq-K3XYg,1
UCAlzM_N6xBlMYmM8EBzX86Q,UCzSfZlOVxBSs5ObD25ywxDQ,1
UCAlzM_N6xBlMYmM8EBzX86Q,UCzoL2l5H5eVlorWGH8AZfAg,1
UCAmtbUiIrUIhikru0ZoTFig,UCB5p8a5gklc80jJItP6xTHg,1
UCAmtbUiIrUIhikru0ZoTFig,UCCaYwkkbQGcvFoUmothVdQQ,1
UCAmtbUiIrUIhikru0ZoTFig,UCDIMztpVm7G27qBuiWuT6oQ,1
UCAmtbUiIrUIhikru0ZoTFig,UCDPWkUX3sNNaCx-m1dV4glA,1
UCAmtbUiIrUIhikru0ZoTFig,UCDQaQv0hr2SS_PO-CMEwVHg,1
UCAmtbUiIrUIhikru0ZoTFig,UCDUffaruH6dyUnUGwsTKpgg,1
UCAmtbUiIrUIhikru0ZoTFig,UCDftMWXQoJ6nONfY7GVOVjg,1
UCAmtbUiIrUIhikru0ZoTFig,UCDlr1VadSucIZgZ171pRBjQ,1
UCAmtbUiIrUIhikru0ZoTFig,UCEgEQmRbtL5fwr9_DqAC--g,1
UCAmtbUiIrUIhikru0ZoTFig,UCErZPJpHmLCsXs8ZWkAUupQ,1
UCAmtbUiIrUIhikru0ZoTFig,UCFUuDARXdmmIrLppEqf-rFg,1
UCAmtbUiIrUIhikru0ZoTFig,UCFhxtoeARHPnXXPcDrOU3Xg,1
UCAmtbUiIrUIhikru0ZoTFig,UCFjudnPLoaSL1BaRuLahyHg,1
UCAmtbUiIrUIhikru0ZoTFig,UCFoIAE8k82D6AV-8gjjKaNg,1
UCAmtbUiIrUIhikru0ZoTFig,UCFxE8GbokBrBsPEKM1xrOjQ,1
UCAmtbUiIrUIhikru0ZoTFig,UCGzXwyCzMzGmjmCbH3Hg01Q,1
UCAmtbUiIrUIhikru0ZoTFig,UCHTGCgY2l-DQJIvlA_cpa_Q,1
UCAmtbUiIrUIhikru0ZoTFig,UCHhHUjaMAZ8SiXdCUCj9DkQ,1
UCAmtbUiIrUIhikru0ZoTFig,UCKDR0f2fu2UzWL8mBv5-BHw,1
UCAmtbUiIrUIhikru0ZoTFig,UCL13XhnRzbGokEkCkEOb0-g,1
UCAmtbUiIrUIhikru0ZoTFig,UCL1MT278vSaQ83ZDkVWn1gw,1
UCAmtbUiIrUIhikru0ZoTFig,UCLFdHr9BEbXHkoJopbEPLZw,1
UCAmtbUiIrUIhikru0ZoTFig,UCLggDc_a5HriXv7I1h02sOA,1
UCAmtbUiIrUIhikru0ZoTFig,UCN6qbfPSzFtjhqUDZ3Cv3CQ,1
UCAmtbUiIrUIhikru0ZoTFig,UCNBnKqWf4d-rS4HwJRQljmQ,1
UCAmtbUiIrUIhikru0ZoTFig,UCNkcuy42zEwddwEcOd_HpnA,1
UCAmtbUiIrUIhikru0ZoTFig,UCOLGv5Pf6BF2wFcwUzgcvHg,1
UCAmtbUiIrUIhikru0ZoTFig,UCOS8ViEkccrTZx2w2ccxotA,1
UCAmtbUiIrUIhikru0ZoTFig,UCOh6DaZC_x9HASnlRylEMfw,1
UCAmtbUiIrUIhikru0ZoTFig,UCQ_-LPP8JAbfkc-b1Q6NvWw,1
UCAmtbUiIrUIhikru0ZoTFig,UCQgYjVngJRfPHDLGB5X6ZjA,1
UCAmtbUiIrUIhikru0ZoTFig,UCQqetiwzzmRNTM5OWuXarGQ,1
UCAmtbUiIrUIhikru0ZoTFig,UCQtICyzWmhC5woCtbNgaSmg,1
UCAmtbUiIrUIhikru0ZoTFig,UCQtSFINs1h6GHkpg9o5kMvg,1
UCAmtbUiIrUIhikru0ZoTFig,UCRETAiYdh2dL5ZxB0_N1zDA,1
UCAmtbUiIrUIhikru0ZoTFig,UCRelkU8JiZBytTzebJxaa-w,1
UCAmtbUiIrUIhikru0ZoTFig,UCRlCV9zSn7avAWh-9_XFWqQ,1
UCAmtbUiIrUIhikru0ZoTFig,UCSou6a2OuYGSvPjm5psquyA,1
UCAmtbUiIrUIhikru0ZoTFig,UCTD6q1nyIe3Y7HhqjaMj72w,1
UCAmtbUiIrUIhikru0ZoTFig,UCTP3O0rMnc8z8v8jaDQwL0w,1
UCAmtbUiIrUIhikru0ZoTFig,UCThW2XNsAaBKme5PUt7n-Zg,1
UCAmtbUiIrUIhikru0ZoTFig,UCTwSut16JyAg3mX6LVUNGqA,1
UCAmtbUiIrUIhikru0ZoTFig,UCTylKrsqkrBKIqubMu_5N0Q,1
UCAmtbUiIrUIhikru0ZoTFig,UCUIIIPTVDVHAXqhC_5V6lPA,1
UCAmtbUiIrUIhikru0ZoTFig,UCV0iizTBoOfdAFX_thfI9BA,1
UCAmtbUiIrUIhikru0ZoTFig,UCWIZUtKJ636y-4TYrNvok0g,1
UCAmtbUiIrUIhikru0ZoTFig,UCXSkL3ejZ8qWYyF_M7s_QKA,1
UCAmtbUiIrUIhikru0ZoTFig,UCXXh7yg5KUFIWylTiKVEFKQ,1
UCAmtbUiIrUIhikru0ZoTFig,UCXgr7vXlRrsaskPdo097kGA,1
UCAmtbUiIrUIhikru0ZoTFig,UCXr8_5WtGeipe4haOoQDgyQ,1
UCAmtbUiIrUIhikru0ZoTFig,UCYN4wSQ1Sx4_LurxLlW7MPg,1
UCAmtbUiIrUIhikru0ZoTFig,UCYwpX26TrCxq8TvbKGRYLXA,1
UCAmtbUiIrUIhikru0ZoTFig,UCZ51R_9Q9C0c8I3pAWhtmjQ,1
UCAmtbUiIrUIhikru0ZoTFig,UCZLG9qH0tUjNhEGFIUt0CYw,1
UCAmtbUiIrUIhikru0ZoTFig,UCcfdg8crmMJwEuLUsAhV7yg,1
UCAmtbUiIrUIhikru0ZoTFig,UCfM3nrxtTQMY5jFx1v1J4Gg,1
UCAmtbUiIrUIhikru0ZoTFig,UCgvw7xIdGFupzpt1Y_BFkEA,1
UCAmtbUiIrUIhikru0ZoTFig,UCh5ESQvtzyHDhCA7XyekCFA,1
UCAmtbUiIrUIhikru0ZoTFig,UChZknRmJkeGeQk0-mQuhDOg,1
UCAmtbUiIrUIhikru0ZoTFig,UChep9kVb5gQmpodEEl10Xlg,1
UCAmtbUiIrUIhikru0ZoTFig,UChgkn5Jt5tWKYMoEOuCjz3Q,1
UCAmtbUiIrUIhikru0ZoTFig,UChs3tU2BcKOT0CezykvAsGw,1
UCAmtbUiIrUIhikru0ZoTFig,UCi1b_TRQfgO1Z9O2gNGGWNA,1
UCAmtbUiIrUIhikru0ZoTFig,UCiGRBf2RNF0WRKhRVT7zFoA,1
UCAmtbUiIrUIhikru0ZoTFig,UCiMythXHsw7eQEMykCdmMUA,1
UCAmtbUiIrUIhikru0ZoTFig,UCipetjeiWj4CZB6EbyYziZg,1
UCAmtbUiIrUIhikru0ZoTFig,UCj-LL25XJnjxepPKCc3NGog,1
UCAmtbUiIrUIhikru0ZoTFig,UCjSKM9j0Q7HLDr1hD6D-TUw,1
UCAmtbUiIrUIhikru0ZoTFig,UCjmPuazZJzscrwvk0QR9RVw,1
UCAmtbUiIrUIhikru0ZoTFig,UCkd9W714-947dEE6ZOEBATA,1
UCAmtbUiIrUIhikru0ZoTFig,UCl0ekS9Tt0jJGtOEM18S63w,1
UCAmtbUiIrUIhikru0ZoTFig,UCljDbleJul41G1TzOjOZAVA,1
UCAmtbUiIrUIhikru0ZoTFig,UCmjppp6ujz3SAnULvP3sZMw,1
UCAmtbUiIrUIhikru0ZoTFig,UCmvOgzmmXbjUthHy-WJ52hQ,1
UCAmtbUiIrUIhikru0ZoTFig,UCp4iw5_5SmV9VGTFSNVGOmQ,1
UCAmtbUiIrUIhikru0ZoTFig,UCpIdtvoFHVLGASGB5ySqIEA,1
UCAmtbUiIrUIhikru0ZoTFig,UCpl8rF8uv_8uui-QRvuJaRA,1
UCAmtbUiIrUIhikru0ZoTFig,UCplrIQtaPj6au60_f2-mOYw,1
UCAmtbUiIrUIhikru0ZoTFig,UCpsKOkt5iWTbenzeuq7dsmQ,1
UCAmtbUiIrUIhikru0ZoTFig,UCr1emrogPKkKTs_WTtx71xg,1
UCAmtbUiIrUIhikru0ZoTFig,UCrJn_rbo_ENAdeqneS-RmRw,1
UCAmtbUiIrUIhikru0ZoTFig,UCsJJAvrVGupdmhOqgtDp8dg,1
UCAmtbUiIrUIhikru0ZoTFig,UCsSXdJct-nsS8DsABoEsaYA,1
UCAmtbUiIrUIhikru0ZoTFig,UCsUCN0Yq_UyTvKjOJLmNrnQ,1
UCAmtbUiIrUIhikru0ZoTFig,UCsjs5Hp_r86x1xbK6FAeqaA,1
UCAmtbUiIrUIhikru0ZoTFig,UCtNfIBnc5S5DbbQj_yxgJTw,1
UCAmtbUiIrUIhikru0ZoTFig,UCtUR3_CAiE7fCoZHM6cMfyQ,1
UCAmtbUiIrUIhikru0ZoTFig,UCueV9cTyTDwgQSec1x2dYgA,1
UCAmtbUiIrUIhikru0ZoTFig,UCujPF2nBgsTD62nWE3lcpIg,1
UCAmtbUiIrUIhikru0ZoTFig,UCut6b9S98nv84cVX89PmKzA,1
UCAmtbUiIrUIhikru0ZoTFig,UCvApqeCbLod-wejtT4CcVuA,1
UCAmtbUiIrUIhikru0ZoTFig,UCwO2SXr0ggzwg6QWWrr01nQ,1
UCAmtbUiIrUIhikru0ZoTFig,UCwW2OFy95P7ZBkOPxWkpvYg,1
UCAmtbUiIrUIhikru0ZoTFig,UCwha8rxULYMVtNwZWeSkE1A,1
UCAmtbUiIrUIhikru0ZoTFig,UCxff05WuyvwELNITi7bj7UA,1
UCAmtbUiIrUIhikru0ZoTFig,UCySYJU5kUh7X8gVt9la2ISA,1
UCAmtbUiIrUIhikru0ZoTFig,UCylqlpsh8ENNM1LqgQ1KbxA,1
UCAmtbUiIrUIhikru0ZoTFig,UCz3gu01bmjNv0DpRq-K3XYg,1
UCAmtbUiIrUIhikru0ZoTFig,UCzSfZlOVxBSs5ObD25ywxDQ,1
UCAmtbUiIrUIhikru0ZoTFig,UCzoL2l5H5eVlorWGH8AZfAg,1
UCB5p8a5gklc80jJItP6xTHg,UCCaYwkkbQGcvFoUmothVdQQ,1
UCB5p8a5gklc80jJItP6xTHg,UCDIMztpVm7G27qBuiWuT6oQ,1
UCB5p8a5gklc80jJItP6xTHg,UCDPWkUX3sNNaCx-m1dV4glA,1
UCB5p8a5gklc80jJItP6xTHg,UCDQaQv0hr2SS_PO-CMEwVHg,1
UCB5p8a5gklc80jJItP6xTHg,UCDUffaruH6dyUnUGwsTKpgg,1
UCB5p8a5gklc80jJItP6xTHg,UCDftMWXQoJ6nONfY7GVOVjg,1
UCB5p8a5gklc80jJItP6xTHg,UCDlr1VadSucIZgZ171pRBjQ,1
UCB5p8a5gklc80jJItP6xTHg,UCEgEQmRbtL5fwr9_DqAC--g,1
UCB5p8a5gklc80jJItP6xTHg,UCErZPJpHmLCsXs8ZWkAUupQ,1
UCB5p8a5gklc80jJItP6xTHg,UCFUuDARXdmmIrLppEqf-rFg,1
UCB5p8a5gklc80jJItP6xTHg,UCFhxtoeARHPnXXPcDrOU3Xg,1
UCB5p8a5gklc80jJItP6xTHg,UCFjudnPLoaSL1BaRuLahyHg,1
UCB5p8a5gklc80jJItP6xTHg,UCFoIAE8k82D6AV-8gjjKaNg,1
UCB5p8a5gklc80jJItP6xTHg,UCFxE8GbokBrBsPEKM1xrOjQ,1
UCB5p8a5gklc80jJItP6xTHg,UCGzXwyCzMzGmjmCbH3Hg01Q,1
UCB5p8a5gklc80jJItP6xTHg,UCHTGCgY2l-DQJIvlA_cpa_Q,1
UCB5p8a5gklc80jJItP6xTHg,UCHhHUjaMAZ8SiXdCUCj9DkQ,1
UCB5p8a5gklc80jJItP6xTHg,UCKDR0f2fu2UzWL8mBv5-BHw,1
UCB5p8a5gklc80jJItP6xTHg,UCL13XhnRzbGokEkCkEOb0-g,1
UCB5p8a5gklc80jJItP6xTHg,UCL1MT278vSaQ83ZDkVWn1gw,1
UCB5p8a5gklc80jJItP6xTHg,UCLFdHr9BEbXHkoJopbEPLZw,1
UCB5p8a5gklc80jJItP6xTHg,UCLggDc_a5HriXv7I1h02sOA,1
UCB5p8a5gklc80jJItP6xTHg,UCN6qbfPSzFtjhqUDZ3Cv3CQ,1
UCB5p8a5gklc80jJItP6xTHg,UCNBnKqWf4d-rS4HwJRQljmQ,1
UCB5p8a5gklc80jJItP6xTHg,UCNkcuy42zEwddwEcOd_HpnA,1
UCB5p8a5gklc80jJItP6xTHg,UCOLGv5Pf6BF2wFcwUzgcvHg,1
UCB5p8a5gklc80jJItP6xTHg,UCOS8ViEkccrTZx2w2ccxotA,1
UCB5p8a5gklc80jJItP6xTHg,UCOh6DaZC_x9HASnlRylEMfw,1
UCB5p8a5gklc80jJItP6xTHg,UCQ_-LPP8JAbfkc-b1Q6NvWw,1
UCB5p8a5gklc80jJItP6xTHg,UCQgYjVngJRfPHDLGB5X6ZjA,1
UCB5p8a5gklc80jJItP6xTHg,UCQqetiwzzmRNTM5OWuXarGQ,1
UCB5p8a5gklc80jJItP6xTHg,UCQtICyzWmhC5woCtbNgaSmg,1
UCB5p8a5gklc80jJItP6xTHg,UCQtSFINs1h6GHkpg9o5kMvg,1
UCB5p8a5gklc80jJItP6xTHg,UCRETAiYdh2dL5ZxB0_N1zDA,1
UCB5p8a5gklc80jJItP6xTHg,UCRelkU8JiZBytTzebJxaa-w,1
UCB5p8a5gklc80jJItP6xTHg,UCRlCV9zSn7avAWh-9_XFWqQ,1
UCB5p8a5gklc80jJItP6xTHg,UCSou6a2OuYGSvPjm5psquyA,1
UCB5p8a5gklc80jJItP6xTHg,UCTD6q1nyIe3Y7HhqjaMj72w,1
UCB5p8a5gklc80jJItP6xTHg,UCTP3O0rMnc8z8v8jaDQwL0w,1
UCB5p8a5gklc80jJItP6xTHg,UCThW2XNsAaBKme5PUt7n-Zg,1
UCB5p8a5gklc80jJItP6xTHg,UCTwSut16JyAg3mX6LVUNGqA,1
UCB5p8a5gklc80jJItP6xTHg,UCTylKrsqkrBKIqubMu_5N0Q,1
UCB5p8a5gklc80jJItP6xTHg,UCUIIIPTVDVHAXqhC_5V6lPA,1
UCB5p8a5gklc80jJItP6xTHg,UCV0iizTBoOfdAFX_thfI9BA,1
UCB5p8a5gklc80jJItP6xTHg,UCWIZUtKJ636y-4TYrNvok0g,1
UCB5p8a5gklc80jJItP6xTHg,UCXSkL3ejZ8qWYyF_M7s_QKA,1
UCB5p8a5gklc80jJItP6xTHg,UCXXh7yg5KUFIWylTiKVEFKQ,1
UCB5p8a5gklc80jJItP6xTHg,UCXgr7vXlRrsaskPdo097kGA,1
UCB5p8a5gklc80jJItP6xTHg,UCXr8_5WtGeipe4haOoQDgyQ,1
UCB5p8a5gklc80jJItP6xTHg,UCYN4wSQ1Sx4_LurxLlW7MPg,1
UCB5p8a5gklc80jJItP6xTHg,UCYwpX26TrCxq8TvbKGRYLXA,1
UCB5p8a5gklc80jJItP6xTHg,UCZ51R_9Q9C0c8I3pAWhtmjQ,1
UCB5p8a5gklc80jJItP6xTHg,UCZLG9qH0tUjNhEGFIUt0CYw,1
UCB5p8a5gklc80jJItP6xTHg,UCcfdg8crmMJwEuLUsAhV7yg,1
UCB5p8a5gklc80jJItP6xTHg,UCfM3nrxtTQMY5jFx1v1J4Gg,1
UCB5p8a5gklc80jJItP6xTHg,UCgvw7xIdGFupzpt1Y_BFkEA,1
UCB5p8a5gklc80jJItP6xTHg,UCh5ESQvtzyHDhCA7XyekCFA,1
UCB5p8a5gklc80jJItP6xTHg,UChZknRmJkeGeQk0-mQuhDOg,1
UCB5p8a5gklc80jJItP6xTHg,UChep9kVb5gQmpodEEl10Xlg,1
UCB5p8a5gklc80jJItP6xTHg,UChgkn5Jt5tWKYMoEOuCjz3Q,1
UCB5p8a5gklc80jJItP6xTHg,UChs3tU2BcKOT0CezykvAsGw,1
UCB5p8a5gklc80jJItP6xTHg,UCi1b_TRQfgO1Z9O2gNGGWNA,1
UCB5p8a5gklc80jJItP6xTHg,UCiGRBf2RNF0WRKhRVT7zFoA,1
UCB5p8a5gklc80jJItP6xTHg,UCiMythXHsw7eQEMykCdmMUA,1
UCB5p8a5gklc80jJItP6xTHg,UCipetjeiWj4CZB6EbyYziZg,1
UCB5p8a5gklc80jJItP6xTHg,UCj-LL25XJnjxepPKCc3NGog,1
UCB5p8a5gklc80jJItP6xTHg,UCjSKM9j0Q7HLDr1hD6D-TUw,1
UCB5p8a5gklc80jJItP6xTHg,UCjmPuazZJzscrwvk0QR9RVw,1
UCB5p8a5gklc80jJItP6xTHg,UCkd9W714-947dEE6ZOEBATA,1
UCB5p8a5gklc80jJItP6xTHg,UCl0ekS9Tt0jJGtOEM18S63w,1
UCB5p8a5gklc80jJItP6xTHg,UCljDbleJul41G1TzOjOZAVA,1
UCB5p8a5gklc80jJItP6xTHg,UCmjppp6ujz3SAnULvP3sZMw,1
UCB5p8a5gklc80jJItP6xTHg,UCmvOgzmmXbjUthHy-WJ52hQ,1
UCB5p8a5gklc80jJItP6xTHg,UCp4iw5_5SmV9VGTFSNVGOmQ,1
UCB5p8a5gklc80jJItP6xTHg,UCpIdtvoFHVLGASGB5ySqIEA,1
UCB5p8a5gklc80jJItP6xTHg,UCpl8rF8uv_8uui-QRvuJaRA,1
UCB5p8a5gklc80jJItP6xTHg,UCplrIQtaPj6au60_f2-mOYw,1
UCB5p8a5gklc80jJItP6xTHg,UCpsKOkt5iWTbenzeuq7dsmQ,1
UCB5p8a5gklc80jJItP6xTHg,UCr1emrogPKkKTs_WTtx71xg,1
UCB5p8a5gklc80jJItP6xTHg,UCrJn_rbo_ENAdeqneS-RmRw,1
UCB5p8a5gklc80jJItP6xTHg,UCsJJAvrVGupdmhOqgtDp8dg,1
UCB5p8a5gklc80jJItP6xTHg,UCsSXdJct-nsS8DsABoEsaYA,1
UCB5p8a5gklc80jJItP6xTHg,UCsUCN0Yq_UyTvKjOJLmNrnQ,1
UCB5p8a5gklc80jJItP6xTHg,UCsjs5Hp_r86x1xbK6FAeqaA,1
UCB5p8a5gklc80jJItP6xTHg,UCtNfIBnc5S5DbbQj_yxgJTw,1
UCB5p8a5gklc80jJItP6xTHg,UCtUR3_CAiE7fCoZHM6cMfyQ,1
UCB5p8a5gklc80jJItP6xTHg,UCueV9cTyTDwgQSec1x2dYgA,1
UCB5p8a5gklc80jJItP6xTHg,UCujPF2nBgsTD62nWE3lcpIg,1
UCB5p8a5gklc80jJItP6xTHg,UCut6b9S98nv84cVX89PmKzA,1
UCB5p8a5gklc80jJItP6xTHg,UCvApqeCbLod-wejtT4CcVuA,1
UCB5p8a5gklc80jJItP6xTHg,UCwO2SXr0ggzwg6QWWrr01nQ,1
UCB5p8a5gklc80jJItP6xTHg,UCwW2OFy95P7ZBkOPxWkpvYg,1
UCB5p8a5gklc80jJItP6xTHg,UCwha8rxULYMVtNwZWeSkE1A,1
UCB5p8a5gklc80jJItP6xTHg,UCxff05WuyvwELNITi7bj7UA,1
UCB5p8a5gklc80jJItP6xTHg,UCySYJU5kUh7X8gVt9la2ISA,1
UCB5p8a5gklc80jJItP6xTHg,UCylqlpsh8ENNM1LqgQ1KbxA,1
UCB5p8a5gklc80jJItP6xTHg,UCz3gu01bmjNv0DpRq-K3XYg,1
UCB5p8a5gklc80jJItP6xTHg,UCzSfZlOVxBSs5ObD25ywxDQ,1
UCB5p8a5gklc80jJItP6xTHg,UCzoL2l5H5eVlorWGH8AZfAg,1
UCCaYwkkbQGcvFoUmothVdQQ,UCDIMztpVm7G27qBuiWuT6oQ,1
UCCaYwkkbQGcvFoUmothVdQQ,UCDPWkUX3sNNaCx-m1dV4glA,1
UCCaYwkkbQGcvFoUmothVdQQ,UCDQaQv0hr2SS_PO-CMEwVHg,1
UCCaYwkkbQGcvFoUmothVdQQ,UCDUffaruH6dyUnUGwsTKpgg,1
UCCaYwkkbQGcvFoUmothVdQQ,UCDftMWXQoJ6nONfY7GVOVjg,1
UCCaYwkkbQGcvFoUmothVdQQ,UCDlr1VadSucIZgZ171pRBjQ,1
UCCaYwkkbQGcvFoUmothVdQQ,UCEgEQmRbtL5fwr9_DqAC--g,1
UCCaYwkkbQGcvFoUmothVdQQ,UCErZPJpHmLCsXs8ZWkAUupQ,1
UCCaYwkkbQGcvFoUmothVdQQ,UCFUuDARXdmmIrLppEqf-rFg,1
UCCaYwkkbQGcvFoUmothVdQQ,UCFhxtoeARHPnXXPcDrOU3Xg,1
UCCaYwkkbQGcvFoUmothVdQQ,UCFjudnPLoaSL1BaRuLahyHg,1
UCCaYwkkbQGcvFoUmothVdQQ,UCFoIAE8k82D6AV-8gjjKaNg,1
UCCaYwkkbQGcvFoUmothVdQQ,UCFxE8GbokBrBsPEKM1xrOjQ,1
UCCaYwkkbQGcvFoUmothVdQQ,UCGzXwyCzMzGmjmCbH3Hg01Q,1
UCCaYwkkbQGcvFoUmothVdQQ,UCHTGCgY2l-DQJIvlA_cpa_Q,1
UCCaYwkkbQGcvFoUmothVdQQ,UCHhHUjaMAZ8SiXdCUCj9DkQ,1
UCCaYwkkbQGcvFoUmothVdQQ,UCKDR0f2fu2UzWL8mBv5-BHw,1
UCCaYwkkbQGcvFoUmothVdQQ,UCL13XhnRzbGokEkCkEOb0-g,1
UCCaYwkkbQGcvFoUmothVdQQ,UCL1MT278vSaQ83ZDkVWn1gw,1
UCCaYwkkbQGcvFoUmothVdQQ,UCLFdHr9BEbXHkoJopbEPLZw,1
UCCaYwkkbQGcvFoUmothVdQQ,UCLggDc_a5HriXv7I1h02sOA,1
UCCaYwkkbQGcvFoUmothVdQQ,UCN6qbfPSzFtjhqUDZ3Cv3CQ,1
UCCaYwkkbQGcvFoUmothVdQQ,UCNBnKqWf4d-rS4HwJRQljmQ,1
UCCaYwkkbQGcvFoUmothVdQQ,UCNkcuy42zEwddwEcOd_HpnA,1
UCCaYwkkbQGcvFoUmothVdQQ,UCOLGv5Pf6BF2wFcwUzgcvHg,1
UCCaYwkkbQGcvFoUmothVdQQ,UCOS8ViEkccrTZx2w2ccxotA,1
UCCaYwkkbQGcvFoUmothVdQQ,UCOh6DaZC_x9HASnlRylEMfw,1
UCCaYwkkbQGcvFoUmothVdQQ,UCQ_-LPP8JAbfkc-b1Q6NvWw,1
UCCaYwkkbQGcvFoUmothVdQQ,UCQgYjVngJRfPHDLGB5X6ZjA,1
UCCaYwkkbQGcvFoUmothVdQQ,UCQqetiwzzmRNTM5OWuXarGQ,1
UCCaYwkkbQGcvFoUmothVdQQ,UCQtICyzWmhC5woCtbNgaSmg,1
UCCaYwkkbQGcvFoUmothVdQQ,UCQtSFINs1h6GHkpg9o5kMvg,1
UCCaYwkkbQGcvFoUmothVdQQ,UCRETAiYdh2dL5ZxB0_N1zDA,1
UCCaYwkkbQGcvFoUmothVdQQ,UCRelkU8JiZBytTzebJxaa-w,1
UCCaYwkkbQGcvFoUmothVdQQ,UCRlCV9zSn7avAWh-9_XFWqQ,1
UCCaYwkkbQGcvFoUmothVdQQ,UCSou6a2OuYGSvPjm5psquyA,1
UCCaYwkkbQGcvFoUmothVdQQ,UCTD6q1nyIe3Y7HhqjaMj72w,1
UCCaYwkkbQGcvFoUmothVdQQ,UCTP3O0rMnc8z8v8jaDQwL0w,1
UCCaYwkkbQGcvFoUmothVdQQ,UCThW2XNsAaBKme5PUt7n-Zg,1
UCCaYwkkbQGcvFoUmothVdQQ,UCTwSut16JyAg3mX6LVUNGqA,1
UCCaYwkkbQGcvFoUmothVdQQ,UCTylKrsqkrBKIqubMu_5N0Q,1
UCCaYwkkbQGcvFoUmothVdQQ,UCUIIIPTVDVHAXqhC_5V6lPA,1
UCCaYwkkbQGcvFoUmothVdQQ,UCV0iizTBoOfdAFX_thfI9BA,1
UCCaYwkkbQGcvFoUmothVdQQ,UCWIZUtKJ636y-4TYrNvok0g,1
UCCaYwkkbQGcvFoUmothVdQQ,UCXSkL3ejZ8qWYyF_M7s_QKA,1
UCCaYwkkbQGcvFoUmothVdQQ,UCXXh7yg5KUFIWylTiKVEFKQ,1
UCCaYwkkbQGcvFoUmothVdQQ,UCXgr7vXlRrsaskPdo097kGA,1
UCCaYwkkbQGcvFoUmothVdQQ,UCXr8_5WtGeipe4haOoQDgyQ,1
UCCaYwkkbQGcvFoUmothVdQQ,UCYN4wSQ1Sx4_LurxLlW7MPg,1
UCCaYwkkbQGcvFoUmothVdQQ,UCYwpX26TrCxq8TvbKGRYLXA,1
UCCaYwkkbQGcvFoUmothVdQQ,UCZ51R_9Q9C0c8I3pAWhtmjQ,1
UCCaYwkkbQGcvFoUmothVdQQ,UCZLG9qH0tUjNhEGFIUt0CYw,1
UCCaYwkkbQGcvFoUmothVdQQ,UCcfdg8crmMJwEuLUsAhV7yg,1
UCCaYwkkbQGcvFoUmothVdQQ,UCfM3nrxtTQMY5jFx1v1J4Gg,1
UCCaYwkkbQGcvFoUmothVdQQ,UCgvw7xIdGFupzpt1Y_BFkEA,1
UCCaYwkkbQGcvFoUmothVdQQ,UCh5ESQvtzyHDhCA7XyekCFA,1
UCCaYwkkbQGcvFoUmothVdQQ,UChZknRmJkeGeQk0-mQuhDOg,1
UCCaYwkkbQGcvFoUmothVdQQ,UChep9kVb5gQmpodEEl10Xlg,1
UCCaYwkkbQGcvFoUmothVdQQ,UChgkn5Jt5tWKYMoEOuCjz3Q,1
UCCaYwkkbQGcvFoUmothVdQQ,UChs3tU2BcKOT0CezykvAsGw,1
UCCaYwkkbQGcvFoUmothVdQQ,UCi1b_TRQfgO1Z9O2gNGGWNA,1
UCCaYwkkbQGcvFoUmothVdQQ,UCiGRBf2RNF0WRKhRVT7zFoA,1
UCCaYwkkbQGcvFoUmothVdQQ,UCiMythXHsw7eQEMykCdmMUA,1
UCCaYwkkbQGcvFoUmothVdQQ,UCipetjeiWj4CZB6EbyYziZg,1
UCCaYwkkbQGcvFoUmothVdQQ,UCj-LL25XJnjxepPKCc3NGog,1
UCCaYwkkbQGcvFoUmothVdQQ,UCjSKM9j0Q7HLDr1hD6D-TUw,1
UCCaYwkkbQGcvFoUmothVdQQ,UCjmPuazZJzscrwvk0QR9RVw,1
UCCaYwkkbQGcvFoUmothVdQQ,UCkd9W714-947dEE6ZOEBATA,1
UCCaYwkkbQGcvFoUmothVdQQ,UCl0ekS9Tt0jJGtOEM18S63w,1
UCCaYwkkbQGcvFoUmothVdQQ,UCljDbleJul41G1TzOjOZAVA,1
UCCaYwkkbQGcvFoUmothVdQQ,UCmjppp6ujz3SAnULvP3sZMw,1
UCCaYwkkbQGcvFoUmothVdQQ,UCmvOgzmmXbjUthHy-WJ52hQ,1
UCCaYwkkbQGcvFoUmothVdQQ,UCp4iw5_5SmV9VGTFSNVGOmQ,1
UCCaYwkkbQGcvFoUmothVdQQ,UCpIdtvoFHVLGASGB5ySqIEA,1
UCCaYwkkbQGcvFoUmothVdQQ,UCpl8rF8uv_8uui-QRvuJaRA,1
UCCaYwkkbQGcvFoUmothVdQQ,UCplrIQtaPj6au60_f2-mOYw,1
UCCaYwkkbQGcvFoUmothVdQQ,UCpsKOkt5iWTbenzeuq7dsmQ,1
UCCaYwkkbQGcvFoUmothVdQQ,UCr1emrogPKkKTs_WTtx71xg,1
UCCaYwkkbQGcvFoUmothVdQQ,UCrJn_rbo_ENAdeqneS-RmRw,1
UCCaYwkkbQGcvFoUmothVdQQ,UCsJJAvrVGupdmhOqgtDp8dg,1
UCCaYwkkbQGcvFoUmothVdQQ,UCsSXdJct-nsS8DsABoEsaYA,1
UCCaYwkkbQGcvFoUmothVdQQ,UCsUCN0Yq_UyTvKjOJLmNrnQ,1
UCCaYwkkbQGcvFoUmothVdQQ,UCsjs5Hp_r86x1xbK6FAeqaA,1
UCCaYwkkbQGcvFoUmothVdQQ,UCtNfIBnc5S5DbbQj_yxgJTw,1
UCCaYwkkbQGcvFoUmothVdQQ,UCtUR3_CAiE7fCoZHM6cMfyQ,1
UCCaYwkkbQGcvFoUmothVdQQ,UCueV9cTyTDwgQSec1x2dYgA,1
UCCaYwkkbQGcvFoUmothVdQQ,UCujPF2nBgsTD62nWE3lcpIg,1
UCCaYwkkbQGcvFoUmothVdQQ,UCut6b9S98nv84cVX89PmKzA,1
UCCaYwkkbQGcvFoUmothVdQQ,UCvApqeCbLod-wejtT4CcVuA,1
UCCaYwkkbQGcvFoUmothVdQQ,UCwO2SXr0ggzwg6QWWrr01nQ,1
UCCaYwkkbQGcvFoUmothVdQQ,UCwW2OFy95P7ZBkOPxWkpvYg,1
UCCaYwkkbQGcvFoUmothVdQQ,UCwha8rxULYMVtNwZWeSkE1A,1
UCCaYwkkbQGcvFoUmothVdQQ,UCxff05WuyvwELNITi7bj7UA,1
UCCaYwkkbQGcvFoUmothVdQQ,UCySYJU5kUh7X8gVt9la2ISA,1
UCCaYwkkbQGcvFoUmothVdQQ,UCylqlpsh8ENNM1LqgQ1KbxA,1
UCCaYwkkbQGcvFoUmothVdQQ,UCz3gu01bmjNv0DpRq-K3XYg,1
UCCaYwkkbQGcvFoUmothVdQQ,UCzSfZlOVxBSs5ObD25ywxDQ,1
UCCaYwkkbQGcvFoUmothVdQQ,UCzoL2l5H5eVlorWGH8AZfAg,1
UCDIMztpVm7G27qBuiWuT6oQ,UCDPWkUX3sNNaCx-m1dV4glA,1
UCDIMztpVm7G27qBuiWuT6oQ,UCDQaQv0hr2SS_PO-CMEwVHg,1
UCDIMztpVm7G27qBuiWuT6oQ,UCDUffaruH6dyUnUGwsTKpgg,1
UCDIMztpVm7G27qBuiWuT6oQ,UCDftMWXQoJ6nONfY7GVOVjg,1
UCDIMztpVm7G27qBuiWuT6oQ,UCDlr1VadSucIZgZ171pRBjQ,1
UCDIMztpVm7G27qBuiWuT6oQ,UCEgEQmRbtL5fwr9_DqAC--g,1
UCDIMztpVm7G27qBuiWuT6oQ,UCErZPJpHmLCsXs8ZWkAUupQ,1
UCDIMztpVm7G27qBuiWuT6oQ,UCFUuDARXdmmIrLppEqf-rFg,1
UCDIMztpVm7G27qBuiWuT6oQ,UCFhxtoeARHPnXXPcDrOU3Xg,1
UCDIMztpVm7G27qBuiWuT6oQ,UCFjudnPLoaSL1BaRuLahyHg,1
UCDIMztpVm7G27qBuiWuT6oQ,UCFoIAE8k82D6AV-8gjjKaNg,1
UCDIMztpVm7G27qBuiWuT6oQ,UCFxE8GbokBrBsPEKM1xrOjQ,1
UCDIMztpVm7G27qBuiWuT6oQ,UCGzXwyCzMzGmjmCbH3Hg01Q,1
UCDIMztpVm7G27qBuiWuT6oQ,UCHTGCgY2l-DQJIvlA_cpa_Q,1
UCDIMztpVm7G27qBuiWuT6oQ,UCHhHUjaMAZ8SiXdCUCj9DkQ,1
UCDIMztpVm7G27qBuiWuT6oQ,UCKDR0f2fu2UzWL8mBv5-BHw,1
UCDIMztpVm7G27qBuiWuT6oQ,UCL13XhnRzbGokEkCkEOb0-g,1
UCDIMztpVm7G27qBuiWuT6oQ,UCL1MT278vSaQ83ZDkVWn1gw,1
UCDIMztpVm7G27qBuiWuT6oQ,UCLFdHr9BEbXHkoJopbEPLZw,1
UCDIMztpVm7G27qBuiWuT6oQ,UCLggDc_a5HriXv7I1h02sOA,1
UCDIMztpVm7G27qBuiWuT6oQ,UCN6qbfPSzFtjhqUDZ3Cv3CQ,1
UCDIMztpVm7G27qBuiWuT6oQ,UCNBnKqWf4d-rS4HwJRQljmQ,1
UCDIMztpVm7G27qBuiWuT6oQ,UCNkcuy42zEwddwEcOd_HpnA,1
UCDIMztpVm7G27qBuiWuT6oQ,UCOLGv5Pf6BF2wFcwUzgcvHg,1
UCDIMztpVm7G27qBuiWuT6oQ,UCOS8ViEkccrTZx2w2ccxotA,1
UCDIMztpVm7G27qBuiWuT6oQ,UCOh6DaZC_x9HASnlRylEMfw,1
UCDIMztpVm7G27qBuiWuT6oQ,UCQ_-LPP8JAbfkc-b1Q6NvWw,1
UCDIMztpVm7G27qBuiWuT6oQ,UCQgYjVngJRfPHDLGB5X6ZjA,1
UCDIMztpVm7G27qBuiWuT6oQ,UCQqetiwzzmRNTM5OWuXarGQ,1
UCDIMztpVm7G27qBuiWuT6oQ,UCQtICyzWmhC5woCtbNgaSmg,1
UCDIMztpVm7G27qBuiWuT6oQ,UCQtSFINs1h6GHkpg9o5kMvg,1
UCDIMztpVm7G27qBuiWuT6oQ,UCRETAiYdh2dL5ZxB0_N1zDA,1
UCDIMztpVm7G27qBuiWuT6oQ,UCRelkU8JiZBytTzebJxaa-w,1
UCDIMztpVm7G27qBuiWuT6oQ,UCRlCV9zSn7avAWh-9_XFWqQ,1
UCDIMztpVm7G27qBuiWuT6oQ,UCSou6a2OuYGSvPjm5psquyA,1
UCDIMztpVm7G27qBuiWuT6oQ,UCTD6q1nyIe3Y7HhqjaMj72w,1
UCDIMztpVm7G27qBuiWuT6oQ,UCTP3O0rMnc8z8v8jaDQwL0w,1
UCDIMztpVm7G27qBuiWuT6oQ,UCThW2XNsAaBKme5PUt7n-Zg,1
UCDIMztpVm7G27qBuiWuT6oQ,UCTwSut16JyAg3mX6LVUNGqA,1
UCDIMztpVm7G27qBuiWuT6oQ,UCTylKrsqkrBKIqubMu_5N0Q,1
UCDIMztpVm7G27qBuiWuT6oQ,UCUIIIPTVDVHAXqhC_5V6lPA,1
UCDIMztpVm7G27qBuiWuT6oQ,UCV0iizTBoOfdAFX_thfI9BA,1
UCDIMztpVm7G27qBuiWuT6oQ,UCWIZUtKJ636y-4TYrNvok0g,1
UCDIMztpVm7G27qBuiWuT6oQ,UCXSkL3ejZ8qWYyF_M7s_QKA,1
UCDIMztpVm7G27qBuiWuT6oQ,UCXXh7yg5KUFIWylTiKVEFKQ,1
UCDIMztpVm7G27qBuiWuT6oQ,UCXgr7vXlRrsaskPdo097kGA,1
UCDIMztpVm7G27qBuiWuT6oQ,UCXr8_5WtGeipe4haOoQDgyQ,1
UCDIMztpVm7G27qBuiWuT6oQ,UCYN4wSQ1Sx4_LurxLlW7MPg,1
UCDIMztpVm7G27qBuiWuT6oQ,UCYwpX26TrCxq8TvbKGRYLXA,1
UCDIMztpVm7G27qBuiWuT6oQ,UCZ51R_9Q9C0c8I3pAWhtmjQ,1
UCDIMztpVm7G27qBuiWuT6oQ,UCZLG9qH0tUjNhEGFIUt0CYw,1
UCDIMztpVm7G27qBuiWuT6oQ,UCcfdg8crmMJwEuLUsAhV7yg,1
UCDIMztpVm7G27qBuiWuT6oQ,UCfM3nrxtTQMY5jFx1v1J4Gg,1
UCDIMztpVm7G27qBuiWuT6oQ,UCgvw7xIdGFupzpt1Y_BFkEA,1
UCDIMztpVm7G27qBuiWuT6oQ,UCh5ESQvtzyHDhCA7XyekCFA,1
UCDIMztpVm7G27qBuiWuT6oQ,UChZknRmJkeGeQk0-mQuhDOg,1
UCDIMztpVm7G27qBuiWuT6oQ,UChep9kVb5gQmpodEEl10Xlg,1
UCDIMztpVm7G27qBuiWuT6oQ,UChgkn5Jt5tWKYMoEOuCjz3Q,1
UCDIMztpVm7G27qBuiWuT6oQ,UChs3tU2BcKOT0CezykvAsGw,1
UCDIMztpVm7G27qBuiWuT6oQ,UCi1b_TRQfgO1Z9O2gNGGWNA,1
UCDIMztpVm7G27qBuiWuT6oQ,UCiGRBf2RNF0WRKhRVT7zFoA,1
UCDIMztpVm7G27qBuiWuT6oQ,UCiMythXHsw7eQEMykCdmMUA,1
UCDIMztpVm7G27qBuiWuT6oQ,UCipetjeiWj4CZB6EbyYziZg,1
UCDIMztpVm7G27qBuiWuT6oQ,UCj-LL25XJnjxepPKCc3NGog,1
UCDIMztpVm7G27qBuiWuT6oQ,UCjSKM9j0Q7HLDr1hD6D-TUw,1
UCDIMztpVm7G27qBuiWuT6oQ,UCjmPuazZJzscrwvk0QR9RVw,1
UCDIMztpVm7G27qBuiWuT6oQ,UCkd9W714-947dEE6ZOEBATA,1
UCDIMztpVm7G27qBuiWuT6oQ,UCl0ekS9Tt0jJGtOEM18S63w,1
UCDIMztpVm7G27qBuiWuT6oQ,UCljDbleJul41G1TzOjOZAVA,1
UCDIMztpVm7G27qBuiWuT6oQ,UCmjppp6ujz3SAnULvP3sZMw,1
UCDIMztpVm7G27qBuiWuT6oQ,UCmvOgzmmXbjUthHy-WJ52hQ,1
UCDIMztpVm7G27qBuiWuT6oQ,UCp4iw5_5SmV9VGTFSNVGOmQ,1
UCDIMztpVm7G27qBuiWuT6oQ,UCpIdtvoFHVLGASGB5ySqIEA,1
UCDIMztpVm7G27qBuiWuT6oQ,UCpl8rF8uv_8uui-QRvuJaRA,1
UCDIMztpVm7G27qBuiWuT6oQ,UCplrIQtaPj6au60_f2-mOYw,1
UCDIMztpVm7G27qBuiWuT6oQ,UCpsKOkt5iWTbenzeuq7dsmQ,1
UCDIMztpVm7G27qBuiWuT6oQ,UCr1emrogPKkKTs_WTtx71xg,1
UCDIMztpVm7G27qBuiWuT6oQ,UCrJn_rbo_ENAdeqneS-RmRw,1
UCDIMztpVm7G27qBuiWuT6oQ,UCsJJAvrVGupdmhOqgtDp8dg,1
UCDIMztpVm7G27qBuiWuT6oQ,UCsSXdJct-nsS8DsABoEsaYA,1
UCDIMztpVm7G27qBuiWuT6oQ,UCsUCN0Yq_UyTvKjOJLmNrnQ,1
UCDIMztpVm7G27qBuiWuT6oQ,UCsjs5Hp_r86x1xbK6FAeqaA,1
UCDIMztpVm7G27qBuiWuT6oQ,UCtNfIBnc5S5DbbQj_yxgJTw,1
UCDIMztpVm7G27qBuiWuT6oQ,UCtUR3_CAiE7fCoZHM6cMfyQ,1
UCDIMztpVm7G27qBuiWuT6oQ,UCueV9cTyTDwgQSec1x2dYgA,1
UCDIMztpVm7G27qBuiWuT6oQ,UCujPF2nBgsTD62nWE3lcpIg,1
UCDIMztpVm7G27qBuiWuT6oQ,UCut6b9S98nv84cVX89PmKzA,1
UCDIMztpVm7G27qBuiWuT6oQ,UCvApqeCbLod-wejtT4CcVuA,1
UCDIMztpVm7G27qBuiWuT6oQ,UCwO2SXr0ggzwg6QWWrr01nQ,1
UCDIMztpVm7G27qBuiWuT6oQ,UCwW2OFy95P7ZBkOPxWkpvYg,1
UCDIMztpVm7G27qBuiWuT6oQ,UCwha8rxULYMVtNwZWeSkE1A,1
UCDIMztpVm7G27qBuiWuT6oQ,UCxff05WuyvwELNITi7bj7UA,1
UCDIMztpVm7G27qBuiWuT6oQ,UCySYJU5kUh7X8gVt9la2ISA,1
UCDIMztpVm7G27qBuiWuT6oQ,UCylqlpsh8ENNM1LqgQ1KbxA,1
UCDIMztpVm7G27qBuiWuT6oQ,UCz3gu01bmjNv0DpRq-K3XYg,1
UCDIMztpVm7G27qBuiWuT6oQ,UCzSfZlOVxBSs5ObD25ywxDQ,1
UCDIMztpVm7G27qBuiWuT6oQ,UCzoL2l5H5eVlorWGH8AZfAg,1
UCDPWkUX3sNNaCx-m1dV4glA,UCDQaQv0hr2SS_PO-CMEwVHg,1
UCDPWkUX3sNNaCx-m1dV4glA,UCDUffaruH6dyUnUGwsTKpgg,1
UCDPWkUX3sNNaCx-m1dV4glA,UCDftMWXQoJ6nONfY7GVOVjg,1
UCDPWkUX3sNNaCx-m1dV4glA,UCDlr1VadSucIZgZ171pRBjQ,1
UCDPWkUX3sNNaCx-m1dV4glA,UCEgEQmRbtL5fwr9_DqAC--g,1
UCDPWkUX3sNNaCx-m1dV4glA,UCErZPJpHmLCsXs8ZWkAUupQ,1
UCDPWkUX3sNNaCx-m1dV4glA,UCFUuDARXdmmIrLppEqf-rFg,1
UCDPWkUX3sNNaCx-m1dV4glA,UCFhxtoeARHPnXXPcDrOU3Xg,1
UCDPWkUX3sNNaCx-m1dV4glA,UCFjudnPLoaSL1BaRuLahyHg,1
UCDPWkUX3sNNaCx-m1dV4glA,UCFoIAE8k82D6AV-8gjjKaNg,1
UCDPWkUX3sNNaCx-m1dV4glA,UCFxE8GbokBrBsPEKM1xrOjQ,1
UCDPWkUX3sNNaCx-m1dV4glA,UCGzXwyCzMzGmjmCbH3Hg01Q,1
UCDPWkUX3sNNaCx-m1dV4glA,UCHTGCgY2l-DQJIvlA_cpa_Q,1
UCDPWkUX3sNNaCx-m1dV4glA,UCHhHUjaMAZ8SiXdCUCj9DkQ,1
UCDPWkUX3sNNaCx-m1dV4glA,UCKDR0f2fu2UzWL8mBv5-BHw,1
UCDPWkUX3sNNaCx-m1dV4glA,UCL13XhnRzbGokEkCkEOb0-g,1
UCDPWkUX3sNNaCx-m1dV4glA,UCL1MT278vSaQ83ZDkVWn1gw,1
UCDPWkUX3sNNaCx-m1dV4glA,UCLFdHr9BEbXHkoJopbEPLZw,1
UCDPWkUX3sNNaCx-m1dV4glA,UCLggDc_a5HriXv7I1h02sOA,1
UCDPWkUX3sNNaCx-m1dV4glA,UCN6qbfPSzFtjhqUDZ3Cv3CQ,1
UCDPWkUX3sNNaCx-m1dV4glA,UCNBnKqWf4d-rS4HwJRQljmQ,1
UCDPWkUX3sNNaCx-m1dV4glA,UCNkcuy42zEwddwEcOd_HpnA,1
UCDPWkUX3sNNaCx-m1dV4glA,UCOLGv5Pf6BF2wFcwUzgcvHg,1
UCDPWkUX3sNNaCx-m1dV4glA,UCOS8ViEkccrTZx2w2ccxotA,1
UCDPWkUX3sNNaCx-m1dV4glA,UCOh6DaZC_x9HASnlRylEMfw,1
UCDPWkUX3sNNaCx-m1dV4glA,UCQ_-LPP8JAbfkc-b1Q6NvWw,1
UCDPWkUX3sNNaCx-m1dV4glA,UCQgYjVngJRfPHDLGB5X6ZjA,1
UCDPWkUX3sNNaCx-m1dV4glA,UCQqetiwzzmRNTM5OWuXarGQ,1
UCDPWkUX3sNNaCx-m1dV4glA,UCQtICyzWmhC5woCtbNgaSmg,1
UCDPWkUX3sNNaCx-m1dV4glA,UCQtSFINs1h6GHkpg9o5kMvg,1
UCDPWkUX3sNNaCx-m1dV4glA,UCRETAiYdh2dL5ZxB0_N1zDA,1
UCDPWkUX3sNNaCx-m1dV4glA,UCRelkU8JiZBytTzebJxaa-w,1
UCDPWkUX3sNNaCx-m1dV4glA,UCRlCV9zSn7avAWh-9_XFWqQ,1
UCDPWkUX3sNNaCx-m1dV4glA,UCSou6a2OuYGSvPjm5psquyA,1
UCDPWkUX3sNNaCx-m1dV4glA,UCTD6q1nyIe3Y7HhqjaMj72w,1
UCDPWkUX3sNNaCx-m1dV4glA,UCTP3O0rMnc8z8v8jaDQwL0w,1
UCDPWkUX3sNNaCx-m1dV4glA,UCThW2XNsAaBKme5PUt7n-Zg,1
UCDPWkUX3sNNaCx-m1dV4glA,UCTwSut16JyAg3mX6LVUNGqA,1
UCDPWkUX3sNNaCx-m1dV4glA,UCTylKrsqkrBKIqubMu_5N0Q,1
UCDPWkUX3sNNaCx-m1dV4glA,UCUIIIPTVDVHAXqhC_5V6lPA,1
UCDPWkUX3sNNaCx-m1dV4glA,UCV0iizTBoOfdAFX_thfI9BA,1
UCDPWkUX3sNNaCx-m1dV4glA,UCWIZUtKJ636y-4TYrNvok0g,1
UCDPWkUX3sNNaCx-m1dV4glA,UCXSkL3ejZ8qWYyF_M7s_QKA,1
UCDPWkUX3sNNaCx-m1dV4glA,UCXXh7yg5KUFIWylTiKVEFKQ,1
UCDPWkUX3sNNaCx-m1dV4glA,UCXgr7vXlRrsaskPdo097kGA,1
UCDPWkUX3sNNaCx-m1dV4glA,UCXr8_5WtGeipe4haOoQDgyQ,1
UCDPWkUX3sNNaCx-m1dV4glA,UCYN4wSQ1Sx4_LurxLlW7MPg,1
UCDPWkUX3sNNaCx-m1dV4glA,UCYwpX26TrCxq8TvbKGRYLXA,1
UCDPWkUX3sNNaCx-m1dV4glA,UCZ51R_9Q9C0c8I3pAWhtmjQ,1
UCDPWkUX3sNNaCx-m1dV4glA,UCZLG9qH0tUjNhEGFIUt0CYw,1
UCDPWkUX3sNNaCx-m1dV4glA,UCcfdg8crmMJwEuLUsAhV7yg,1
UCDPWkUX3sNNaCx-m1dV4glA,UCfM3nrxtTQMY5jFx1v1J4Gg,1
UCDPWkUX3sNNaCx-m1dV4glA,UCgvw7xIdGFupzpt1Y_BFkEA,1
UCDPWkUX3sNNaCx-m1dV4glA,UCh5ESQvtzyHDhCA7XyekCFA,1
UCDPWkUX3sNNaCx-m1dV4glA,UChZknRmJkeGeQk0-mQuhDOg,1
UCDPWkUX3sNNaCx-m1dV4glA,UChep9kVb5gQmpodEEl10Xlg,1
UCDPWkUX3sNNaCx-m1dV4glA,UChgkn5Jt5tWKYMoEOuCjz3Q,1
UCDPWkUX3sNNaCx-m1dV4glA,UChs3tU2BcKOT0CezykvAsGw,1
UCDPWkUX3sNNaCx-m1dV4glA,UCi1b_TRQfgO1Z9O2gNGGWNA,1
UCDPWkUX3sNNaCx-m1dV4glA,UCiGRBf2RNF0WRKhRVT7zFoA,1
UCDPWkUX3sNNaCx-m1dV4glA,UCiMythXHsw7eQEMykCdmMUA,1
UCDPWkUX3sNNaCx-m1dV4glA,UCipetjeiWj4CZB6EbyYziZg,1
UCDPWkUX3sNNaCx-m1dV4glA,UCj-LL25XJnjxepPKCc3NGog,1
UCDPWkUX3sNNaCx-m1dV4glA,UCjSKM9j0Q7HLDr1hD6D-TUw,1
UCDPWkUX3sNNaCx-m1dV4glA,UCjmPuazZJzscrwvk0QR9RVw,1
UCDPWkUX3sNNaCx-m1dV4glA,UCkd9W714-947dEE6ZOEBATA,1
UCDPWkUX3sNNaCx-m1dV4glA,UCl0ekS9Tt0jJGtOEM18S63w,1
UCDPWkUX3sNNaCx-m1dV4glA,UCljDbleJul41G1TzOjOZAVA,1
UCDPWkUX3sNNaCx-m1dV4glA,UCmjppp6ujz3SAnULvP3sZMw,1
UCDPWkUX3sNNaCx-m1dV4glA,UCmvOgzmmXbjUthHy-WJ52hQ,1
UCDPWkUX3sNNaCx-m1dV4glA,UCp4iw5_5SmV9VGTFSNVGOmQ,1
UCDPWkUX3sNNaCx-m1dV4glA,UCpIdtvoFHVLGASGB5ySqIEA,1
UCDPWkUX3sNNaCx-m1dV4glA,UCpl8rF8uv_8uui-QRvuJaRA,1
UCDPWkUX3sNNaCx-m1dV4glA,UCplrIQtaPj6au60_f2-mOYw,1
UCDPWkUX3sNNaCx-m1dV4glA,UCpsKOkt5iWTbenzeuq7dsmQ,1
UCDPWkUX3sNNaCx-m1dV4glA,UCr1emrogPKkKTs_WTtx71xg,1
UCDPWkUX3sNNaCx-m1dV4glA,UCrJn_rbo_ENAdeqneS-RmRw,1
UCDPWkUX3sNNaCx-m1dV4glA,UCsJJAvrVGupdmhOqgtDp8dg,1
UCDPWkUX3sNNaCx-m1dV4glA,UCsSXdJct-nsS8DsABoEsaYA,1
UCDPWkUX3sNNaCx-m1dV4glA,UCsUCN0Yq_UyTvKjOJLmNrnQ,1
UCDPWkUX3sNNaCx-m1dV4glA,UCsjs5Hp_r86x1xbK6FAeqaA,1
UCDPWkUX3sNNaCx-m1dV4glA,UCtNfIBnc5S5DbbQj_yxgJTw,1
UCDPWkUX3sNNaCx-m1dV4glA,UCtUR3_CAiE7fCoZHM6cMfyQ,1
UCDPWkUX3sNNaCx-m1dV4glA,UCueV9cTyTDwgQSec1x2dYgA,1
UCDPWkUX3sNNaCx-m1dV4glA,UCujPF2nBgsTD62nWE3lcpIg,1
UCDPWkUX3sNNaCx-m1dV4glA,UCut6b9S98nv84cVX89PmKzA,1
UCDPWkUX3sNNaCx-m1dV4glA,UCvApqeCbLod-wejtT4CcVuA,1
UCDPWkUX3sNNaCx-m1dV4glA,UCwO2SXr0ggzwg6QWWrr01nQ,1
UCDPWkUX3sNNaCx-m1dV4glA,UCwW2OFy95P7ZBkOPxWkpvYg,1
UCDPWkUX3sNNaCx-m1dV4glA,UCwha8rxULYMVtNwZWeSkE1A,1
UCDPWkUX3sNNaCx-m1dV4glA,UCxff05WuyvwELNITi7bj7UA,1
UCDPWkUX3sNNaCx-m1dV4glA,UCySYJU5kUh7X8gVt9la2ISA,1
UCDPWkUX3sNNaCx-m1dV4glA,UCylqlpsh8ENNM1LqgQ1KbxA,1
UCDPWkUX3sNNaCx-m1dV4glA,UCz3gu01bmjNv0DpRq-K3XYg,1
UCDPWkUX3sNNaCx-m1dV4glA,UCzSfZlOVxBSs5ObD25ywxDQ,1
UCDPWkUX3sNNaCx-m1dV4glA,UCzoL2l5H5eVlorWGH8AZfAg,1
UCDQaQv0hr2SS_PO-CMEwVHg,UCDUffaruH6dyUnUGwsTKpgg,1
UCDQaQv0hr2SS_PO-CMEwVHg,UCDftMWXQoJ6nONfY7GVOVjg,1
UCDQaQv0hr2SS_PO-CMEwVHg,UCDlr1VadSucIZgZ171pRBjQ,1
UCDQaQv0hr2SS_PO-CMEwVHg,UCEgEQmRbtL5fwr9_DqAC--g,1
UCDQaQv0hr2SS_PO-CMEwVHg,UCErZPJpHmLCsXs8ZWkAUupQ,1
UCDQaQv0hr2SS_PO-CMEwVHg,UCFUuDARXdmmIrLppEqf-rFg,1
UCDQaQv0hr2SS_PO-CMEwVHg,UCFhxtoeARHPnXXPcDrOU3Xg,1
UCDQaQv0hr2SS_PO-CMEwVHg,UCFjudnPLoaSL1BaRuLahyHg,1
UCDQaQv0hr2SS_PO-CMEwVHg,UCFoIAE8k82D6AV-8gjjKaNg,1
UCDQaQv0hr2SS_PO-CMEwVHg,UCFxE8GbokBrBsPEKM1xrOjQ,1
UCDQaQv0hr2SS_PO-CMEwVHg,UCGzXwyCzMzGmjmCbH3Hg01Q,1
UCDQaQv0hr2SS_PO-CMEwVHg,UCHTGCgY2l-DQJIvlA_cpa_Q,1
UCDQaQv0hr2SS_PO-CMEwVHg,UCHhHUjaMAZ8SiXdCUCj9DkQ,1
UCDQaQv0hr2SS_PO-CMEwVHg,UCKDR0f2fu2UzWL8mBv5-BHw,1
UCDQaQv0hr2SS_PO-CMEwVHg,UCL13XhnRzbGokEkCkEOb0-g,1
UCDQaQv0hr2SS_PO-CMEwVHg,UCL1MT278vSaQ83ZDkVWn1gw,1
UCDQaQv0hr2SS_PO-CMEwVHg,UCLFdHr9BEbXHkoJopbEPLZw,1
UCDQaQv0hr2SS_PO-CMEwVHg,UCLggDc_a5HriXv7I1h02sOA,1
UCDQaQv0hr2SS_PO-CMEwVHg,UCN6qbfPSzFtjhqUDZ3Cv3CQ,1
UCDQaQv0hr2SS_PO-CMEwVHg,UCNBnKqWf4d-rS4HwJRQljmQ,1
UCDQaQv0hr2SS_PO-CMEwVHg,UCNkcuy42zEwddwEcOd_HpnA,1
UCDQaQv0hr2SS_PO-CMEwVHg,UCOLGv5Pf6BF2wFcwUzgcvHg,1
UCDQaQv0hr2SS_PO-CMEwVHg,UCOS8ViEkccrTZx2w2ccxotA,1
UCDQaQv0hr2SS_PO-CMEwVHg,UCOh6DaZC_x9HASnlRylEMfw,1
UCDQaQv0hr2SS_PO-CMEwVHg,UCQ_-LPP8JAbfkc-b1Q6NvWw,1
UCDQaQv0hr2SS_PO-CMEwVHg,UCQgYjVngJRfPHDLGB5X6ZjA,1
UCDQaQv0hr2SS_PO-CMEwVHg,UCQqetiwzzmRNTM5OWuXarGQ,1
UCDQaQv0hr2SS_PO-CMEwVHg,UCQtICyzWmhC5woCtbNgaSmg,1
UCDQaQv0hr2SS_PO-CMEwVHg,UCQtSFINs1h6GHkpg9o5kMvg,1
UCDQaQv0hr2SS_PO-CMEwVHg,UCRETAiYdh2dL5ZxB0_N1zDA,1
UCDQaQv0hr2SS_PO-CMEwVHg,UCRelkU8JiZBytTzebJxaa-w,1
UCDQaQv0hr2SS_PO-CMEwVHg,UCRlCV9zSn7avAWh-9_XFWqQ,1
UCDQaQv0hr2SS_PO-CMEwVHg,UCSou6a2OuYGSvPjm5psquyA,1
UCDQaQv0hr2SS_PO-CMEwVHg,UCTD6q1nyIe3Y7HhqjaMj72w,1
UCDQaQv0hr2SS_PO-CMEwVHg,UCTP3O0rMnc8z8v8jaDQwL0w,1
UCDQaQv0hr2SS_PO-CMEwVHg,UCThW2XNsAaBKme5PUt7n-Zg,1
UCDQaQv0hr2SS_PO-CMEwVHg,UCTwSut16JyAg3mX6LVUNGqA,1
UCDQaQv0hr2SS_PO-CMEwVHg,UCTylKrsqkrBKIqubMu_5N0Q,1
UCDQaQv0hr2SS_PO-CMEwVHg,UCUIIIPTVDVHAXqhC_5V6lPA,1
UCDQaQv0hr2SS_PO-CMEwVHg,UCV0iizTBoOfdAFX_thfI9BA,1
UCDQaQv0hr2SS_PO-CMEwVHg,UCWIZUtKJ636y-4TYrNvok0g,1
UCDQaQv0hr2SS_PO-CMEwVHg,UCXSkL3ejZ8qWYyF_M7s_QKA,1
UCDQaQv0hr2SS_PO-CMEwVHg,UCXXh7yg5KUFIWylTiKVEFKQ,1
UCDQaQv0hr2SS_PO-CMEwVHg,UCXgr7vXlRrsaskPdo097kGA,1
UCDQaQv0hr2SS_PO-CMEwVHg,UCXr8_5WtGeipe4haOoQDgyQ,1
UCDQaQv0hr2SS_PO-CMEwVHg,UCYN4wSQ1Sx4_LurxLlW7MPg,1
UCDQaQv0hr2SS_PO-CMEwVHg,UCYwpX26TrCxq8TvbKGRYLXA,1
UCDQaQv0hr2SS_PO-CMEwVHg,UCZ51R_9Q9C0c8I3pAWhtmjQ,1
UCDQaQv0hr2SS_PO-CMEwVHg,UCZLG9qH0tUjNhEGFIUt0CYw,1
UCDQaQv0hr2SS_PO-CMEwVHg,UCcfdg8crmMJwEuLUsAhV7yg,1
UCDQaQv0hr2SS_PO-CMEwVHg,UCfM3nrxtTQMY5jFx1v1J4Gg,1
UCDQaQv0hr2SS_PO-CMEwVHg,UCgvw7xIdGFupzpt1Y_BFkEA,1
UCDQaQv0hr2SS_PO-CMEwVHg,UCh5ESQvtzyHDhCA7XyekCFA,1
UCDQaQv0hr2SS_PO-CMEwVHg,UChZknRmJkeGeQk0-mQuhDOg,1
UCDQaQv0hr2SS_PO-CMEwVHg,UChep9kVb5gQmpodEEl10Xlg,1
UCDQaQv0hr2SS_PO-CMEwVHg,UChgkn5Jt5tWKYMoEOuCjz3Q,1
UCDQaQv0hr2SS_PO-CMEwVHg,UChs3tU2BcKOT0CezykvAsGw,1
UCDQaQv0hr2SS_PO-CMEwVHg,UCi1b_TRQfgO1Z9O2gNGGWNA,1
UCDQaQv0hr2SS_PO-CMEwVHg,UCiGRBf2RNF0WRKhRVT7zFoA,1
UCDQaQv0hr2SS_PO-CMEwVHg,UCiMythXHsw7eQEMykCdmMUA,1
UCDQaQv0hr2SS_PO-CMEwVHg,UCipetjeiWj4CZB6EbyYziZg,1
UCDQaQv0hr2SS_PO-CMEwVHg,UCj-LL25XJnjxepPKCc3NGog,1
UCDQaQv0hr2SS_PO-CMEwVHg,UCjSKM9j0Q7HLDr1hD6D-TUw,1
UCDQaQv0hr2SS_PO-CMEwVHg,UCjmPuazZJzscrwvk0QR9RVw,1
UCDQaQv0hr2SS_PO-CMEwVHg,UCkd9W714-947dEE6ZOEBATA,1
UCDQaQv0hr2SS_PO-CMEwVHg,UCl0ekS9Tt0jJGtOEM18S63w,1
UCDQaQv0hr2SS_PO-CMEwVHg,UCljDbleJul41G1TzOjOZAVA,1
UCDQaQv0hr2SS_PO-CMEwVHg,UCmjppp6ujz3SAnULvP3sZMw,1
UCDQaQv0hr2SS_PO-CMEwVHg,UCmvOgzmmXbjUthHy-WJ52hQ,1
UCDQaQv0hr2SS_PO-CMEwVHg,UCp4iw5_5SmV9VGTFSNVGOmQ,1
UCDQaQv0hr2SS_PO-CMEwVHg,UCpIdtvoFHVLGASGB5ySqIEA,1
UCDQaQv0hr2SS_PO-CMEwVHg,UCpl8rF8uv_8uui-QRvuJaRA,1
UCDQaQv0hr2SS_PO-CMEwVHg,UCplrIQtaPj6au60_f2-mOYw,1
UCDQaQv0hr2SS_PO-CMEwVHg,UCpsKOkt5iWTbenzeuq7dsmQ,1
UCDQaQv0hr2SS_PO-CMEwVHg,UCr1emrogPKkKTs_WTtx71xg,1
UCDQaQv0hr2SS_PO-CMEwVHg,UCrJn_rbo_ENAdeqneS-RmRw,1
UCDQaQv0hr2SS_PO-CMEwVHg,UCsJJAvrVGupdmhOqgtDp8dg,1
UCDQaQv0hr2SS_PO-CMEwVHg,UCsSXdJct-nsS8DsABoEsaYA,1
UCDQaQv0hr2SS_PO-CMEwVHg,UCsUCN0Yq_UyTvKjOJLmNrnQ,1
UCDQaQv0hr2SS_PO-CMEwVHg,UCsjs5Hp_r86x1xbK6FAeqaA,1
UCDQaQv0hr2SS_PO-CMEwVHg,UCtNfIBnc5S5DbbQj_yxgJTw,1
UCDQaQv0hr2SS_PO-CMEwVHg,UCtUR3_CAiE7fCoZHM6cMfyQ,1
UCDQaQv0hr2SS_PO-CMEwVHg,UCueV9cTyTDwgQSec1x2dYgA,1
UCDQaQv0hr2SS_PO-CMEwVHg,UCujPF2nBgsTD62nWE3lcpIg,1
UCDQaQv0hr2SS_PO-CMEwVHg,UCut6b9S98nv84cVX89PmKzA,1
UCDQaQv0hr2SS_PO-CMEwVHg,UCvApqeCbLod-wejtT4CcVuA,1
UCDQaQv0hr2SS_PO-CMEwVHg,UCwO2SXr0ggzwg6QWWrr01nQ,1
UCDQaQv0hr2SS_PO-CMEwVHg,UCwW2OFy95P7ZBkOPxWkpvYg,1
UCDQaQv0hr2SS_PO-CMEwVHg,UCwha8rxULYMVtNwZWeSkE1A,1
UCDQaQv0hr2SS_PO-CMEwVHg,UCxff05WuyvwELNITi7bj7UA,1
UCDQaQv0hr2SS_PO-CMEwVHg,UCySYJU5kUh7X8gVt9la2ISA,1
UCDQaQv0hr2SS_PO-CMEwVHg,UCylqlpsh8ENNM1LqgQ1KbxA,1
UCDQaQv0hr2SS_PO-CMEwVHg,UCz3gu01bmjNv0DpRq-K3XYg,1
UCDQaQv0hr2SS_PO-CMEwVHg,UCzSfZlOVxBSs5ObD25ywxDQ,1
UCDQaQv0hr2SS_PO-CMEwVHg,UCzoL2l5H5eVlorWGH8AZfAg,1
UCDUffaruH6dyUnUGwsTKpgg,UCDftMWXQoJ6nONfY7GVOVjg,1
UCDUffaruH6dyUnUGwsTKpgg,UCDlr1VadSucIZgZ171pRBjQ,1
UCDUffaruH6dyUnUGwsTKpgg,UCEgEQmRbtL5fwr9_DqAC--g,1
UCDUffaruH6dyUnUGwsTKpgg,UCErZPJpHmLCsXs8ZWkAUupQ,1
UCDUffaruH6dyUnUGwsTKpgg,UCFUuDARXdmmIrLppEqf-rFg,1
UCDUffaruH6dyUnUGwsTKpgg,UCFhxtoeARHPnXXPcDrOU3Xg,1
UCDUffaruH6dyUnUGwsTKpgg,UCFjudnPLoaSL1BaRuLahyHg,1
UCDUffaruH6dyUnUGwsTKpgg,UCFoIAE8k82D6AV-8gjjKaNg,1
UCDUffaruH6dyUnUGwsTKpgg,UCFxE8GbokBrBsPEKM1xrOjQ,1
UCDUffaruH6dyUnUGwsTKpgg,UCGzXwyCzMzGmjmCbH3Hg01Q,1
UCDUffaruH6dyUnUGwsTKpgg,UCHTGCgY2l-DQJIvlA_cpa_Q,1
UCDUffaruH6dyUnUGwsTKpgg,UCHhHUjaMAZ8SiXdCUCj9DkQ,1
UCDUffaruH6dyUnUGwsTKpgg,UCKDR0f2fu2UzWL8mBv5-BHw,1
UCDUffaruH6dyUnUGwsTKpgg,UCL13XhnRzbGokEkCkEOb0-g,1
UCDUffaruH6dyUnUGwsTKpgg,UCL1MT278vSaQ83ZDkVWn1gw,1
UCDUffaruH6dyUnUGwsTKpgg,UCLFdHr9BEbXHkoJopbEPLZw,1
UCDUffaruH6dyUnUGwsTKpgg,UCLggDc_a5HriXv7I1h02sOA,1
UCDUffaruH6dyUnUGwsTKpgg,UCN6qbfPSzFtjhqUDZ3Cv3CQ,1
UCDUffaruH6dyUnUGwsTKpgg,UCNBnKqWf4d-rS4HwJRQljmQ,1
UCDUffaruH6dyUnUGwsTKpgg,UCNkcuy42zEwddwEcOd_HpnA,1
UCDUffaruH6dyUnUGwsTKpgg,UCOLGv5Pf6BF2wFcwUzgcvHg,1
UCDUffaruH6dyUnUGwsTKpgg,UCOS8ViEkccrTZx2w2ccxotA,1
UCDUffaruH6dyUnUGwsTKpgg,UCOh6DaZC_x9HASnlRylEMfw,1
UCDUffaruH6dyUnUGwsTKpgg,UCQ_-LPP8JAbfkc-b1Q6NvWw,1
UCDUffaruH6dyUnUGwsTKpgg,UCQgYjVngJRfPHDLGB5X6ZjA,1
UCDUffaruH6dyUnUGwsTKpgg,UCQqetiwzzmRNTM5OWuXarGQ,1
UCDUffaruH6dyUnUGwsTKpgg,UCQtICyzWmhC5woCtbNgaSmg,1
UCDUffaruH6dyUnUGwsTKpgg,UCQtSFINs1h6GHkpg9o5kMvg,1
UCDUffaruH6dyUnUGwsTKpgg,UCRETAiYdh2dL5ZxB0_N1zDA,1
UCDUffaruH6dyUnUGwsTKpgg,UCRelkU8JiZBytTzebJxaa-w,1
UCDUffaruH6dyUnUGwsTKpgg,UCRlCV9zSn7avAWh-9_XFWqQ,1
UCDUffaruH6dyUnUGwsTKpgg,UCSou6a2OuYGSvPjm5psquyA,1
UCDUffaruH6dyUnUGwsTKpgg,UCTD6q1nyIe3Y7HhqjaMj72w,1
UCDUffaruH6dyUnUGwsTKpgg,UCTP3O0rMnc8z8v8jaDQwL0w,1
UCDUffaruH6dyUnUGwsTKpgg,UCThW2XNsAaBKme5PUt7n-Zg,1
UCDUffaruH6dyUnUGwsTKpgg,UCTwSut16JyAg3mX6LVUNGqA,1
UCDUffaruH6dyUnUGwsTKpgg,UCTylKrsqkrBKIqubMu_5N0Q,1
UCDUffaruH6dyUnUGwsTKpgg,UCUIIIPTVDVHAXqhC_5V6lPA,1
UCDUffaruH6dyUnUGwsTKpgg,UCV0iizTBoOfdAFX_thfI9BA,1
UCDUffaruH6dyUnUGwsTKpgg,UCWIZUtKJ636y-4TYrNvok0g,1
UCDUffaruH6dyUnUGwsTKpgg,UCXSkL3ejZ8qWYyF_M7s_QKA,1
UCDUffaruH6dyUnUGwsTKpgg,UCXXh7yg5KUFIWylTiKVEFKQ,1
UCDUffaruH6dyUnUGwsTKpgg,UCXgr7vXlRrsaskPdo097kGA,1
UCDUffaruH6dyUnUGwsTKpgg,UCXr8_5WtGeipe4haOoQDgyQ,1
UCDUffaruH6dyUnUGwsTKpgg,UCYN4wSQ1Sx4_LurxLlW7MPg,1
UCDUffaruH6dyUnUGwsTKpgg,UCYwpX26TrCxq8TvbKGRYLXA,1
UCDUffaruH6dyUnUGwsTKpgg,UCZ51R_9Q9C0c8I3pAWhtmjQ,1
UCDUffaruH6dyUnUGwsTKpgg,UCZLG9qH0tUjNhEGFIUt0CYw,1
UCDUffaruH6dyUnUGwsTKpgg,UCcfdg8crmMJwEuLUsAhV7yg,1
UCDUffaruH6dyUnUGwsTKpgg,UCfM3nrxtTQMY5jFx1v1J4Gg,1
UCDUffaruH6dyUnUGwsTKpgg,UCgvw7xIdGFupzpt1Y_BFkEA,1
UCDUffaruH6dyUnUGwsTKpgg,UCh5ESQvtzyHDhCA7XyekCFA,1
UCDUffaruH6dyUnUGwsTKpgg,UChZknRmJkeGeQk0-mQuhDOg,1
UCDUffaruH6dyUnUGwsTKpgg,UChep9kVb5gQmpodEEl10Xlg,1
UCDUffaruH6dyUnUGwsTKpgg,UChgkn5Jt5tWKYMoEOuCjz3Q,1
UCDUffaruH6dyUnUGwsTKpgg,UChs3tU2BcKOT0CezykvAsGw,1
UCDUffaruH6dyUnUGwsTKpgg,UCi1b_TRQfgO1Z9O2gNGGWNA,1
UCDUffaruH6dyUnUGwsTKpgg,UCiGRBf2RNF0WRKhRVT7zFoA,1
UCDUffaruH6dyUnUGwsTKpgg,UCiMythXHsw7eQEMykCdmMUA,1
UCDUffaruH6dyUnUGwsTKpgg,UCipetjeiWj4CZB6EbyYziZg,1
UCDUffaruH6dyUnUGwsTKpgg,UCj-LL25XJnjxepPKCc3NGog,1
UCDUffaruH6dyUnUGwsTKpgg,UCjSKM9j0Q7HLDr1hD6D-TUw,1
UCDUffaruH6dyUnUGwsTKpgg,UCjmPuazZJzscrwvk0QR9RVw,1
UCDUffaruH6dyUnUGwsTKpgg,UCkd9W714-947dEE6ZOEBATA,1
UCDUffaruH6dyUnUGwsTKpgg,UCl0ekS9Tt0jJGtOEM18S63w,1
UCDUffaruH6dyUnUGwsTKpgg,UCljDbleJul41G1TzOjOZAVA,1
UCDUffaruH6dyUnUGwsTKpgg,UCmjppp6ujz3SAnULvP3sZMw,1
UCDUffaruH6dyUnUGwsTKpgg,UCmvOgzmmXbjUthHy-WJ52hQ,1
UCDUffaruH6dyUnUGwsTKpgg,UCp4iw5_5SmV9VGTFSNVGOmQ,1
UCDUffaruH6dyUnUGwsTKpgg,UCpIdtvoFHVLGASGB5ySqIEA,1
UCDUffaruH6dyUnUGwsTKpgg,UCpl8rF8uv_8uui-QRvuJaRA,1
UCDUffaruH6dyUnUGwsTKpgg,UCplrIQtaPj6au60_f2-mOYw,1
UCDUffaruH6dyUnUGwsTKpgg,UCpsKOkt5iWTbenzeuq7dsmQ,1
UCDUffaruH6dyUnUGwsTKpgg,UCr1emrogPKkKTs_WTtx71xg,1
UCDUffaruH6dyUnUGwsTKpgg,UCrJn_rbo_ENAdeqneS-RmRw,1
UCDUffaruH6dyUnUGwsTKpgg,UCsJJAvrVGupdmhOqgtDp8dg,1
UCDUffaruH6dyUnUGwsTKpgg,UCsSXdJct-nsS8DsABoEsaYA,1
UCDUffaruH6dyUnUGwsTKpgg,UCsUCN0Yq_UyTvKjOJLmNrnQ,1
UCDUffaruH6dyUnUGwsTKpgg,UCsjs5Hp_r86x1xbK6FAeqaA,1
UCDUffaruH6dyUnUGwsTKpgg,UCtNfIBnc5S5DbbQj_yxgJTw,1
UCDUffaruH6dyUnUGwsTKpgg,UCtUR3_CAiE7fCoZHM6cMfyQ,1
UCDUffaruH6dyUnUGwsTKpgg,UCueV9cTyTDwgQSec1x2dYgA,1
UCDUffaruH6dyUnUGwsTKpgg,UCujPF2nBgsTD62nWE3lcpIg,1
UCDUffaruH6dyUnUGwsTKpgg,UCut6b9S98nv84cVX89PmKzA,1
UCDUffaruH6dyUnUGwsTKpgg,UCvApqeCbLod-wejtT4CcVuA,1
UCDUffaruH6dyUnUGwsTKpgg,UCwO2SXr0ggzwg6QWWrr01nQ,1
UCDUffaruH6dyUnUGwsTKpgg,UCwW2OFy95P7ZBkOPxWkpvYg,1
UCDUffaruH6dyUnUGwsTKpgg,UCwha8rxULYMVtNwZWeSkE1A,1
UCDUffaruH6dyUnUGwsTKpgg,UCxff05WuyvwELNITi7bj7UA,1
UCDUffaruH6dyUnUGwsTKpgg,UCySYJU5kUh7X8gVt9la2ISA,1
UCDUffaruH6dyUnUGwsTKpgg,UCylqlpsh8ENNM1LqgQ1KbxA,1
UCDUffaruH6dyUnUGwsTKpgg,UCz3gu01bmjNv0DpRq-K3XYg,1
UCDUffaruH6dyUnUGwsTKpgg,UCzSfZlOVxBSs5ObD25ywxDQ,1
UCDUffaruH6dyUnUGwsTKpgg,UCzoL2l5H5eVlorWGH8AZfAg,1
UCDftMWXQoJ6nONfY7GVOVjg,UCDlr1VadSucIZgZ171pRBjQ,1
UCDftMWXQoJ6nONfY7GVOVjg,UCEgEQmRbtL5fwr9_DqAC--g,1
UCDftMWXQoJ6nONfY7GVOVjg,UCErZPJpHmLCsXs8ZWkAUupQ,1
UCDftMWXQoJ6nONfY7GVOVjg,UCFUuDARXdmmIrLppEqf-rFg,1
UCDftMWXQoJ6nONfY7GVOVjg,UCFhxtoeARHPnXXPcDrOU3Xg,1
UCDftMWXQoJ6nONfY7GVOVjg,UCFjudnPLoaSL1BaRuLahyHg,1
UCDftMWXQoJ6nONfY7GVOVjg,UCFoIAE8k82D6AV-8gjjKaNg,1
UCDftMWXQoJ6nONfY7GVOVjg,UCFxE8GbokBrBsPEKM1xrOjQ,1
UCDftMWXQoJ6nONfY7GVOVjg,UCGzXwyCzMzGmjmCbH3Hg01Q,1
UCDftMWXQoJ6nONfY7GVOVjg,UCHTGCgY2l-DQJIvlA_cpa_Q,1
UCDftMWXQoJ6nONfY7GVOVjg,UCHhHUjaMAZ8SiXdCUCj9DkQ,1
UCDftMWXQoJ6nONfY7GVOVjg,UCKDR0f2fu2UzWL8mBv5-BHw,1
UCDftMWXQoJ6nONfY7GVOVjg,UCL13XhnRzbGokEkCkEOb0-g,1
UCDftMWXQoJ6nONfY7GVOVjg,UCL1MT278vSaQ83ZDkVWn1gw,1
UCDftMWXQoJ6nONfY7GVOVjg,UCLFdHr9BEbXHkoJopbEPLZw,1
UCDftMWXQoJ6nONfY7GVOVjg,UCLggDc_a5HriXv7I1h02sOA,1
UCDftMWXQoJ6nONfY7GVOVjg,UCN6qbfPSzFtjhqUDZ3Cv3CQ,1
UCDftMWXQoJ6nONfY7GVOVjg,UCNBnKqWf4d-rS4HwJRQljmQ,1
UCDftMWXQoJ6nONfY7GVOVjg,UCNkcuy42zEwddwEcOd_HpnA,1
UCDftMWXQoJ6nONfY7GVOVjg,UCOLGv5Pf6BF2wFcwUzgcvHg,1
UCDftMWXQoJ6nONfY7GVOVjg,UCOS8ViEkccrTZx2w2ccxotA,1
UCDftMWXQoJ6nONfY7GVOVjg,UCOh6DaZC_x9HASnlRylEMfw,1
UCDftMWXQoJ6nONfY7GVOVjg,UCQ_-LPP8JAbfkc-b1Q6NvWw,1
UCDftMWXQoJ6nONfY7GVOVjg,UCQgYjVngJRfPHDLGB5X6ZjA,1
UCDftMWXQoJ6nONfY7GVOVjg,UCQqetiwzzmRNTM5OWuXarGQ,1
UCDftMWXQoJ6nONfY7GVOVjg,UCQtICyzWmhC5woCtbNgaSmg,1
UCDftMWXQoJ6nONfY7GVOVjg,UCQtSFINs1h6GHkpg9o5kMvg,1
UCDftMWXQoJ6nONfY7GVOVjg,UCRETAiYdh2dL5ZxB0_N1zDA,1
UCDftMWXQoJ6nONfY7GVOVjg,UCRelkU8JiZBytTzebJxaa-w,1
UCDftMWXQoJ6nONfY7GVOVjg,UCRlCV9zSn7avAWh-9_XFWqQ,1
UCDftMWXQoJ6nONfY7GVOVjg,UCSou6a2OuYGSvPjm5psquyA,1
UCDftMWXQoJ6nONfY7GVOVjg,UCTD6q1nyIe3Y7HhqjaMj72w,1
UCDftMWXQoJ6nONfY7GVOVjg,UCTP3O0rMnc8z8v8jaDQwL0w,1
UCDftMWXQoJ6nONfY7GVOVjg,UCThW2XNsAaBKme5PUt7n-Zg,1
UCDftMWXQoJ6nONfY7GVOVjg,UCTwSut16JyAg3mX6LVUNGqA,1
UCDftMWXQoJ6nONfY7GVOVjg,UCTylKrsqkrBKIqubMu_5N0Q,1
UCDftMWXQoJ6nONfY7GVOVjg,UCUIIIPTVDVHAXqhC_5V6lPA,1
UCDftMWXQoJ6nONfY7GVOVjg,UCV0iizTBoOfdAFX_thfI9BA,1
UCDftMWXQoJ6nONfY7GVOVjg,UCWIZUtKJ636y-4TYrNvok0g,1
UCDftMWXQoJ6nONfY7GVOVjg,UCXSkL3ejZ8qWYyF_M7s_QKA,1
UCDftMWXQoJ6nONfY7GVOVjg,UCXXh7yg5KUFIWylTiKVEFKQ,1
UCDftMWXQoJ6nONfY7GVOVjg,UCXgr7vXlRrsaskPdo097kGA,1
UCDftMWXQoJ6nONfY7GVOVjg,UCXr8_5WtGeipe4haOoQDgyQ,1
UCDftMWXQoJ6nONfY7GVOVjg,UCYN4wSQ1Sx4_LurxLlW7MPg,1
UCDftMWXQoJ6nONfY7GVOVjg,UCYwpX26TrCxq8TvbKGRYLXA,1
UCDftMWXQoJ6nONfY7GVOVjg,UCZ51R_9Q9C0c8I3pAWhtmjQ,1
UCDftMWXQoJ6nONfY7GVOVjg,UCZLG9qH0tUjNhEGFIUt0CYw,1
UCDftMWXQoJ6nONfY7GVOVjg,UCcfdg8crmMJwEuLUsAhV7yg,1
UCDftMWXQoJ6nONfY7GVOVjg,UCfM3nrxtTQMY5jFx1v1J4Gg,1
UCDftMWXQoJ6nONfY7GVOVjg,UCgvw7xIdGFupzpt1Y_BFkEA,1
UCDftMWXQoJ6nONfY7GVOVjg,UCh5ESQvtzyHDhCA7XyekCFA,1
UCDftMWXQoJ6nONfY7GVOVjg,UChZknRmJkeGeQk0-mQuhDOg,1
UCDftMWXQoJ6nONfY7GVOVjg,UChep9kVb5gQmpodEEl10Xlg,1
UCDftMWXQoJ6nONfY7GVOVjg,UChgkn5Jt5tWKYMoEOuCjz3Q,1
UCDftMWXQoJ6nONfY7GVOVjg,UChs3tU2BcKOT0CezykvAsGw,1
UCDftMWXQoJ6nONfY7GVOVjg,UCi1b_TRQfgO1Z9O2gNGGWNA,1
UCDftMWXQoJ6nONfY7GVOVjg,UCiGRBf2RNF0WRKhRVT7zFoA,1
UCDftMWXQoJ6nONfY7GVOVjg,UCiMythXHsw7eQEMykCdmMUA,1
UCDftMWXQoJ6nONfY7GVOVjg,UCipetjeiWj4CZB6EbyYziZg,1
UCDftMWXQoJ6nONfY7GVOVjg,UCj-LL25XJnjxepPKCc3NGog,1
UCDftMWXQoJ6nONfY7GVOVjg,UCjSKM9j0Q7HLDr1hD6D-TUw,1
UCDftMWXQoJ6nONfY7GVOVjg,UCjmPuazZJzscrwvk0QR9RVw,1
UCDftMWXQoJ6nONfY7GVOVjg,UCkd9W714-947dEE6ZOEBATA,1
UCDftMWXQoJ6nONfY7GVOVjg,UCl0ekS9Tt0jJGtOEM18S63w,1
UCDftMWXQoJ6nONfY7GVOVjg,UCljDbleJul41G1TzOjOZAVA,1
UCDftMWXQoJ6nONfY7GVOVjg,UCmjppp6ujz3SAnULvP3sZMw,1
UCDftMWXQoJ6nONfY7GVOVjg,UCmvOgzmmXbjUthHy-WJ52hQ,1
UCDftMWXQoJ6nONfY7GVOVjg,UCp4iw5_5SmV9VGTFSNVGOmQ,1
UCDftMWXQoJ6nONfY7GVOVjg,UCpIdtvoFHVLGASGB5ySqIEA,1
UCDftMWXQoJ6nONfY7GVOVjg,UCpl8rF8uv_8uui-QRvuJaRA,1
UCDftMWXQoJ6nONfY7GVOVjg,UCplrIQtaPj6au60_f2-mOYw,1
UCDftMWXQoJ6nONfY7GVOVjg,UCpsKOkt5iWTbenzeuq7dsmQ,1
UCDftMWXQoJ6nONfY7GVOVjg,UCr1emrogPKkKTs_WTtx71xg,1
UCDftMWXQoJ6nONfY7GVOVjg,UCrJn_rbo_ENAdeqneS-RmRw,1
UCDftMWXQoJ6nONfY7GVOVjg,UCsJJAvrVGupdmhOqgtDp8dg,1
UCDftMWXQoJ6nONfY7GVOVjg,UCsSXdJct-nsS8DsABoEsaYA,1
UCDftMWXQoJ6nONfY7GVOVjg,UCsUCN0Yq_UyTvKjOJLmNrnQ,1
UCDftMWXQoJ6nONfY7GVOVjg,UCsjs5Hp_r86x1xbK6FAeqaA,1
UCDftMWXQoJ6nONfY7GVOVjg,UCtNfIBnc5S5DbbQj_yxgJTw,1
UCDftMWXQoJ6nONfY7GVOVjg,UCtUR3_CAiE7fCoZHM6cMfyQ,1
UCDftMWXQoJ6nONfY7GVOVjg,UCueV9cTyTDwgQSec1x2dYgA,1
UCDftMWXQoJ6nONfY7GVOVjg,UCujPF2nBgsTD62nWE3lcpIg,1
UCDftMWXQoJ6nONfY7GVOVjg,UCut6b9S98nv84cVX89PmKzA,1
UCDftMWXQoJ6nONfY7GVOVjg,UCvApqeCbLod-wejtT4CcVuA,1
UCDftMWXQoJ6nONfY7GVOVjg,UCwO2SXr0ggzwg6QWWrr01nQ,1
UCDftMWXQoJ6nONfY7GVOVjg,UCwW2OFy95P7ZBkOPxWkpvYg,1
UCDftMWXQoJ6nONfY7GVOVjg,UCwha8rxULYMVtNwZWeSkE1A,1
UCDftMWXQoJ6nONfY7GVOVjg,UCxff05WuyvwELNITi7bj7UA,1
UCDftMWXQoJ6nONfY7GVOVjg,UCySYJU5kUh7X8gVt9la2ISA,1
UCDftMWXQoJ6nONfY7GVOVjg,UCylqlpsh8ENNM1LqgQ1KbxA,1
UCDftMWXQoJ6nONfY7GVOVjg,UCz3gu01bmjNv0DpRq-K3XYg,1
UCDftMWXQoJ6nONfY7GVOVjg,UCzSfZlOVxBSs5ObD25ywxDQ,1
UCDftMWXQoJ6nONfY7GVOVjg,UCzoL2l5H5eVlorWGH8AZfAg,1
UCDlr1VadSucIZgZ171pRBjQ,UCEgEQmRbtL5fwr9_DqAC--g,1
UCDlr1VadSucIZgZ171pRBjQ,UCErZPJpHmLCsXs8ZWkAUupQ,1
UCDlr1VadSucIZgZ171pRBjQ,UCFUuDARXdmmIrLppEqf-rFg,1
UCDlr1VadSucIZgZ171pRBjQ,UCFhxtoeARHPnXXPcDrOU3Xg,1
UCDlr1VadSucIZgZ171pRBjQ,UCFjudnPLoaSL1BaRuLahyHg,1
UCDlr1VadSucIZgZ171pRBjQ,UCFoIAE8k82D6AV-8gjjKaNg,1
UCDlr1VadSucIZgZ171pRBjQ,UCFxE8GbokBrBsPEKM1xrOjQ,1
UCDlr1VadSucIZgZ171pRBjQ,UCGzXwyCzMzGmjmCbH3Hg01Q,1
UCDlr1VadSucIZgZ171pRBjQ,UCHTGCgY2l-DQJIvlA_cpa_Q,1
UCDlr1VadSucIZgZ171pRBjQ,UCHhHUjaMAZ8SiXdCUCj9DkQ,1
UCDlr1VadSucIZgZ171pRBjQ,UCKDR0f2fu2UzWL8mBv5-BHw,1
UCDlr1VadSucIZgZ171pRBjQ,UCL13XhnRzbGokEkCkEOb0-g,1
UCDlr1VadSucIZgZ171pRBjQ,UCL1MT278vSaQ83ZDkVWn1gw,1
UCDlr1VadSucIZgZ171pRBjQ,UCLFdHr9BEbXHkoJopbEPLZw,1
UCDlr1VadSucIZgZ171pRBjQ,UCLggDc_a5HriXv7I1h02sOA,1
UCDlr1VadSucIZgZ171pRBjQ,UCN6qbfPSzFtjhqUDZ3Cv3CQ,1
UCDlr1VadSucIZgZ171pRBjQ,UCNBnKqWf4d-rS4HwJRQljmQ,1
UCDlr1VadSucIZgZ171pRBjQ,UCNkcuy42zEwddwEcOd_HpnA,1
UCDlr1VadSucIZgZ171pRBjQ,UCOLGv5Pf6BF2wFcwUzgcvHg,1
UCDlr1VadSucIZgZ171pRBjQ,UCOS8ViEkccrTZx2w2ccxotA,1
UCDlr1VadSucIZgZ171pRBjQ,UCOh6DaZC_x9HASnlRylEMfw,1
UCDlr1VadSucIZgZ171pRBjQ,UCQ_-LPP8JAbfkc-b1Q6NvWw,1
UCDlr1VadSucIZgZ171pRBjQ,UCQgYjVngJRfPHDLGB5X6ZjA,1
UCDlr1VadSucIZgZ171pRBjQ,UCQqetiwzzmRNTM5OWuXarGQ,1
UCDlr1VadSucIZgZ171pRBjQ,UCQtICyzWmhC5woCtbNgaSmg,1
UCDlr1VadSucIZgZ171pRBjQ,UCQtSFINs1h6GHkpg9o5kMvg,1
UCDlr1VadSucIZgZ171pRBjQ,UCRETAiYdh2dL5ZxB0_N1zDA,1
UCDlr1VadSucIZgZ171pRBjQ,UCRelkU8JiZBytTzebJxaa-w,1
UCDlr1VadSucIZgZ171pRBjQ,UCRlCV9zSn7avAWh-9_XFWqQ,1
UCDlr1VadSucIZgZ171pRBjQ,UCSou6a2OuYGSvPjm5psquyA,1
UCDlr1VadSucIZgZ171pRBjQ,UCTD6q1nyIe3Y7HhqjaMj72w,1
UCDlr1VadSucIZgZ171pRBjQ,UCTP3O0rMnc8z8v8jaDQwL0w,1
UCDlr1VadSucIZgZ171pRBjQ,UCThW2XNsAaBKme5PUt7n-Zg,1
UCDlr1VadSucIZgZ171pRBjQ,UCTwSut16JyAg3mX6LVUNGqA,1
UCDlr1VadSucIZgZ171pRBjQ,UCTylKrsqkrBKIqubMu_5N0Q,1
UCDlr1VadSucIZgZ171pRBjQ,UCUIIIPTVDVHAXqhC_5V6lPA,1
UCDlr1VadSucIZgZ171pRBjQ,UCV0iizTBoOfdAFX_thfI9BA,1
UCDlr1VadSucIZgZ171pRBjQ,UCWIZUtKJ636y-4TYrNvok0g,1
UCDlr1VadSucIZgZ171pRBjQ,UCXSkL3ejZ8qWYyF_M7s_QKA,1
UCDlr1VadSucIZgZ171pRBjQ,UCXXh7yg5KUFIWylTiKVEFKQ,1
UCDlr1VadSucIZgZ171pRBjQ,UCXgr7vXlRrsaskPdo097kGA,1
UCDlr1VadSucIZgZ171pRBjQ,UCXr8_5WtGeipe4haOoQDgyQ,1
UCDlr1VadSucIZgZ171pRBjQ,UCYN4wSQ1Sx4_LurxLlW7MPg,1
UCDlr1VadSucIZgZ171pRBjQ,UCYwpX26TrCxq8TvbKGRYLXA,1
UCDlr1VadSucIZgZ171pRBjQ,UCZ51R_9Q9C0c8I3pAWhtmjQ,1
UCDlr1VadSucIZgZ171pRBjQ,UCZLG9qH0tUjNhEGFIUt0CYw,1
UCDlr1VadSucIZgZ171pRBjQ,UCcfdg8crmMJwEuLUsAhV7yg,1
UCDlr1VadSucIZgZ171pRBjQ,UCfM3nrxtTQMY5jFx1v1J4Gg,1
UCDlr1VadSucIZgZ171pRBjQ,UCgvw7xIdGFupzpt1Y_BFkEA,1
UCDlr1VadSucIZgZ171pRBjQ,UCh5ESQvtzyHDhCA7XyekCFA,1
UCDlr1VadSucIZgZ171pRBjQ,UChZknRmJkeGeQk0-mQuhDOg,1
UCDlr1VadSucIZgZ171pRBjQ,UChep9kVb5gQmpodEEl10Xlg,1
UCDlr1VadSucIZgZ171pRBjQ,UChgkn5Jt5tWKYMoEOuCjz3Q,1
UCDlr1VadSucIZgZ171pRBjQ,UChs3tU2BcKOT0CezykvAsGw,1
UCDlr1VadSucIZgZ171pRBjQ,UCi1b_TRQfgO1Z9O2gNGGWNA,1
UCDlr1VadSucIZgZ171pRBjQ,UCiGRBf2RNF0WRKhRVT7zFoA,1
UCDlr1VadSucIZgZ171pRBjQ,UCiMythXHsw7eQEMykCdmMUA,1
UCDlr1VadSucIZgZ171pRBjQ,UCipetjeiWj4CZB6EbyYziZg,1
UCDlr1VadSucIZgZ171pRBjQ,UCj-LL25XJnjxepPKCc3NGog,1
UCDlr1VadSucIZgZ171pRBjQ,UCjSKM9j0Q7HLDr1hD6D-TUw,1
UCDlr1VadSucIZgZ171pRBjQ,UCjmPuazZJzscrwvk0QR9RVw,1
UCDlr1VadSucIZgZ171pRBjQ,UCkd9W714-947dEE6ZOEBATA,1
UCDlr1VadSucIZgZ171pRBjQ,UCl0ekS9Tt0jJGtOEM18S63w,1
UCDlr1VadSucIZgZ171pRBjQ,UCljDbleJul41G1TzOjOZAVA,1
UCDlr1VadSucIZgZ171pRBjQ,UCmjppp6ujz3SAnULvP3sZMw,1
UCDlr1VadSucIZgZ171pRBjQ,UCmvOgzmmXbjUthHy-WJ52hQ,1
UCDlr1VadSucIZgZ171pRBjQ,UCp4iw5_5SmV9VGTFSNVGOmQ,1
UCDlr1VadSucIZgZ171pRBjQ,UCpIdtvoFHVLGASGB5ySqIEA,1
UCDlr1VadSucIZgZ171pRBjQ,UCpl8rF8uv_8uui-QRvuJaRA,1
UCDlr1VadSucIZgZ171pRBjQ,UCplrIQtaPj6au60_f2-mOYw,1
UCDlr1VadSucIZgZ171pRBjQ,UCpsKOkt5iWTbenzeuq7dsmQ,1
UCDlr1VadSucIZgZ171pRBjQ,UCr1emrogPKkKTs_WTtx71xg,1
UCDlr1VadSucIZgZ171pRBjQ,UCrJn_rbo_ENAdeqneS-RmRw,1
UCDlr1VadSucIZgZ171pRBjQ,UCsJJAvrVGupdmhOqgtDp8dg,1
UCDlr1VadSucIZgZ171pRBjQ,UCsSXdJct-nsS8DsABoEsaYA,1
UCDlr1VadSucIZgZ171pRBjQ,UCsUCN0Yq_UyTvKjOJLmNrnQ,1
UCDlr1VadSucIZgZ171pRBjQ,UCsjs5Hp_r86x1xbK6FAeqaA,1
UCDlr1VadSucIZgZ171pRBjQ,UCtNfIBnc5S5DbbQj_yxgJTw,1
UCDlr1VadSucIZgZ171pRBjQ,UCtUR3_CAiE7fCoZHM6cMfyQ,1
UCDlr1VadSucIZgZ171pRBjQ,UCueV9cTyTDwgQSec1x2dYgA,1
UCDlr1VadSucIZgZ171pRBjQ,UCujPF2nBgsTD62nWE3lcpIg,1
UCDlr1VadSucIZgZ171pRBjQ,UCut6b9S98nv84cVX89PmKzA,1
UCDlr1VadSucIZgZ171pRBjQ,UCvApqeCbLod-wejtT4CcVuA,1
UCDlr1VadSucIZgZ171pRBjQ,UCwO2SXr0ggzwg6QWWrr01nQ,1
UCDlr1VadSucIZgZ171pRBjQ,UCwW2OFy95P7ZBkOPxWkpvYg,1
UCDlr1VadSucIZgZ171pRBjQ,UCwha8rxULYMVtNwZWeSkE1A,1
UCDlr1VadSucIZgZ171pRBjQ,UCxff05WuyvwELNITi7bj7UA,1
UCDlr1VadSucIZgZ171pRBjQ,UCySYJU5kUh7X8gVt9la2ISA,1
UCDlr1VadSucIZgZ171pRBjQ,UCylqlpsh8ENNM1LqgQ1KbxA,1
UCDlr1VadSucIZgZ171pRBjQ,UCz3gu01bmjNv0DpRq-K3XYg,1
UCDlr1VadSucIZgZ171pRBjQ,UCzSfZlOVxBSs5ObD25ywxDQ,1
UCDlr1VadSucIZgZ171pRBjQ,UCzoL2l5H5eVlorWGH8AZfAg,1
UCEgEQmRbtL5fwr9_DqAC--g,UCErZPJpHmLCsXs8ZWkAUupQ,1
UCEgEQmRbtL5fwr9_DqAC--g,UCFUuDARXdmmIrLppEqf-rFg,1
UCEgEQmRbtL5fwr9_DqAC--g,UCFhxtoeARHPnXXPcDrOU3Xg,1
UCEgEQmRbtL5fwr9_DqAC--g,UCFjudnPLoaSL1BaRuLahyHg,1
UCEgEQmRbtL5fwr9_DqAC--g,UCFoIAE8k82D6AV-8gjjKaNg,1
UCEgEQmRbtL5fwr9_DqAC--g,UCFxE8GbokBrBsPEKM1xrOjQ,1
UCEgEQmRbtL5fwr9_DqAC--g,UCGzXwyCzMzGmjmCbH3Hg01Q,1
UCEgEQmRbtL5fwr9_DqAC--g,UCHTGCgY2l-DQJIvlA_cpa_Q,1
UCEgEQmRbtL5fwr9_DqAC--g,UCHhHUjaMAZ8SiXdCUCj9DkQ,1
UCEgEQmRbtL5fwr9_DqAC--g,UCKDR0f2fu2UzWL8mBv5-BHw,1
UCEgEQmRbtL5fwr9_DqAC--g,UCL13XhnRzbGokEkCkEOb0-g,1
UCEgEQmRbtL5fwr9_DqAC--g,UCL1MT278vSaQ83ZDkVWn1gw,1
UCEgEQmRbtL5fwr9_DqAC--g,UCLFdHr9BEbXHkoJopbEPLZw,1
UCEgEQmRbtL5fwr9_DqAC--g,UCLggDc_a5HriXv7I1h02sOA,1
UCEgEQmRbtL5fwr9_DqAC--g,UCN6qbfPSzFtjhqUDZ3Cv3CQ,1
UCEgEQmRbtL5fwr9_DqAC--g,UCNBnKqWf4d-rS4HwJRQljmQ,1
UCEgEQmRbtL5fwr9_DqAC--g,UCNkcuy42zEwddwEcOd_HpnA,1
UCEgEQmRbtL5fwr9_DqAC--g,UCOLGv5Pf6BF2wFcwUzgcvHg,1
UCEgEQmRbtL5fwr9_DqAC--g,UCOS8ViEkccrTZx2w2ccxotA,1
UCEgEQmRbtL5fwr9_DqAC--g,UCOh6DaZC_x9HASnlRylEMfw,1
UCEgEQmRbtL5fwr9_DqAC--g,UCQ_-LPP8JAbfkc-b1Q6NvWw,1
UCEgEQmRbtL5fwr9_DqAC--g,UCQgYjVngJRfPHDLGB5X6ZjA,1
UCEgEQmRbtL5fwr9_DqAC--g,UCQqetiwzzmRNTM5OWuXarGQ,1
UCEgEQmRbtL5fwr9_DqAC--g,UCQtICyzWmhC5woCtbNgaSmg,1
UCEgEQmRbtL5fwr9_DqAC--g,UCQtSFINs1h6GHkpg9o5kMvg,1
UCEgEQmRbtL5fwr9_DqAC--g,UCRETAiYdh2dL5ZxB0_N1zDA,1
UCEgEQmRbtL5fwr9_DqAC--g,UCRelkU8JiZBytTzebJxaa-w,1
UCEgEQmRbtL5fwr9_DqAC--g,UCRlCV9zSn7avAWh-9_XFWqQ,1
UCEgEQmRbtL5fwr9_DqAC--g,UCSou6a2OuYGSvPjm5psquyA,1
UCEgEQmRbtL5fwr9_DqAC--g,UCTD6q1nyIe3Y7HhqjaMj72w,1
UCEgEQmRbtL5fwr9_DqAC--g,UCTP3O0rMnc8z8v8jaDQwL0w,1
UCEgEQmRbtL5fwr9_DqAC--g,UCThW2XNsAaBKme5PUt7n-Zg,1
UCEgEQmRbtL5fwr9_DqAC--g,UCTwSut16JyAg3mX6LVUNGqA,1
UCEgEQmRbtL5fwr9_DqAC--g,UCTylKrsqkrBKIqubMu_5N0Q,1
UCEgEQmRbtL5fwr9_DqAC--g,UCUIIIPTVDVHAXqhC_5V6lPA,1
UCEgEQmRbtL5fwr9_DqAC--g,UCV0iizTBoOfdAFX_thfI9BA,1
UCEgEQmRbtL5fwr9_DqAC--g,UCWIZUtKJ636y-4TYrNvok0g,1
UCEgEQmRbtL5fwr9_DqAC--g,UCXSkL3ejZ8qWYyF_M7s_QKA,1
UCEgEQmRbtL5fwr9_DqAC--g,UCXXh7yg5KUFIWylTiKVEFKQ,1
UCEgEQmRbtL5fwr9_DqAC--g,UCXgr7vXlRrsaskPdo097kGA,1
UCEgEQmRbtL5fwr9_DqAC--g,UCXr8_5WtGeipe4haOoQDgyQ,1
UCEgEQmRbtL5fwr9_DqAC--g,UCYN4wSQ1Sx4_LurxLlW7MPg,1
UCEgEQmRbtL5fwr9_DqAC--g,UCYwpX26TrCxq8TvbKGRYLXA,1
UCEgEQmRbtL5fwr9_DqAC--g,UCZ51R_9Q9C0c8I3pAWhtmjQ,1
UCEgEQmRbtL5fwr9_DqAC--g,UCZLG9qH0tUjNhEGFIUt0CYw,1
UCEgEQmRbtL5fwr9_DqAC--g,UCcfdg8crmMJwEuLUsAhV7yg,1
UCEgEQmRbtL5fwr9_DqAC--g,UCfM3nrxtTQMY5jFx1v1J4Gg,1
UCEgEQmRbtL5fwr9_DqAC--g,UCgvw7xIdGFupzpt1Y_BFkEA,1
UCEgEQmRbtL5fwr9_DqAC--g,UCh5ESQvtzyHDhCA7XyekCFA,1
UCEgEQmRbtL5fwr9_DqAC--g,UChZknRmJkeGeQk0-mQuhDOg,1
UCEgEQmRbtL5fwr9_DqAC--g,UChep9kVb5gQmpodEEl10Xlg,1
UCEgEQmRbtL5fwr9_DqAC--g,UChgkn5Jt5tWKYMoEOuCjz3Q,1
UCEgEQmRbtL5fwr9_DqAC--g,UChs3tU2BcKOT0CezykvAsGw,1
UCEgEQmRbtL5fwr9_DqAC--g,UCi1b_TRQfgO1Z9O2gNGGWNA,1
UCEgEQmRbtL5fwr9_DqAC--g,UCiGRBf2RNF0WRKhRVT7zFoA,1
UCEgEQmRbtL5fwr9_DqAC--g,UCiMythXHsw7eQEMykCdmMUA,1
UCEgEQmRbtL5fwr9_DqAC--g,UCipetjeiWj4CZB6EbyYziZg,1
UCEgEQmRbtL5fwr9_DqAC--g,UCj-LL25XJnjxepPKCc3NGog,1
UCEgEQmRbtL5fwr9_DqAC--g,UCjSKM9j0Q7HLDr1hD6D-TUw,1
UCEgEQmRbtL5fwr9_DqAC--g,UCjmPuazZJzscrwvk0QR9RVw,1
UCEgEQmRbtL5fwr9_DqAC--g,UCkd9W714-947dEE6ZOEBATA,1
UCEgEQmRbtL5fwr9_DqAC--g,UCl0ekS9Tt0jJGtOEM18S63w,1
UCEgEQmRbtL5fwr9_DqAC--g,UCljDbleJul41G1TzOjOZAVA,1
UCEgEQmRbtL5fwr9_DqAC--g,UCmjppp6ujz3SAnULvP3sZMw,1
UCEgEQmRbtL5fwr9_DqAC--g,UCmvOgzmmXbjUthHy-WJ52hQ,1
UCEgEQmRbtL5fwr9_DqAC--g,UCp4iw5_5SmV9VGTFSNVGOmQ,1
UCEgEQmRbtL5fwr9_DqAC--g,UCpIdtvoFHVLGASGB5ySqIEA,1
UCEgEQmRbtL5fwr9_DqAC--g,UCpl8rF8uv_8uui-QRvuJaRA,1
UCEgEQmRbtL5fwr9_DqAC--g,UCplrIQtaPj6au60_f2-mOYw,1
UCEgEQmRbtL5fwr9_DqAC--g,UCpsKOkt5iWTbenzeuq7dsmQ,1
UCEgEQmRbtL5fwr9_DqAC--g,UCr1emrogPKkKTs_WTtx71xg,1
UCEgEQmRbtL5fwr9_DqAC--g,UCrJn_rbo_ENAdeqneS-RmRw,1
UCEgEQmRbtL5fwr9_DqAC--g,UCsJJAvrVGupdmhOqgtDp8dg,1
UCEgEQmRbtL5fwr9_DqAC--g,UCsSXdJct-nsS8DsABoEsaYA,1
UCEgEQmRbtL5fwr9_DqAC--g,UCsUCN0Yq_UyTvKjOJLmNrnQ,1
UCEgEQmRbtL5fwr9_DqAC--g,UCsjs5Hp_r86x1xbK6FAeqaA,1
UCEgEQmRbtL5fwr9_DqAC--g,UCtNfIBnc5S5DbbQj_yxgJTw,1
UCEgEQmRbtL5fwr9_DqAC--g,UCtUR3_CAiE7fCoZHM6cMfyQ,1
UCEgEQmRbtL5fwr9_DqAC--g,UCueV9cTyTDwgQSec1x2dYgA,1
UCEgEQmRbtL5fwr9_DqAC--g,UCujPF2nBgsTD62nWE3lcpIg,1
UCEgEQmRbtL5fwr9_DqAC--g,UCut6b9S98nv84cVX89PmKzA,1
UCEgEQmRbtL5fwr9_DqAC--g,UCvApqeCbLod-wejtT4CcVuA,1
UCEgEQmRbtL5fwr9_DqAC--g,UCwO2SXr0ggzwg6QWWrr01nQ,1
UCEgEQmRbtL5fwr9_DqAC--g,UCwW2OFy95P7ZBkOPxWkpvYg,1
UCEgEQmRbtL5fwr9_DqAC--g,UCwha8rxULYMVtNwZWeSkE1A,1
UCEgEQmRbtL5fwr9_DqAC--g,UCxff05WuyvwELNITi7bj7UA,1
UCEgEQmRbtL5fwr9_DqAC--g,UCySYJU5kUh7X8gVt9la2ISA,1
UCEgEQmRbtL5fwr9_DqAC--g,UCylqlpsh8ENNM1LqgQ1KbxA,1
UCEgEQmRbtL5fwr9_DqAC--g,UCz3gu01bmjNv0DpRq-K3XYg,1
UCEgEQmRbtL5fwr9_DqAC--g,UCzSfZlOVxBSs5ObD25ywxDQ,1
UCEgEQmRbtL5fwr9_DqAC--g,UCzoL2l5H5eVlorWGH8AZfAg,1
UCErZPJpHmLCsXs8ZWkAUupQ,UCFUuDARXdmmIrLppEqf-rFg,1
UCErZPJpHmLCsXs8ZWkAUupQ,UCFhxtoeARHPnXXPcDrOU3Xg,1
UCErZPJpHmLCsXs8ZWkAUupQ,UCFjudnPLoaSL1BaRuLahyHg,1
UCErZPJpHmLCsXs8ZWkAUupQ,UCFoIAE8k82D6AV-8gjjKaNg,1
UCErZPJpHmLCsXs8ZWkAUupQ,UCFxE8GbokBrBsPEKM1xrOjQ,1
UCErZPJpHmLCsXs8ZWkAUupQ,UCGzXwyCzMzGmjmCbH3Hg01Q,1
UCErZPJpHmLCsXs8ZWkAUupQ,UCHTGCgY2l-DQJIvlA_cpa_Q,1
UCErZPJpHmLCsXs8ZWkAUupQ,UCHhHUjaMAZ8SiXdCUCj9DkQ,1
UCErZPJpHmLCsXs8ZWkAUupQ,UCKDR0f2fu2UzWL8mBv5-BHw,1
UCErZPJpHmLCsXs8ZWkAUupQ,UCL13XhnRzbGokEkCkEOb0-g,1
UCErZPJpHmLCsXs8ZWkAUupQ,UCL1MT278vSaQ83ZDkVWn1gw,1
UCErZPJpHmLCsXs8ZWkAUupQ,UCLFdHr9BEbXHkoJopbEPLZw,1
UCErZPJpHmLCsXs8ZWkAUupQ,UCLggDc_a5HriXv7I1h02sOA,1
UCErZPJpHmLCsXs8ZWkAUupQ,UCN6qbfPSzFtjhqUDZ3Cv3CQ,1
UCErZPJpHmLCsXs8ZWkAUupQ,UCNBnKqWf4d-rS4HwJRQljmQ,1
UCErZPJpHmLCsXs8ZWkAUupQ,UCNkcuy42zEwddwEcOd_HpnA,1
UCErZPJpHmLCsXs8ZWkAUupQ,UCOLGv5Pf6BF2wFcwUzgcvHg,1
UCErZPJpHmLCsXs8ZWkAUupQ,UCOS8ViEkccrTZx2w2ccxotA,1
UCErZPJpHmLCsXs8ZWkAUupQ,UCOh6DaZC_x9HASnlRylEMfw,1
UCErZPJpHmLCsXs8ZWkAUupQ,UCQ_-LPP8JAbfkc-b1Q6NvWw,1
UCErZPJpHmLCsXs8ZWkAUupQ,UCQgYjVngJRfPHDLGB5X6ZjA,1
UCErZPJpHmLCsXs8ZWkAUupQ,UCQqetiwzzmRNTM5OWuXarGQ,1
UCErZPJpHmLCsXs8ZWkAUupQ,UCQtICyzWmhC5woCtbNgaSmg,1
UCErZPJpHmLCsXs8ZWkAUupQ,UCQtSFINs1h6GHkpg9o5kMvg,1
UCErZPJpHmLCsXs8ZWkAUupQ,UCRETAiYdh2dL5ZxB0_N1zDA,1
UCErZPJpHmLCsXs8ZWkAUupQ,UCRelkU8JiZBytTzebJxaa-w,1
UCErZPJpHmLCsXs8ZWkAUupQ,UCRlCV9zSn7avAWh-9_XFWqQ,1
UCErZPJpHmLCsXs8ZWkAUupQ,UCSou6a2OuYGSvPjm5psquyA,1
UCErZPJpHmLCsXs8ZWkAUupQ,UCTD6q1nyIe3Y7HhqjaMj72w,1
UCErZPJpHmLCsXs8ZWkAUupQ,UCTP3O0rMnc8z8v8jaDQwL0w,1
UCErZPJpHmLCsXs8ZWkAUupQ,UCThW2XNsAaBKme5PUt7n-Zg,1
UCErZPJpHmLCsXs8ZWkAUupQ,UCTwSut16JyAg3mX6LVUNGqA,1
UCErZPJpHmLCsXs8ZWkAUupQ,UCTylKrsqkrBKIqubMu_5N0Q,1
UCErZPJpHmLCsXs8ZWkAUupQ,UCUIIIPTVDVHAXqhC_5V6lPA,1
UCErZPJpHmLCsXs8ZWkAUupQ,UCV0iizTBoOfdAFX_thfI9BA,1
UCErZPJpHmLCsXs8ZWkAUupQ,UCWIZUtKJ636y-4TYrNvok0g,1
UCErZPJpHmLCsXs8ZWkAUupQ,UCXSkL3ejZ8qWYyF_M7s_QKA,1
UCErZPJpHmLCsXs8ZWkAUupQ,UCXXh7yg5KUFIWylTiKVEFKQ,1
UCErZPJpHmLCsXs8ZWkAUupQ,UCXgr7vXlRrsaskPdo097kGA,1
UCErZPJpHmLCsXs8ZWkAUupQ,UCXr8_5WtGeipe4haOoQDgyQ,1
UCErZPJpHmLCsXs8ZWkAUupQ,UCYN4wSQ1Sx4_LurxLlW7MPg,1
UCErZPJpHmLCsXs8ZWkAUupQ,UCYwpX26TrCxq8TvbKGRYLXA,1
UCErZPJpHmLCsXs8ZWkAUupQ,UCZ51R_9Q9C0c8I3pAWhtmjQ,1
UCErZPJpHmLCsXs8ZWkAUupQ,UCZLG9qH0tUjNhEGFIUt0CYw,1
UCErZPJpHmLCsXs8ZWkAUupQ,UCcfdg8crmMJwEuLUsAhV7yg,1
UCErZPJpHmLCsXs8ZWkAUupQ,UCfM3nrxtTQMY5jFx1v1J4Gg,1
UCErZPJpHmLCsXs8ZWkAUupQ,UCgvw7xIdGFupzpt1Y_BFkEA,1
UCErZPJpHmLCsXs8ZWkAUupQ,UCh5ESQvtzyHDhCA7XyekCFA,1
UCErZPJpHmLCsXs8ZWkAUupQ,UChZknRmJkeGeQk0-mQuhDOg,1
UCErZPJpHmLCsXs8ZWkAUupQ,UChep9kVb5gQmpodEEl10Xlg,1
UCErZPJpHmLCsXs8ZWkAUupQ,UChgkn5Jt5tWKYMoEOuCjz3Q,1
UCErZPJpHmLCsXs8ZWkAUupQ,UChs3tU2BcKOT0CezykvAsGw,1
UCErZPJpHmLCsXs8ZWkAUupQ,UCi1b_TRQfgO1Z9O2gNGGWNA,1
UCErZPJpHmLCsXs8ZWkAUupQ,UCiGRBf2RNF0WRKhRVT7zFoA,1
UCErZPJpHmLCsXs8ZWkAUupQ,UCiMythXHsw7eQEMykCdmMUA,1
UCErZPJpHmLCsXs8ZWkAUupQ,UCipetjeiWj4CZB6EbyYziZg,1
UCErZPJpHmLCsXs8ZWkAUupQ,UCj-LL25XJnjxepPKCc3NGog,1
UCErZPJpHmLCsXs8ZWkAUupQ,UCjSKM9j0Q7HLDr1hD6D-TUw,1
UCErZPJpHmLCsXs8ZWkAUupQ,UCjmPuazZJzscrwvk0QR9RVw,1
UCErZPJpHmLCsXs8ZWkAUupQ,UCkd9W714-947dEE6ZOEBATA,1
UCErZPJpHmLCsXs8ZWkAUupQ,UCl0ekS9Tt0jJGtOEM18S63w,1
UCErZPJpHmLCsXs8ZWkAUupQ,UCljDbleJul41G1TzOjOZAVA,1
UCErZPJpHmLCsXs8ZWkAUupQ,UCmjppp6ujz3SAnULvP3sZMw,1
UCErZPJpHmLCsXs8ZWkAUupQ,UCmvOgzmmXbjUthHy-WJ52hQ,1
UCErZPJpHmLCsXs8ZWkAUupQ,UCp4iw5_5SmV9VGTFSNVGOmQ,1
UCErZPJpHmLCsXs8ZWkAUupQ,UCpIdtvoFHVLGASGB5ySqIEA,1
UCErZPJpHmLCsXs8ZWkAUupQ,UCpl8rF8uv_8uui-QRvuJaRA,1
UCErZPJpHmLCsXs8ZWkAUupQ,UCplrIQtaPj6au60_f2-mOYw,1
UCErZPJpHmLCsXs8ZWkAUupQ,UCpsKOkt5iWTbenzeuq7dsmQ,1
UCErZPJpHmLCsXs8ZWkAUupQ,UCr1emrogPKkKTs_WTtx71xg,1
UCErZPJpHmLCsXs8ZWkAUupQ,UCrJn_rbo_ENAdeqneS-RmRw,1
UCErZPJpHmLCsXs8ZWkAUupQ,UCsJJAvrVGupdmhOqgtDp8dg,1
UCErZPJpHmLCsXs8ZWkAUupQ,UCsSXdJct-nsS8DsABoEsaYA,1
UCErZPJpHmLCsXs8ZWkAUupQ,UCsUCN0Yq_UyTvKjOJLmNrnQ,1
UCErZPJpHmLCsXs8ZWkAUupQ,UCsjs5Hp_r86x1xbK6FAeqaA,1
UCErZPJpHmLCsXs8ZWkAUupQ,UCtNfIBnc5S5DbbQj_yxgJTw,1
UCErZPJpHmLCsXs8ZWkAUupQ,UCtUR3_CAiE7fCoZHM6cMfyQ,1
UCErZPJpHmLCsXs8ZWkAUupQ,UCueV9cTyTDwgQSec1x2dYgA,1
UCErZPJpHmLCsXs8ZWkAUupQ,UCujPF2nBgsTD62nWE3lcpIg,1
UCErZPJpHmLCsXs8ZWkAUupQ,UCut6b9S98nv84cVX89PmKzA,1
UCErZPJpHmLCsXs8ZWkAUupQ,UCvApqeCbLod-wejtT4CcVuA,1
UCErZPJpHmLCsXs8ZWkAUupQ,UCwO2SXr0ggzwg6QWWrr01nQ,1
UCErZPJpHmLCsXs8ZWkAUupQ,UCwW2OFy95P7ZBkOPxWkpvYg,1
UCErZPJpHmLCsXs8ZWkAUupQ,UCwha8rxULYMVtNwZWeSkE1A,1
UCErZPJpHmLCsXs8ZWkAUupQ,UCxff05WuyvwELNITi7bj7UA,1
UCErZPJpHmLCsXs8ZWkAUupQ,UCySYJU5kUh7X8gVt9la2ISA,1
UCErZPJpHmLCsXs8ZWkAUupQ,UCylqlpsh8ENNM1LqgQ1KbxA,1
UCErZPJpHmLCsXs8ZWkAUupQ,UCz3gu01bmjNv0DpRq-K3XYg,1
UCErZPJpHmLCsXs8ZWkAUupQ,UCzSfZlOVxBSs5ObD25ywxDQ,1
UCErZPJpHmLCsXs8ZWkAUupQ,UCzoL2l5H5eVlorWGH8AZfAg,1
UCFUuDARXdmmIrLppEqf-rFg,UCFhxtoeARHPnXXPcDrOU3Xg,1
UCFUuDARXdmmIrLppEqf-rFg,UCFjudnPLoaSL1BaRuLahyHg,1
UCFUuDARXdmmIrLppEqf-rFg,UCFoIAE8k82D6AV-8gjjKaNg,1
UCFUuDARXdmmIrLppEqf-rFg,UCFxE8GbokBrBsPEKM1xrOjQ,1
UCFUuDARXdmmIrLppEqf-rFg,UCGzXwyCzMzGmjmCbH3Hg01Q,1
UCFUuDARXdmmIrLppEqf-rFg,UCHTGCgY2l-DQJIvlA_cpa_Q,1
UCFUuDARXdmmIrLppEqf-rFg,UCHhHUjaMAZ8SiXdCUCj9DkQ,1
UCFUuDARXdmmIrLppEqf-rFg,UCKDR0f2fu2UzWL8mBv5-BHw,1
UCFUuDARXdmmIrLppEqf-rFg,UCL13XhnRzbGokEkCkEOb0-g,1
UCFUuDARXdmmIrLppEqf-rFg,UCL1MT278vSaQ83ZDkVWn1gw,1
UCFUuDARXdmmIrLppEqf-rFg,UCLFdHr9BEbXHkoJopbEPLZw,1
UCFUuDARXdmmIrLppEqf-rFg,UCLggDc_a5HriXv7I1h02sOA,1
UCFUuDARXdmmIrLppEqf-rFg,UCN6qbfPSzFtjhqUDZ3Cv3CQ,1
UCFUuDARXdmmIrLppEqf-rFg,UCNBnKqWf4d-rS4HwJRQljmQ,1
UCFUuDARXdmmIrLppEqf-rFg,UCNkcuy42zEwddwEcOd_HpnA,1
UCFUuDARXdmmIrLppEqf-rFg,UCOLGv5Pf6BF2wFcwUzgcvHg,1
UCFUuDARXdmmIrLppEqf-rFg,UCOS8ViEkccrTZx2w2ccxotA,1
UCFUuDARXdmmIrLppEqf-rFg,UCOh6DaZC_x9HASnlRylEMfw,1
UCFUuDARXdmmIrLppEqf-rFg,UCQ_-LPP8JAbfkc-b1Q6NvWw,1
UCFUuDARXdmmIrLppEqf-rFg,UCQgYjVngJRfPHDLGB5X6ZjA,1
UCFUuDARXdmmIrLppEqf-rFg,UCQqetiwzzmRNTM5OWuXarGQ,1
UCFUuDARXdmmIrLppEqf-rFg,UCQtICyzWmhC5woCtbNgaSmg,1
UCFUuDARXdmmIrLppEqf-rFg,UCQtSFINs1h6GHkpg9o5kMvg,1
UCFUuDARXdmmIrLppEqf-rFg,UCRETAiYdh2dL5ZxB0_N1zDA,1
UCFUuDARXdmmIrLppEqf-rFg,UCRelkU8JiZBytTzebJxaa-w,1
UCFUuDARXdmmIrLppEqf-rFg,UCRlCV9zSn7avAWh-9_XFWqQ,1
UCFUuDARXdmmIrLppEqf-rFg,UCSou6a2OuYGSvPjm5psquyA,1
UCFUuDARXdmmIrLppEqf-rFg,UCTD6q1nyIe3Y7HhqjaMj72w,1
UCFUuDARXdmmIrLppEqf-rFg,UCTP3O0rMnc8z8v8jaDQwL0w,1
UCFUuDARXdmmIrLppEqf-rFg,UCThW2XNsAaBKme5PUt7n-Zg,1
UCFUuDARXdmmIrLppEqf-rFg,UCTwSut16JyAg3mX6LVUNGqA,1
UCFUuDARXdmmIrLppEqf-rFg,UCTylKrsqkrBKIqubMu_5N0Q,1
UCFUuDARXdmmIrLppEqf-rFg,UCUIIIPTVDVHAXqhC_5V6lPA,1
UCFUuDARXdmmIrLppEqf-rFg,UCV0iizTBoOfdAFX_thfI9BA,1
UCFUuDARXdmmIrLppEqf-rFg,UCWIZUtKJ636y-4TYrNvok0g,1
UCFUuDARXdmmIrLppEqf-rFg,UCXSkL3ejZ8qWYyF_M7s_QKA,1
UCFUuDARXdmmIrLppEqf-rFg,UCXXh7yg5KUFIWylTiKVEFKQ,1
UCFUuDARXdmmIrLppEqf-rFg,UCXgr7vXlRrsaskPdo097kGA,1
UCFUuDARXdmmIrLppEqf-rFg,UCXr8_5WtGeipe4haOoQDgyQ,1
UCFUuDARXdmmIrLppEqf-rFg,UCYN4wSQ1Sx4_LurxLlW7MPg,1
UCFUuDARXdmmIrLppEqf-rFg,UCYwpX26TrCxq8TvbKGRYLXA,1
UCFUuDARXdmmIrLppEqf-rFg,UCZ51R_9Q9C0c8I3pAWhtmjQ,1
UCFUuDARXdmmIrLppEqf-rFg,UCZLG9qH0tUjNhEGFIUt0CYw,1
UCFUuDARXdmmIrLppEqf-rFg,UCcfdg8crmMJwEuLUsAhV7yg,1
UCFUuDARXdmmIrLppEqf-rFg,UCfM3nrxtTQMY5jFx1v1J4Gg,1
UCFUuDARXdmmIrLppEqf-rFg,UCgvw7xIdGFupzpt1Y_BFkEA,1
UCFUuDARXdmmIrLppEqf-rFg,UCh5ESQvtzyHDhCA7XyekCFA,1
UCFUuDARXdmmIrLppEqf-rFg,UChZknRmJkeGeQk0-mQuhDOg,1
UCFUuDARXdmmIrLppEqf-rFg,UChep9kVb5gQmpodEEl10Xlg,1
UCFUuDARXdmmIrLppEqf-rFg,UChgkn5Jt5tWKYMoEOuCjz3Q,1
UCFUuDARXdmmIrLppEqf-rFg,UChs3tU2BcKOT0CezykvAsGw,1
UCFUuDARXdmmIrLppEqf-rFg,UCi1b_TRQfgO1Z9O2gNGGWNA,1
UCFUuDARXdmmIrLppEqf-rFg,UCiGRBf2RNF0WRKhRVT7zFoA,1
UCFUuDARXdmmIrLppEqf-rFg,UCiMythXHsw7eQEMykCdmMUA,1
UCFUuDARXdmmIrLppEqf-rFg,UCipetjeiWj4CZB6EbyYziZg,1
UCFUuDARXdmmIrLppEqf-rFg,UCj-LL25XJnjxepPKCc3NGog,1
UCFUuDARXdmmIrLppEqf-rFg,UCjSKM9j0Q7HLDr1hD6D-TUw,1
UCFUuDARXdmmIrLppEqf-rFg,UCjmPuazZJzscrwvk0QR9RVw,1
UCFUuDARXdmmIrLppEqf-rFg,UCkd9W714-947dEE6ZOEBATA,1
UCFUuDARXdmmIrLppEqf-rFg,UCl0ekS9Tt0jJGtOEM18S63w,1
UCFUuDARXdmmIrLppEqf-rFg,UCljDbleJul41G1TzOjOZAVA,1
UCFUuDARXdmmIrLppEqf-rFg,UCmjppp6ujz3SAnULvP3sZMw,1
UCFUuDARXdmmIrLppEqf-rFg,UCmvOgzmmXbjUthHy-WJ52hQ,1
UCFUuDARXdmmIrLppEqf-rFg,UCp4iw5_5SmV9VGTFSNVGOmQ,1
UCFUuDARXdmmIrLppEqf-rFg,UCpIdtvoFHVLGASGB5ySqIEA,1
UCFUuDARXdmmIrLppEqf-rFg,UCpl8rF8uv_8uui-QRvuJaRA,1
UCFUuDARXdmmIrLppEqf-rFg,UCplrIQtaPj6au60_f2-mOYw,1
UCFUuDARXdmmIrLppEqf-rFg,UCpsKOkt5iWTbenzeuq7dsmQ,1
UCFUuDARXdmmIrLppEqf-rFg,UCr1emrogPKkKTs_WTtx71xg,1
UCFUuDARXdmmIrLppEqf-rFg,UCrJn_rbo_ENAdeqneS-RmRw,1
UCFUuDARXdmmIrLppEqf-rFg,UCsJJAvrVGupdmhOqgtDp8dg,1
UCFUuDARXdmmIrLppEqf-rFg,UCsSXdJct-nsS8DsABoEsaYA,1
UCFUuDARXdmmIrLppEqf-rFg,UCsUCN0Yq_UyTvKjOJLmNrnQ,1
UCFUuDARXdmmIrLppEqf-rFg,UCsjs5Hp_r86x1xbK6FAeqaA,1
UCFUuDARXdmmIrLppEqf-rFg,UCtNfIBnc5S5DbbQj_yxgJTw,1
UCFUuDARXdmmIrLppEqf-rFg,UCtUR3_CAiE7fCoZHM6cMfyQ,1
UCFUuDARXdmmIrLppEqf-rFg,UCueV9cTyTDwgQSec1x2dYgA,1
UCFUuDARXdmmIrLppEqf-rFg,UCujPF2nBgsTD62nWE3lcpIg,1
UCFUuDARXdmmIrLppEqf-rFg,UCut6b9S98nv84cVX89PmKzA,1
UCFUuDARXdmmIrLppEqf-rFg,UCvApqeCbLod-wejtT4CcVuA,1
UCFUuDARXdmmIrLppEqf-rFg,UCwO2SXr0ggzwg6QWWrr01nQ,1
UCFUuDARXdmmIrLppEqf-rFg,UCwW2OFy95P7ZBkOPxWkpvYg,1
UCFUuDARXdmmIrLppEqf-rFg,UCwha8rxULYMVtNwZWeSkE1A,1
UCFUuDARXdmmIrLppEqf-rFg,UCxff05WuyvwELNITi7bj7UA,1
UCFUuDARXdmmIrLppEqf-rFg,UCySYJU5kUh7X8gVt9la2ISA,1
UCFUuDARXdmmIrLppEqf-rFg,UCylqlpsh8ENNM1LqgQ1KbxA,1
UCFUuDARXdmmIrLppEqf-rFg,UCz3gu01bmjNv0DpRq-K3XYg,1
UCFUuDARXdmmIrLppEqf-rFg,UCzSfZlOVxBSs5ObD25ywxDQ,1
UCFUuDARXdmmIrLppEqf-rFg,UCzoL2l5H5eVlorWGH8AZfAg,1
UCFhxtoeARHPnXXPcDrOU3Xg,UCFjudnPLoaSL1BaRuLahyHg,1
UCFhxtoeARHPnXXPcDrOU3Xg,UCFoIAE8k82D6AV-8gjjKaNg,1
UCFhxtoeARHPnXXPcDrOU3Xg,UCFxE8GbokBrBsPEKM1xrOjQ,1
UCFhxtoeARHPnXXPcDrOU3Xg,UCGzXwyCzMzGmjmCbH3Hg01Q,1
UCFhxtoeARHPnXXPcDrOU3Xg,UCHTGCgY2l-DQJIvlA_cpa_Q,1
UCFhxtoeARHPnXXPcDrOU3Xg,UCHhHUjaMAZ8SiXdCUCj9DkQ,1
UCFhxtoeARHPnXXPcDrOU3Xg,UCKDR0f2fu2UzWL8mBv5-BHw,1
UCFhxtoeARHPnXXPcDrOU3Xg,UCL13XhnRzbGokEkCkEOb0-g,1
UCFhxtoeARHPnXXPcDrOU3Xg,UCL1MT278vSaQ83ZDkVWn1gw,1
UCFhxtoeARHPnXXPcDrOU3Xg,UCLFdHr9BEbXHkoJopbEPLZw,1
UCFhxtoeARHPnXXPcDrOU3Xg,UCLggDc_a5HriXv7I1h02sOA,1
UCFhxtoeARHPnXXPcDrOU3Xg,UCN6qbfPSzFtjhqUDZ3Cv3CQ,1
UCFhxtoeARHPnXXPcDrOU3Xg,UCNBnKqWf4d-rS4HwJRQljmQ,1
UCFhxtoeARHPnXXPcDrOU3Xg,UCNkcuy42zEwddwEcOd_HpnA,1
UCFhxtoeARHPnXXPcDrOU3Xg,UCOLGv5Pf6BF2wFcwUzgcvHg,1
UCFhxtoeARHPnXXPcDrOU3Xg,UCOS8ViEkccrTZx2w2ccxotA,1
UCFhxtoeARHPnXXPcDrOU3Xg,UCOh6DaZC_x9HASnlRylEMfw,1
UCFhxtoeARHPnXXPcDrOU3Xg,UCQ_-LPP8JAbfkc-b1Q6NvWw,1
UCFhxtoeARHPnXXPcDrOU3Xg,UCQgYjVngJRfPHDLGB5X6ZjA,1
UCFhxtoeARHPnXXPcDrOU3Xg,UCQqetiwzzmRNTM5OWuXarGQ,1
UCFhxtoeARHPnXXPcDrOU3Xg,UCQtICyzWmhC5woCtbNgaSmg,1
UCFhxtoeARHPnXXPcDrOU3Xg,UCQtSFINs1h6GHkpg9o5kMvg,1
UCFhxtoeARHPnXXPcDrOU3Xg,UCRETAiYdh2dL5ZxB0_N1zDA,1
UCFhxtoeARHPnXXPcDrOU3Xg,UCRelkU8JiZBytTzebJxaa-w,1
UCFhxtoeARHPnXXPcDrOU3Xg,UCRlCV9zSn7avAWh-9_XFWqQ,1
UCFhxtoeARHPnXXPcDrOU3Xg,UCSou6a2OuYGSvPjm5psquyA,1
UCFhxtoeARHPnXXPcDrOU3Xg,UCTD6q1nyIe3Y7HhqjaMj72w,1
UCFhxtoeARHPnXXPcDrOU3Xg,UCTP3O0rMnc8z8v8jaDQwL0w,1
UCFhxtoeARHPnXXPcDrOU3Xg,UCThW2XNsAaBKme5PUt7n-Zg,1
UCFhxtoeARHPnXXPcDrOU3Xg,UCTwSut16JyAg3mX6LVUNGqA,1
UCFhxtoeARHPnXXPcDrOU3Xg,UCTylKrsqkrBKIqubMu_5N0Q,1
UCFhxtoeARHPnXXPcDrOU3Xg,UCUIIIPTVDVHAXqhC_5V6lPA,1
UCFhxtoeARHPnXXPcDrOU3Xg,UCV0iizTBoOfdAFX_thfI9BA,1
UCFhxtoeARHPnXXPcDrOU3Xg,UCWIZUtKJ636y-4TYrNvok0g,1
UCFhxtoeARHPnXXPcDrOU3Xg,UCXSkL3ejZ8qWYyF_M7s_QKA,1
UCFhxtoeARHPnXXPcDrOU3Xg,UCXXh7yg5KUFIWylTiKVEFKQ,1
UCFhxtoeARHPnXXPcDrOU3Xg,UCXgr7vXlRrsaskPdo097kGA,1
UCFhxtoeARHPnXXPcDrOU3Xg,UCXr8_5WtGeipe4haOoQDgyQ,1
UCFhxtoeARHPnXXPcDrOU3Xg,UCYN4wSQ1Sx4_LurxLlW7MPg,1
UCFhxtoeARHPnXXPcDrOU3Xg,UCYwpX26TrCxq8TvbKGRYLXA,1
UCFhxtoeARHPnXXPcDrOU3Xg,UCZ51R_9Q9C0c8I3pAWhtmjQ,1
UCFhxtoeARHPnXXPcDrOU3Xg,UCZLG9qH0tUjNhEGFIUt0CYw,1
UCFhxtoeARHPnXXPcDrOU3Xg,UCcfdg8crmMJwEuLUsAhV7yg,1
UCFhxtoeARHPnXXPcDrOU3Xg,UCfM3nrxtTQMY5jFx1v1J4Gg,1
UCFhxtoeARHPnXXPcDrOU3Xg,UCgvw7xIdGFupzpt1Y_BFkEA,1
UCFhxtoeARHPnXXPcDrOU3Xg,UCh5ESQvtzyHDhCA7XyekCFA,1
UCFhxtoeARHPnXXPcDrOU3Xg,UChZknRmJkeGeQk0-mQuhDOg,1
UCFhxtoeARHPnXXPcDrOU3Xg,UChep9kVb5gQmpodEEl10Xlg,1
UCFhxtoeARHPnXXPcDrOU3Xg,UChgkn5Jt5tWKYMoEOuCjz3Q,1
UCFhxtoeARHPnXXPcDrOU3Xg,UChs3tU2BcKOT0CezykvAsGw,1
UCFhxtoeARHPnXXPcDrOU3Xg,UCi1b_TRQfgO1Z9O2gNGGWNA,1
UCFhxtoeARHPnXXPcDrOU3Xg,UCiGRBf2RNF0WRKhRVT7zFoA,1
UCFhxtoeARHPnXXPcDrOU3Xg,UCiMythXHsw7eQEMykCdmMUA,1
UCFhxtoeARHPnXXPcDrOU3Xg,UCipetjeiWj4CZB6EbyYziZg,1
UCFhxtoeARHPnXXPcDrOU3Xg,UCj-LL25XJnjxepPKCc3NGog,1
UCFhxtoeARHPnXXPcDrOU3Xg,UCjSKM9j0Q7HLDr1hD6D-TUw,1
UCFhxtoeARHPnXXPcDrOU3Xg,UCjmPuazZJzscrwvk0QR9RVw,1
UCFhxtoeARHPnXXPcDrOU3Xg,UCkd9W714-947dEE6ZOEBATA,1
UCFhxtoeARHPnXXPcDrOU3Xg,UCl0ekS9Tt0jJGtOEM18S63w,1
UCFhxtoeARHPnXXPcDrOU3Xg,UCljDbleJul41G1TzOjOZAVA,1
UCFhxtoeARHPnXXPcDrOU3Xg,UCmjppp6ujz3SAnULvP3sZMw,1
UCFhxtoeARHPnXXPcDrOU3Xg,UCmvOgzmmXbjUthHy-WJ52hQ,1
UCFhxtoeARHPnXXPcDrOU3Xg,UCp4iw5_5SmV9VGTFSNVGOmQ,1
UCFhxtoeARHPnXXPcDrOU3Xg,UCpIdtvoFHVLGASGB5ySqIEA,1
UCFhxtoeARHPnXXPcDrOU3Xg,UCpl8rF8uv_8uui-QRvuJaRA,1
UCFhxtoeARHPnXXPcDrOU3Xg,UCplrIQtaPj6au60_f2-mOYw,1
UCFhxtoeARHPnXXPcDrOU3Xg,UCpsKOkt5iWTbenzeuq7dsmQ,1
UCFhxtoeARHPnXXPcDrOU3Xg,UCr1emrogPKkKTs_WTtx71xg,1
UCFhxtoeARHPnXXPcDrOU3Xg,UCrJn_rbo_ENAdeqneS-RmRw,1
UCFhxtoeARHPnXXPcDrOU3Xg,UCsJJAvrVGupdmhOqgtDp8dg,1
UCFhxtoeARHPnXXPcDrOU3Xg,UCsSXdJct-nsS8DsABoEsaYA,1
UCFhxtoeARHPnXXPcDrOU3Xg,UCsUCN0Yq_UyTvKjOJLmNrnQ,1
UCFhxtoeARHPnXXPcDrOU3Xg,UCsjs5Hp_r86x1xbK6FAeqaA,1
UCFhxtoeARHPnXXPcDrOU3Xg,UCtNfIBnc5S5DbbQj_yxgJTw,1
UCFhxtoeARHPnXXPcDrOU3Xg,UCtUR3_CAiE7fCoZHM6cMfyQ,1
UCFhxtoeARHPnXXPcDrOU3Xg,UCueV9cTyTDwgQSec1x2dYgA,1
UCFhxtoeARHPnXXPcDrOU3Xg,UCujPF2nBgsTD62nWE3lcpIg,1
UCFhxtoeARHPnXXPcDrOU3Xg,UCut6b9S98nv84cVX89PmKzA,1
UCFhxtoeARHPnXXPcDrOU3Xg,UCvApqeCbLod-wejtT4CcVuA,1
UCFhxtoeARHPnXXPcDrOU3Xg,UCwO2SXr0ggzwg6QWWrr01nQ,1
UCFhxtoeARHPnXXPcDrOU3Xg,UCwW2OFy95P7ZBkOPxWkpvYg,1
UCFhxtoeARHPnXXPcDrOU3Xg,UCwha8rxULYMVtNwZWeSkE1A,1
UCFhxtoeARHPnXXPcDrOU3Xg,UCxff05WuyvwELNITi7bj7UA,1
UCFhxtoeARHPnXXPcDrOU3Xg,UCySYJU5kUh7X8gVt9la2ISA,1
UCFhxtoeARHPnXXPcDrOU3Xg,UCylqlpsh8ENNM1LqgQ1KbxA,1
UCFhxtoeARHPnXXPcDrOU3Xg,UCz3gu01bmjNv0DpRq-K3XYg,1
UCFhxtoeARHPnXXPcDrOU3Xg,UCzSfZlOVxBSs5ObD25ywxDQ,1
UCFhxtoeARHPnXXPcDrOU3Xg,UCzoL2l5H5eVlorWGH8AZfAg,1
UCFjudnPLoaSL1BaRuLahyHg,UCFoIAE8k82D6AV-8gjjKaNg,1
UCFjudnPLoaSL1BaRuLahyHg,UCFxE8GbokBrBsPEKM1xrOjQ,1
UCFjudnPLoaSL1BaRuLahyHg,UCGzXwyCzMzGmjmCbH3Hg01Q,1
UCFjudnPLoaSL1BaRuLahyHg,UCHTGCgY2l-DQJIvlA_cpa_Q,1
UCFjudnPLoaSL1BaRuLahyHg,UCHhHUjaMAZ8SiXdCUCj9DkQ,1
UCFjudnPLoaSL1BaRuLahyHg,UCKDR0f2fu2UzWL8mBv5-BHw,1
UCFjudnPLoaSL1BaRuLahyHg,UCL13XhnRzbGokEkCkEOb0-g,1
UCFjudnPLoaSL1BaRuLahyHg,UCL1MT278vSaQ83ZDkVWn1gw,1
UCFjudnPLoaSL1BaRuLahyHg,UCLFdHr9BEbXHkoJopbEPLZw,1
UCFjudnPLoaSL1BaRuLahyHg,UCLggDc_a5HriXv7I1h02sOA,1
UCFjudnPLoaSL1BaRuLahyHg,UCN6qbfPSzFtjhqUDZ3Cv3CQ,1
UCFjudnPLoaSL1BaRuLahyHg,UCNBnKqWf4d-rS4HwJRQljmQ,1
UCFjudnPLoaSL1BaRuLahyHg,UCNkcuy42zEwddwEcOd_HpnA,1
UCFjudnPLoaSL1BaRuLahyHg,UCOLGv5Pf6BF2wFcwUzgcvHg,1
UCFjudnPLoaSL1BaRuLahyHg,UCOS8ViEkccrTZx2w2ccxotA,1
UCFjudnPLoaSL1BaRuLahyHg,UCOh6DaZC_x9HASnlRylEMfw,1
UCFjudnPLoaSL1BaRuLahyHg,UCQ_-LPP8JAbfkc-b1Q6NvWw,1
UCFjudnPLoaSL1BaRuLahyHg,UCQgYjVngJRfPHDLGB5X6ZjA,1
UCFjudnPLoaSL1BaRuLahyHg,UCQqetiwzzmRNTM5OWuXarGQ,1
UCFjudnPLoaSL1BaRuLahyHg,UCQtICyzWmhC5woCtbNgaSmg,1
UCFjudnPLoaSL1BaRuLahyHg,UCQtSFINs1h6GHkpg9o5kMvg,1
UCFjudnPLoaSL1BaRuLahyHg,UCRETAiYdh2dL5ZxB0_N1zDA,1
UCFjudnPLoaSL1BaRuLahyHg,UCRelkU8JiZBytTzebJxaa-w,1
UCFjudnPLoaSL1BaRuLahyHg,UCRlCV9zSn7avAWh-9_XFWqQ,1
UCFjudnPLoaSL1BaRuLahyHg,UCSou6a2OuYGSvPjm5psquyA,1
UCFjudnPLoaSL1BaRuLahyHg,UCTD6q1nyIe3Y7HhqjaMj72w,1
UCFjudnPLoaSL1BaRuLahyHg,UCTP3O0rMnc8z8v8jaDQwL0w,1
UCFjudnPLoaSL1BaRuLahyHg,UCThW2XNsAaBKme5PUt7n-Zg,1
UCFjudnPLoaSL1BaRuLahyHg,UCTwSut16JyAg3mX6LVUNGqA,1
UCFjudnPLoaSL1BaRuLahyHg,UCTylKrsqkrBKIqubMu_5N0Q,1
UCFjudnPLoaSL1BaRuLahyHg,UCUIIIPTVDVHAXqhC_5V6lPA,1
UCFjudnPLoaSL1BaRuLahyHg,UCV0iizTBoOfdAFX_thfI9BA,1
UCFjudnPLoaSL1BaRuLahyHg,UCWIZUtKJ636y-4TYrNvok0g,1
UCFjudnPLoaSL1BaRuLahyHg,UCXSkL3ejZ8qWYyF_M7s_QKA,1
UCFjudnPLoaSL1BaRuLahyHg,UCXXh7yg5KUFIWylTiKVEFKQ,1
UCFjudnPLoaSL1BaRuLahyHg,UCXgr7vXlRrsaskPdo097kGA,1
UCFjudnPLoaSL1BaRuLahyHg,UCXr8_5WtGeipe4haOoQDgyQ,1
UCFjudnPLoaSL1BaRuLahyHg,UCYN4wSQ1Sx4_LurxLlW7MPg,1
UCFjudnPLoaSL1BaRuLahyHg,UCYwpX26TrCxq8TvbKGRYLXA,1
UCFjudnPLoaSL1BaRuLahyHg,UCZ51R_9Q9C0c8I3pAWhtmjQ,1
UCFjudnPLoaSL1BaRuLahyHg,UCZLG9qH0tUjNhEGFIUt0CYw,1
UCFjudnPLoaSL1BaRuLahyHg,UCcfdg8crmMJwEuLUsAhV7yg,1
UCFjudnPLoaSL1BaRuLahyHg,UCfM3nrxtTQMY5jFx1v1J4Gg,1
UCFjudnPLoaSL1BaRuLahyHg,UCgvw7xIdGFupzpt1Y_BFkEA,1
UCFjudnPLoaSL1BaRuLahyHg,UCh5ESQvtzyHDhCA7XyekCFA,1
UCFjudnPLoaSL1BaRuLahyHg,UChZknRmJkeGeQk0-mQuhDOg,1
UCFjudnPLoaSL1BaRuLahyHg,UChep9kVb5gQmpodEEl10Xlg,1
UCFjudnPLoaSL1BaRuLahyHg,UChgkn5Jt5tWKYMoEOuCjz3Q,1
UCFjudnPLoaSL1BaRuLahyHg,UChs3tU2BcKOT0CezykvAsGw,1
UCFjudnPLoaSL1BaRuLahyHg,UCi1b_TRQfgO1Z9O2gNGGWNA,1
UCFjudnPLoaSL1BaRuLahyHg,UCiGRBf2RNF0WRKhRVT7zFoA,1
UCFjudnPLoaSL1BaRuLahyHg,UCiMythXHsw7eQEMykCdmMUA,1
UCFjudnPLoaSL1BaRuLahyHg,UCipetjeiWj4CZB6EbyYziZg,1
UCFjudnPLoaSL1BaRuLahyHg,UCj-LL25XJnjxepPKCc3NGog,1
UCFjudnPLoaSL1BaRuLahyHg,UCjSKM9j0Q7HLDr1hD6D-TUw,1
UCFjudnPLoaSL1BaRuLahyHg,UCjmPuazZJzscrwvk0QR9RVw,1
UCFjudnPLoaSL1BaRuLahyHg,UCkd9W714-947dEE6ZOEBATA,1
UCFjudnPLoaSL1BaRuLahyHg,UCl0ekS9Tt0jJGtOEM18S63w,1
UCFjudnPLoaSL1BaRuLahyHg,UCljDbleJul41G1TzOjOZAVA,1
UCFjudnPLoaSL1BaRuLahyHg,UCmjppp6ujz3SAnULvP3sZMw,1
UCFjudnPLoaSL1BaRuLahyHg,UCmvOgzmmXbjUthHy-WJ52hQ,1
UCFjudnPLoaSL1BaRuLahyHg,UCp4iw5_5SmV9VGTFSNVGOmQ,1
UCFjudnPLoaSL1BaRuLahyHg,UCpIdtvoFHVLGASGB5ySqIEA,1
UCFjudnPLoaSL1BaRuLahyHg,UCpl8rF8uv_8uui-QRvuJaRA,1
UCFjudnPLoaSL1BaRuLahyHg,UCplrIQtaPj6au60_f2-mOYw,1
UCFjudnPLoaSL1BaRuLahyHg,UCpsKOkt5iWTbenzeuq7dsmQ,1
UCFjudnPLoaSL1BaRuLahyHg,UCr1emrogPKkKTs_WTtx71xg,1
UCFjudnPLoaSL1BaRuLahyHg,UCrJn_rbo_ENAdeqneS-RmRw,1
UCFjudnPLoaSL1BaRuLahyHg,UCsJJAvrVGupdmhOqgtDp8dg,1
UCFjudnPLoaSL1BaRuLahyHg,UCsSXdJct-nsS8DsABoEsaYA,1
UCFjudnPLoaSL1BaRuLahyHg,UCsUCN0Yq_UyTvKjOJLmNrnQ,1
UCFjudnPLoaSL1BaRuLahyHg,UCsjs5Hp_r86x1xbK6FAeqaA,1
UCFjudnPLoaSL1BaRuLahyHg,UCtNfIBnc5S5DbbQj_yxgJTw,1
UCFjudnPLoaSL1BaRuLahyHg,UCtUR3_CAiE7fCoZHM6cMfyQ,1
UCFjudnPLoaSL1BaRuLahyHg,UCueV9cTyTDwgQSec1x2dYgA,1
UCFjudnPLoaSL1BaRuLahyHg,UCujPF2nBgsTD62nWE3lcpIg,1
UCFjudnPLoaSL1BaRuLahyHg,UCut6b9S98nv84cVX89PmKzA,1
UCFjudnPLoaSL1BaRuLahyHg,UCvApqeCbLod-wejtT4CcVuA,1
UCFjudnPLoaSL1BaRuLahyHg,UCwO2SXr0ggzwg6QWWrr01nQ,1
UCFjudnPLoaSL1BaRuLahyHg,UCwW2OFy95P7ZBkOPxWkpvYg,1
UCFjudnPLoaSL1BaRuLahyHg,UCwha8rxULYMVtNwZWeSkE1A,1
UCFjudnPLoaSL1BaRuLahyHg,UCxff05WuyvwELNITi7bj7UA,1
UCFjudnPLoaSL1BaRuLahyHg,UCySYJU5kUh7X8gVt9la2ISA,1
UCFjudnPLoaSL1BaRuLahyHg,UCylqlpsh8ENNM1LqgQ1KbxA,1
UCFjudnPLoaSL1BaRuLahyHg,UCz3gu01bmjNv0DpRq-K3XYg,1
UCFjudnPLoaSL1BaRuLahyHg,UCzSfZlOVxBSs5ObD25ywxDQ,1
UCFjudnPLoaSL1BaRuLahyHg,UCzoL2l5H5eVlorWGH8AZfAg,1
UCFoIAE8k82D6AV-8gjjKaNg,UCFxE8GbokBrBsPEKM1xrOjQ,1
UCFoIAE8k82D6AV-8gjjKaNg,UCGzXwyCzMzGmjmCbH3Hg01Q,1
UCFoIAE8k82D6AV-8gjjKaNg,UCHTGCgY2l-DQJIvlA_cpa_Q,1
UCFoIAE8k82D6AV-8gjjKaNg,UCHhHUjaMAZ8SiXdCUCj9DkQ,1
UCFoIAE8k82D6AV-8gjjKaNg,UCKDR0f2fu2UzWL8mBv5-BHw,1
UCFoIAE8k82D6AV-8gjjKaNg,UCL13XhnRzbGokEkCkEOb0-g,1
UCFoIAE8k82D6AV-8gjjKaNg,UCL1MT278vSaQ83ZDkVWn1gw,1
UCFoIAE8k82D6AV-8gjjKaNg,UCLFdHr9BEbXHkoJopbEPLZw,1
UCFoIAE8k82D6AV-8gjjKaNg,UCLggDc_a5HriXv7I1h02sOA,1
UCFoIAE8k82D6AV-8gjjKaNg,UCN6qbfPSzFtjhqUDZ3Cv3CQ,1
UCFoIAE8k82D6AV-8gjjKaNg,UCNBnKqWf4d-rS4HwJRQljmQ,1
UCFoIAE8k82D6AV-8gjjKaNg,UCNkcuy42zEwddwEcOd_HpnA,1
UCFoIAE8k82D6AV-8gjjKaNg,UCOLGv5Pf6BF2wFcwUzgcvHg,1
UCFoIAE8k82D6AV-8gjjKaNg,UCOS8ViEkccrTZx2w2ccxotA,1
UCFoIAE8k82D6AV-8gjjKaNg,UCOh6DaZC_x9HASnlRylEMfw,1
UCFoIAE8k82D6AV-8gjjKaNg,UCQ_-LPP8JAbfkc-b1Q6NvWw,1
UCFoIAE8k82D6AV-8gjjKaNg,UCQgYjVngJRfPHDLGB5X6ZjA,1
UCFoIAE8k82D6AV-8gjjKaNg,UCQqetiwzzmRNTM5OWuXarGQ,1
UCFoIAE8k82D6AV-8gjjKaNg,UCQtICyzWmhC5woCtbNgaSmg,1
UCFoIAE8k82D6AV-8gjjKaNg,UCQtSFINs1h6GHkpg9o5kMvg,1
UCFoIAE8k82D6AV-8gjjKaNg,UCRETAiYdh2dL5ZxB0_N1zDA,1
UCFoIAE8k82D6AV-8gjjKaNg,UCRelkU8JiZBytTzebJxaa-w,1
UCFoIAE8k82D6AV-8gjjKaNg,UCRlCV9zSn7avAWh-9_XFWqQ,1
UCFoIAE8k82D6AV-8gjjKaNg,UCSou6a2OuYGSvPjm5psquyA,1
UCFoIAE8k82D6AV-8gjjKaNg,UCTD6q1nyIe3Y7HhqjaMj72w,1
UCFoIAE8k82D6AV-8gjjKaNg,UCTP3O0rMnc8z8v8jaDQwL0w,1
UCFoIAE8k82D6AV-8gjjKaNg,UCThW2XNsAaBKme5PUt7n-Zg,1
UCFoIAE8k82D6AV-8gjjKaNg,UCTwSut16JyAg3mX6LVUNGqA,1
UCFoIAE8k82D6AV-8gjjKaNg,UCTylKrsqkrBKIqubMu_5N0Q,1
UCFoIAE8k82D6AV-8gjjKaNg,UCUIIIPTVDVHAXqhC_5V6lPA,1
UCFoIAE8k82D6AV-8gjjKaNg,UCV0iizTBoOfdAFX_thfI9BA,1
UCFoIAE8k82D6AV-8gjjKaNg,UCWIZUtKJ636y-4TYrNvok0g,1
UCFoIAE8k82D6AV-8gjjKaNg,UCXSkL3ejZ8qWYyF_M7s_QKA,1
UCFoIAE8k82D6AV-8gjjKaNg,UCXXh7yg5KUFIWylTiKVEFKQ,1
UCFoIAE8k82D6AV-8gjjKaNg,UCXgr7vXlRrsaskPdo097kGA,1
UCFoIAE8k82D6AV-8gjjKaNg,UCXr8_5WtGeipe4haOoQDgyQ,1
UCFoIAE8k82D6AV-8gjjKaNg,UCYN4wSQ1Sx4_LurxLlW7MPg,1
UCFoIAE8k82D6AV-8gjjKaNg,UCYwpX26TrCxq8TvbKGRYLXA,1
UCFoIAE8k82D6AV-8gjjKaNg,UCZ51R_9Q9C0c8I3pAWhtmjQ,1
UCFoIAE8k82D6AV-8gjjKaNg,UCZLG9qH0tUjNhEGFIUt0CYw,1
UCFoIAE8k82D6AV-8gjjKaNg,UCcfdg8crmMJwEuLUsAhV7yg,1
UCFoIAE8k82D6AV-8gjjKaNg,UCfM3nrxtTQMY5jFx1v1J4Gg,1
UCFoIAE8k82D6AV-8gjjKaNg,UCgvw7xIdGFupzpt1Y_BFkEA,1
UCFoIAE8k82D6AV-8gjjKaNg,UCh5ESQvtzyHDhCA7XyekCFA,1
UCFoIAE8k82D6AV-8gjjKaNg,UChZknRmJkeGeQk0-mQuhDOg,1
UCFoIAE8k82D6AV-8gjjKaNg,UChep9kVb5gQmpodEEl10Xlg,1
UCFoIAE8k82D6AV-8gjjKaNg,UChgkn5Jt5tWKYMoEOuCjz3Q,1
UCFoIAE8k82D6AV-8gjjKaNg,UChs3tU2BcKOT0CezykvAsGw,1
UCFoIAE8k82D6AV-8gjjKaNg,UCi1b_TRQfgO1Z9O2gNGGWNA,1
UCFoIAE8k82D6AV-8gjjKaNg,UCiGRBf2RNF0WRKhRVT7zFoA,1
UCFoIAE8k82D6AV-8gjjKaNg,UCiMythXHsw7eQEMykCdmMUA,1
UCFoIAE8k82D6AV-8gjjKaNg,UCipetjeiWj4CZB6EbyYziZg,1
UCFoIAE8k82D6AV-8gjjKaNg,UCj-LL25XJnjxepPKCc3NGog,1
UCFoIAE8k82D6AV-8gjjKaNg,UCjSKM9j0Q7HLDr1hD6D-TUw,1
UCFoIAE8k82D6AV-8gjjKaNg,UCjmPuazZJzscrwvk0QR9RVw,1
UCFoIAE8k82D6AV-8gjjKaNg,UCkd9W714-947dEE6ZOEBATA,1
UCFoIAE8k82D6AV-8gjjKaNg,UCl0ekS9Tt0jJGtOEM18S63w,1
UCFoIAE8k82D6AV-8gjjKaNg,UCljDbleJul41G1TzOjOZAVA,1
UCFoIAE8k82D6AV-8gjjKaNg,UCmjppp6ujz3SAnULvP3sZMw,1
UCFoIAE8k82D6AV-8gjjKaNg,UCmvOgzmmXbjUthHy-WJ52hQ,1
UCFoIAE8k82D6AV-8gjjKaNg,UCp4iw5_5SmV9VGTFSNVGOmQ,1
UCFoIAE8k82D6AV-8gjjKaNg,UCpIdtvoFHVLGASGB5ySqIEA,1
UCFoIAE8k82D6AV-8gjjKaNg,UCpl8rF8uv_8uui-QRvuJaRA,1
UCFoIAE8k82D6AV-8gjjKaNg,UCplrIQtaPj6au60_f2-mOYw,1
UCFoIAE8k82D6AV-8gjjKaNg,UCpsKOkt5iWTbenzeuq7dsmQ,1
UCFoIAE8k82D6AV-8gjjKaNg,UCr1emrogPKkKTs_WTtx71xg,1
UCFoIAE8k82D6AV-8gjjKaNg,UCrJn_rbo_ENAdeqneS-RmRw,1
UCFoIAE8k82D6AV-8gjjKaNg,UCsJJAvrVGupdmhOqgtDp8dg,1
UCFoIAE8k82D6AV-8gjjKaNg,UCsSXdJct-nsS8DsABoEsaYA,1
UCFoIAE8k82D6AV-8gjjKaNg,UCsUCN0Yq_UyTvKjOJLmNrnQ,1
UCFoIAE8k82D6AV-8gjjKaNg,UCsjs5Hp_r86x1xbK6FAeqaA,1
UCFoIAE8k82D6AV-8gjjKaNg,UCtNfIBnc5S5DbbQj_yxgJTw,1
UCFoIAE8k82D6AV-8gjjKaNg,UCtUR3_CAiE7fCoZHM6cMfyQ,1
UCFoIAE8k82D6AV-8gjjKaNg,UCueV9cTyTDwgQSec1x2dYgA,1
UCFoIAE8k82D6AV-8gjjKaNg,UCujPF2nBgsTD62nWE3lcpIg,1
UCFoIAE8k82D6AV-8gjjKaNg,UCut6b9S98nv84cVX89PmKzA,1
UCFoIAE8k82D6AV-8gjjKaNg,UCvApqeCbLod-wejtT4CcVuA,1
UCFoIAE8k82D6AV-8gjjKaNg,UCwO2SXr0ggzwg6QWWrr01nQ,1
UCFoIAE8k82D6AV-8gjjKaNg,UCwW2OFy95P7ZBkOPxWkpvYg,1
UCFoIAE8k82D6AV-8gjjKaNg,UCwha8rxULYMVtNwZWeSkE1A,1
UCFoIAE8k82D6AV-8gjjKaNg,UCxff05WuyvwELNITi7bj7UA,1
UCFoIAE8k82D6AV-8gjjKaNg,UCySYJU5kUh7X8gVt9la2ISA,1
UCFoIAE8k82D6AV-8gjjKaNg,UCylqlpsh8ENNM1LqgQ1KbxA,1
UCFoIAE8k82D6AV-8gjjKaNg,UCz3gu01bmjNv0DpRq-K3XYg,1
UCFoIAE8k82D6AV-8gjjKaNg,UCzSfZlOVxBSs5ObD25ywxDQ,1
UCFoIAE8k82D6AV-8gjjKaNg,UCzoL2l5H5eVlorWGH8AZfAg,1
UCFxE8GbokBrBsPEKM1xrOjQ,UCGzXwyCzMzGmjmCbH3Hg01Q,1
UCFxE8GbokBrBsPEKM1xrOjQ,UCHTGCgY2l-DQJIvlA_cpa_Q,1
UCFxE8GbokBrBsPEKM1xrOjQ,UCHhHUjaMAZ8SiXdCUCj9DkQ,1
UCFxE8GbokBrBsPEKM1xrOjQ,UCKDR0f2fu2UzWL8mBv5-BHw,1
UCFxE8GbokBrBsPEKM1xrOjQ,UCL13XhnRzbGokEkCkEOb0-g,1
UCFxE8GbokBrBsPEKM1xrOjQ,UCL1MT278vSaQ83ZDkVWn1gw,1
UCFxE8GbokBrBsPEKM1xrOjQ,UCLFdHr9BEbXHkoJopbEPLZw,1
UCFxE8GbokBrBsPEKM1xrOjQ,UCLggDc_a5HriXv7I1h02sOA,1
UCFxE8GbokBrBsPEKM1xrOjQ,UCN6qbfPSzFtjhqUDZ3Cv3CQ,1
UCFxE8GbokBrBsPEKM1xrOjQ,UCNBnKqWf4d-rS4HwJRQljmQ,1
UCFxE8GbokBrBsPEKM1xrOjQ,UCNkcuy42zEwddwEcOd_HpnA,1
UCFxE8GbokBrBsPEKM1xrOjQ,UCOLGv5Pf6BF2wFcwUzgcvHg,1
UCFxE8GbokBrBsPEKM1xrOjQ,UCOS8ViEkccrTZx2w2ccxotA,1
UCFxE8GbokBrBsPEKM1xrOjQ,UCOh6DaZC_x9HASnlRylEMfw,1
UCFxE8GbokBrBsPEKM1xrOjQ,UCQ_-LPP8JAbfkc-b1Q6NvWw,1
UCFxE8GbokBrBsPEKM1xrOjQ,UCQgYjVngJRfPHDLGB5X6ZjA,1
UCFxE8GbokBrBsPEKM1xrOjQ,UCQqetiwzzmRNTM5OWuXarGQ,1
UCFxE8GbokBrBsPEKM1xrOjQ,UCQtICyzWmhC5woCtbNgaSmg,1
UCFxE8GbokBrBsPEKM1xrOjQ,UCQtSFINs1h6GHkpg9o5kMvg,1
UCFxE8GbokBrBsPEKM1xrOjQ,UCRETAiYdh2dL5ZxB0_N1zDA,1
UCFxE8GbokBrBsPEKM1xrOjQ,UCRelkU8JiZBytTzebJxaa-w,1
UCFxE8GbokBrBsPEKM1xrOjQ,UCRlCV9zSn7avAWh-9_XFWqQ,1
UCFxE8GbokBrBsPEKM1xrOjQ,UCSou6a2OuYGSvPjm5psquyA,1
UCFxE8GbokBrBsPEKM1xrOjQ,UCTD6q1nyIe3Y7HhqjaMj72w,1
UCFxE8GbokBrBsPEKM1xrOjQ,UCTP3O0rMnc8z8v8jaDQwL0w,1
UCFxE8GbokBrBsPEKM1xrOjQ,UCThW2XNsAaBKme5PUt7n-Zg,1
UCFxE8GbokBrBsPEKM1xrOjQ,UCTwSut16JyAg3mX6LVUNGqA,1
UCFxE8GbokBrBsPEKM1xrOjQ,UCTylKrsqkrBKIqubMu_5N0Q,1
UCFxE8GbokBrBsPEKM1xrOjQ,UCUIIIPTVDVHAXqhC_5V6lPA,1
UCFxE8GbokBrBsPEKM1xrOjQ,UCV0iizTBoOfdAFX_thfI9BA,1
UCFxE8GbokBrBsPEKM1xrOjQ,UCWIZUtKJ636y-4TYrNvok0g,1
UCFxE8GbokBrBsPEKM1xrOjQ,UCXSkL3ejZ8qWYyF_M7s_QKA,1
UCFxE8GbokBrBsPEKM1xrOjQ,UCXXh7yg5KUFIWylTiKVEFKQ,1
UCFxE8GbokBrBsPEKM1xrOjQ,UCXgr7vXlRrsaskPdo097kGA,1
UCFxE8GbokBrBsPEKM1xrOjQ,UCXr8_5WtGeipe4haOoQDgyQ,1
UCFxE8GbokBrBsPEKM1xrOjQ,UCYN4wSQ1Sx4_LurxLlW7MPg,1
UCFxE8GbokBrBsPEKM1xrOjQ,UCYwpX26TrCxq8TvbKGRYLXA,1
UCFxE8GbokBrBsPEKM1xrOjQ,UCZ51R_9Q9C0c8I3pAWhtmjQ,1
UCFxE8GbokBrBsPEKM1xrOjQ,UCZLG9qH0tUjNhEGFIUt0CYw,1
UCFxE8GbokBrBsPEKM1xrOjQ,UCcfdg8crmMJwEuLUsAhV7yg,1
UCFxE8GbokBrBsPEKM1xrOjQ,UCfM3nrxtTQMY5jFx1v1J4Gg,1
UCFxE8GbokBrBsPEKM1xrOjQ,UCgvw7xIdGFupzpt1Y_BFkEA,1
UCFxE8GbokBrBsPEKM1xrOjQ,UCh5ESQvtzyHDhCA7XyekCFA,1
UCFxE8GbokBrBsPEKM1xrOjQ,UChZknRmJkeGeQk0-mQuhDOg,1
UCFxE8GbokBrBsPEKM1xrOjQ,UChep9kVb5gQmpodEEl10Xlg,1
UCFxE8GbokBrBsPEKM1xrOjQ,UChgkn5Jt5tWKYMoEOuCjz3Q,1
UCFxE8GbokBrBsPEKM1xrOjQ,UChs3tU2BcKOT0CezykvAsGw,1
UCFxE8GbokBrBsPEKM1xrOjQ,UCi1b_TRQfgO1Z9O2gNGGWNA,1
UCFxE8GbokBrBsPEKM1xrOjQ,UCiGRBf2RNF0WRKhRVT7zFoA,1
UCFxE8GbokBrBsPEKM1xrOjQ,UCiMythXHsw7eQEMykCdmMUA,1
UCFxE8GbokBrBsPEKM1xrOjQ,UCipetjeiWj4CZB6EbyYziZg,1
UCFxE8GbokBrBsPEKM1xrOjQ,UCj-LL25XJnjxepPKCc3NGog,1
UCFxE8GbokBrBsPEKM1xrOjQ,UCjSKM9j0Q7HLDr1hD6D-TUw,1
UCFxE8GbokBrBsPEKM1xrOjQ,UCjmPuazZJzscrwvk0QR9RVw,1
UCFxE8GbokBrBsPEKM1xrOjQ,UCkd9W714-947dEE6ZOEBATA,1
UCFxE8GbokBrBsPEKM1xrOjQ,UCl0ekS9Tt0jJGtOEM18S63w,1
UCFxE8GbokBrBsPEKM1xrOjQ,UCljDbleJul41G1TzOjOZAVA,1
UCFxE8GbokBrBsPEKM1xrOjQ,UCmjppp6ujz3SAnULvP3sZMw,1
UCFxE8GbokBrBsPEKM1xrOjQ,UCmvOgzmmXbjUthHy-WJ52hQ,1
UCFxE8GbokBrBsPEKM1xrOjQ,UCp4iw5_5SmV9VGTFSNVGOmQ,1
UCFxE8GbokBrBsPEKM1xrOjQ,UCpIdtvoFHVLGASGB5ySqIEA,1
UCFxE8GbokBrBsPEKM1xrOjQ,UCpl8rF8uv_8uui-QRvuJaRA,1
UCFxE8GbokBrBsPEKM1xrOjQ,UCplrIQtaPj6au60_f2-mOYw,1
UCFxE8GbokBrBsPEKM1xrOjQ,UCpsKOkt5iWTbenzeuq7dsmQ,1
UCFxE8GbokBrBsPEKM1xrOjQ,UCr1emrogPKkKTs_WTtx71xg,1
UCFxE8GbokBrBsPEKM1xrOjQ,UCrJn_rbo_ENAdeqneS-RmRw,1
UCFxE8GbokBrBsPEKM1xrOjQ,UCsJJAvrVGupdmhOqgtDp8dg,1
UCFxE8GbokBrBsPEKM1xrOjQ,UCsSXdJct-nsS8DsABoEsaYA,1
UCFxE8GbokBrBsPEKM1xrOjQ,UCsUCN0Yq_UyTvKjOJLmNrnQ,1
UCFxE8GbokBrBsPEKM1xrOjQ,UCsjs5Hp_r86x1xbK6FAeqaA,1
UCFxE8GbokBrBsPEKM1xrOjQ,UCtNfIBnc5S5DbbQj_yxgJTw,1
UCFxE8GbokBrBsPEKM1xrOjQ,UCtUR3_CAiE7fCoZHM6cMfyQ,1
UCFxE8GbokBrBsPEKM1xrOjQ,UCueV9cTyTDwgQSec1x2dYgA,1
UCFxE8GbokBrBsPEKM1xrOjQ,UCujPF2nBgsTD62nWE3lcpIg,1
UCFxE8GbokBrBsPEKM1xrOjQ,UCut6b9S98nv84cVX89PmKzA,1
UCFxE8GbokBrBsPEKM1xrOjQ,UCvApqeCbLod-wejtT4CcVuA,1
UCFxE8GbokBrBsPEKM1xrOjQ,UCwO2SXr0ggzwg6QWWrr01nQ,1
UCFxE8GbokBrBsPEKM1xrOjQ,UCwW2OFy95P7ZBkOPxWkpvYg,1
UCFxE8GbokBrBsPEKM1xrOjQ,UCwha8rxULYMVtNwZWeSkE1A,1
UCFxE8GbokBrBsPEKM1xrOjQ,UCxff05WuyvwELNITi7bj7UA,1
UCFxE8GbokBrBsPEKM1xrOjQ,UCySYJU5kUh7X8gVt9la2ISA,1
UCFxE8GbokBrBsPEKM1xrOjQ,UCylqlpsh8ENNM1LqgQ1KbxA,1
UCFxE8GbokBrBsPEKM1xrOjQ,UCz3gu01bmjNv0DpRq-K3XYg,1
UCFxE8GbokBrBsPEKM1xrOjQ,UCzSfZlOVxBSs5ObD25ywxDQ,1
UCFxE8GbokBrBsPEKM1xrOjQ,UCzoL2l5H5eVlorWGH8AZfAg,1
UCGzXwyCzMzGmjmCbH3Hg01Q,UCHTGCgY2l-DQJIvlA_cpa_Q,1
UCGzXwyCzMzGmjmCbH3Hg01Q,UCHhHUjaMAZ8SiXdCUCj9DkQ,1
UCGzXwyCzMzGmjmCbH3Hg01Q,UCKDR0f2fu2UzWL8mBv5-BHw,1
UCGzXwyCzMzGmjmCbH3Hg01Q,UCL13XhnRzbGokEkCkEOb0-g,1
UCGzXwyCzMzGmjmCbH3Hg01Q,UCL1MT278vSaQ83ZDkVWn1gw,1
UCGzXwyCzMzGmjmCbH3Hg01Q,UCLFdHr9BEbXHkoJopbEPLZw,1
UCGzXwyCzMzGmjmCbH3Hg01Q,UCLggDc_a5HriXv7I1h02sOA,1
UCGzXwyCzMzGmjmCbH3Hg01Q,UCN6qbfPSzFtjhqUDZ3Cv3CQ,1
UCGzXwyCzMzGmjmCbH3Hg01Q,UCNBnKqWf4d-rS4HwJRQljmQ,1
UCGzXwyCzMzGmjmCbH3Hg01Q,UCNkcuy42zEwddwEcOd_HpnA,1
UCGzXwyCzMzGmjmCbH3Hg01Q,UCOLGv5Pf6BF2wFcwUzgcvHg,1
UCGzXwyCzMzGmjmCbH3Hg01Q,UCOS8ViEkccrTZx2w2ccxotA,1
UCGzXwyCzMzGmjmCbH3Hg01Q,UCOh6DaZC_x9HASnlRylEMfw,1
UCGzXwyCzMzGmjmCbH3Hg01Q,UCQ_-LPP8JAbfkc-b1Q6NvWw,1
UCGzXwyCzMzGmjmCbH3Hg01Q,UCQgYjVngJRfPHDLGB5X6ZjA,1
UCGzXwyCzMzGmjmCbH3Hg01Q,UCQqetiwzzmRNTM5OWuXarGQ,1
UCGzXwyCzMzGmjmCbH3Hg01Q,UCQtICyzWmhC5woCtbNgaSmg,1
UCGzXwyCzMzGmjmCbH3Hg01Q,UCQtSFINs1h6GHkpg9o5kMvg,1
UCGzXwyCzMzGmjmCbH3Hg01Q,UCRETAiYdh2dL5ZxB0_N1zDA,1
UCGzXwyCzMzGmjmCbH3Hg01Q,UCRelkU8JiZBytTzebJxaa-w,1
UCGzXwyCzMzGmjmCbH3Hg01Q,UCRlCV9zSn7avAWh-9_XFWqQ,1
UCGzXwyCzMzGmjmCbH3Hg01Q,UCSou6a2OuYGSvPjm5psquyA,1
UCGzXwyCzMzGmjmCbH3Hg01Q,UCTD6q1nyIe3Y7HhqjaMj72w,1
UCGzXwyCzMzGmjmCbH3Hg01Q,UCTP3O0rMnc8z8v8jaDQwL0w,1
UCGzXwyCzMzGmjmCbH3Hg01Q,UCThW2XNsAaBKme5PUt7n-Zg,1
UCGzXwyCzMzGmjmCbH3Hg01Q,UCTwSut16JyAg3mX6LVUNGqA,1
UCGzXwyCzMzGmjmCbH3Hg01Q,UCTylKrsqkrBKIqubMu_5N0Q,1
UCGzXwyCzMzGmjmCbH3Hg01Q,UCUIIIPTVDVHAXqhC_5V6lPA,1
UCGzXwyCzMzGmjmCbH3Hg01Q,UCV0iizTBoOfdAFX_thfI9BA,1
UCGzXwyCzMzGmjmCbH3Hg01Q,UCWIZUtKJ636y-4TYrNvok0g,1
UCGzXwyCzMzGmjmCbH3Hg01Q,UCXSkL3ejZ8qWYyF_M7s_QKA,1
UCGzXwyCzMzGmjmCbH3Hg01Q,UCXXh7yg5KUFIWylTiKVEFKQ,1
UCGzXwyCzMzGmjmCbH3Hg01Q,UCXgr7vXlRrsaskPdo097kGA,1
UCGzXwyCzMzGmjmCbH3Hg01Q,UCXr8_5WtGeipe4haOoQDgyQ,1
UCGzXwyCzMzGmjmCbH3Hg01Q,UCYN4wSQ1Sx4_LurxLlW7MPg,1
UCGzXwyCzMzGmjmCbH3Hg01Q,UCYwpX26TrCxq8TvbKGRYLXA,1
UCGzXwyCzMzGmjmCbH3Hg01Q,UCZ51R_9Q9C0c8I3pAWhtmjQ,1
UCGzXwyCzMzGmjmCbH3Hg01Q,UCZLG9qH0tUjNhEGFIUt0CYw,1
UCGzXwyCzMzGmjmCbH3Hg01Q,UCcfdg8crmMJwEuLUsAhV7yg,1
UCGzXwyCzMzGmjmCbH3Hg01Q,UCfM3nrxtTQMY5jFx1v1J4Gg,1
UCGzXwyCzMzGmjmCbH3Hg01Q,UCgvw7xIdGFupzpt1Y_BFkEA,1
UCGzXwyCzMzGmjmCbH3Hg01Q,UCh5ESQvtzyHDhCA7XyekCFA,1
UCGzXwyCzMzGmjmCbH3Hg01Q,UChZknRmJkeGeQk0-mQuhDOg,1
UCGzXwyCzMzGmjmCbH3Hg01Q,UChep9kVb5gQmpodEEl10Xlg,1
UCGzXwyCzMzGmjmCbH3Hg01Q,UChgkn5Jt5tWKYMoEOuCjz3Q,1
UCGzXwyCzMzGmjmCbH3Hg01Q,UChs3tU2BcKOT0CezykvAsGw,1
UCGzXwyCzMzGmjmCbH3Hg01Q,UCi1b_TRQfgO1Z9O2gNGGWNA,1
UCGzXwyCzMzGmjmCbH3Hg01Q,UCiGRBf2RNF0WRKhRVT7zFoA,1
UCGzXwyCzMzGmjmCbH3Hg01Q,UCiMythXHsw7eQEMykCdmMUA,1
UCGzXwyCzMzGmjmCbH3Hg01Q,UCipetjeiWj4CZB6EbyYziZg,1
UCGzXwyCzMzGmjmCbH3Hg01Q,UCj-LL25XJnjxepPKCc3NGog,1
UCGzXwyCzMzGmjmCbH3Hg01Q,UCjSKM9j0Q7HLDr1hD6D-TUw,1
UCGzXwyCzMzGmjmCbH3Hg01Q,UCjmPuazZJzscrwvk0QR9RVw,1
UCGzXwyCzMzGmjmCbH3Hg01Q,UCkd9W714-947dEE6ZOEBATA,1
UCGzXwyCzMzGmjmCbH3Hg01Q,UCl0ekS9Tt0jJGtOEM18S63w,1
UCGzXwyCzMzGmjmCbH3Hg01Q,UCljDbleJul41G1TzOjOZAVA,1
UCGzXwyCzMzGmjmCbH3Hg01Q,UCmjppp6ujz3SAnULvP3sZMw,1
UCGzXwyCzMzGmjmCbH3Hg01Q,UCmvOgzmmXbjUthHy-WJ52hQ,1
UCGzXwyCzMzGmjmCbH3Hg01Q,UCp4iw5_5SmV9VGTFSNVGOmQ,1
UCGzXwyCzMzGmjmCbH3Hg01Q,UCpIdtvoFHVLGASGB5ySqIEA,1
UCGzXwyCzMzGmjmCbH3Hg01Q,UCpl8rF8uv_8uui-QRvuJaRA,1
UCGzXwyCzMzGmjmCbH3Hg01Q,UCplrIQtaPj6au60_f2-mOYw,1
UCGzXwyCzMzGmjmCbH3Hg01Q,UCpsKOkt5iWTbenzeuq7dsmQ,1
UCGzXwyCzMzGmjmCbH3Hg01Q,UCr1emrogPKkKTs_WTtx71xg,1
UCGzXwyCzMzGmjmCbH3Hg01Q,UCrJn_rbo_ENAdeqneS-RmRw,1
UCGzXwyCzMzGmjmCbH3Hg01Q,UCsJJAvrVGupdmhOqgtDp8dg,1
UCGzXwyCzMzGmjmCbH3Hg01Q,UCsSXdJct-nsS8DsABoEsaYA,1
UCGzXwyCzMzGmjmCbH3Hg01Q,UCsUCN0Yq_UyTvKjOJLmNrnQ,1
UCGzXwyCzMzGmjmCbH3Hg01Q,UCsjs5Hp_r86x1xbK6FAeqaA,1
UCGzXwyCzMzGmjmCbH3Hg01Q,UCtNfIBnc5S5DbbQj_yxgJTw,1
UCGzXwyCzMzGmjmCbH3Hg01Q,UCtUR3_CAiE7fCoZHM6cMfyQ,1
UCGzXwyCzMzGmjmCbH3Hg01Q,UCueV9cTyTDwgQSec1x2dYgA,1
UCGzXwyCzMzGmjmCbH3Hg01Q,UCujPF2nBgsTD62nWE3lcpIg,1
UCGzXwyCzMzGmjmCbH3Hg01Q,UCut6b9S98nv84cVX89PmKzA,1
UCGzXwyCzMzGmjmCbH3Hg01Q,UCvApqeCbLod-wejtT4CcVuA,1
UCGzXwyCzMzGmjmCbH3Hg01Q,UCwO2SXr0ggzwg6QWWrr01nQ,1
UCGzXwyCzMzGmjmCbH3Hg01Q,UCwW2OFy95P7ZBkOPxWkpvYg,1
UCGzXwyCzMzGmjmCbH3Hg01Q,UCwha8rxULYMVtNwZWeSkE1A,1
UCGzXwyCzMzGmjmCbH3Hg01Q,UCxff05WuyvwELNITi7bj7UA,1
UCGzXwyCzMzGmjmCbH3Hg01Q,UCySYJU5kUh7X8gVt9la2ISA,1
UCGzXwyCzMzGmjmCbH3Hg01Q,UCylqlpsh8ENNM1LqgQ1KbxA,1
UCGzXwyCzMzGmjmCbH3Hg01Q,UCz3gu01bmjNv0DpRq-K3XYg,1
UCGzXwyCzMzGmjmCbH3Hg01Q,UCzSfZlOVxBSs5ObD25ywxDQ,1
UCGzXwyCzMzGmjmCbH3Hg01Q,UCzoL2l5H5eVlorWGH8AZfAg,1
UCHTGCgY2l-DQJIvlA_cpa_Q,UCHhHUjaMAZ8SiXdCUCj9DkQ,1
UCHTGCgY2l-DQJIvlA_cpa_Q,UCKDR0f2fu2UzWL8mBv5-BHw,1
UCHTGCgY2l-DQJIvlA_cpa_Q,UCL13XhnRzbGokEkCkEOb0-g,1
UCHTGCgY2l-DQJIvlA_cpa_Q,UCL1MT278vSaQ83ZDkVWn1gw,1
UCHTGCgY2l-DQJIvlA_cpa_Q,UCLFdHr9BEbXHkoJopbEPLZw,1
UCHTGCgY2l-DQJIvlA_cpa_Q,UCLggDc_a5HriXv7I1h02sOA,1
UCHTGCgY2l-DQJIvlA_cpa_Q,UCN6qbfPSzFtjhqUDZ3Cv3CQ,1
UCHTGCgY2l-DQJIvlA_cpa_Q,UCNBnKqWf4d-rS4HwJRQljmQ,1
UCHTGCgY2l-DQJIvlA_cpa_Q,UCNkcuy42zEwddwEcOd_HpnA,1
UCHTGCgY2l-DQJIvlA_cpa_Q,UCOLGv5Pf6BF2wFcwUzgcvHg,1
UCHTGCgY2l-DQJIvlA_cpa_Q,UCOS8ViEkccrTZx2w2ccxotA,1
UCHTGCgY2l-DQJIvlA_cpa_Q,UCOh6DaZC_x9HASnlRylEMfw,1
UCHTGCgY2l-DQJIvlA_cpa_Q,UCQ_-LPP8JAbfkc-b1Q6NvWw,1
UCHTGCgY2l-DQJIvlA_cpa_Q,UCQgYjVngJRfPHDLGB5X6ZjA,1
UCHTGCgY2l-DQJIvlA_cpa_Q,UCQqetiwzzmRNTM5OWuXarGQ,1
UCHTGCgY2l-DQJIvlA_cpa_Q,UCQtICyzWmhC5woCtbNgaSmg,1
UCHTGCgY2l-DQJIvlA_cpa_Q,UCQtSFINs1h6GHkpg9o5kMvg,1
UCHTGCgY2l-DQJIvlA_cpa_Q,UCRETAiYdh2dL5ZxB0_N1zDA,1
UCHTGCgY2l-DQJIvlA_cpa_Q,UCRelkU8JiZBytTzebJxaa-w,1
UCHTGCgY2l-DQJIvlA_cpa_Q,UCRlCV9zSn7avAWh-9_XFWqQ,1
UCHTGCgY2l-DQJIvlA_cpa_Q,UCSou6a2OuYGSvPjm5psquyA,1
UCHTGCgY2l-DQJIvlA_cpa_Q,UCTD6q1nyIe3Y7HhqjaMj72w,1
UCHTGCgY2l-DQJIvlA_cpa_Q,UCTP3O0rMnc8z8v8jaDQwL0w,1
UCHTGCgY2l-DQJIvlA_cpa_Q,UCThW2XNsAaBKme5PUt7n-Zg,1
UCHTGCgY2l-DQJIvlA_cpa_Q,UCTwSut16JyAg3mX6LVUNGqA,1
UCHTGCgY2l-DQJIvlA_cpa_Q,UCTylKrsqkrBKIqubMu_5N0Q,1
UCHTGCgY2l-DQJIvlA_cpa_Q,UCUIIIPTVDVHAXqhC_5V6lPA,1
UCHTGCgY2l-DQJIvlA_cpa_Q,UCV0iizTBoOfdAFX_thfI9BA,1
UCHTGCgY2l-DQJIvlA_cpa_Q,UCWIZUtKJ636y-4TYrNvok0g,1
UCHTGCgY2l-DQJIvlA_cpa_Q,UCXSkL3ejZ8qWYyF_M7s_QKA,1
UCHTGCgY2l-DQJIvlA_cpa_Q,UCXXh7yg5KUFIWylTiKVEFKQ,1
UCHTGCgY2l-DQJIvlA_cpa_Q,UCXgr7vXlRrsaskPdo097kGA,1
UCHTGCgY2l-DQJIvlA_cpa_Q,UCXr8_5WtGeipe4haOoQDgyQ,1
UCHTGCgY2l-DQJIvlA_cpa_Q,UCYN4wSQ1Sx4_LurxLlW7MPg,1
UCHTGCgY2l-DQJIvlA_cpa_Q,UCYwpX26TrCxq8TvbKGRYLXA,1
UCHTGCgY2l-DQJIvlA_cpa_Q,UCZ51R_9Q9C0c8I3pAWhtmjQ,1
UCHTGCgY2l-DQJIvlA_cpa_Q,UCZLG9qH0tUjNhEGFIUt0CYw,1
UCHTGCgY2l-DQJIvlA_cpa_Q,UCcfdg8crmMJwEuLUsAhV7yg,1
UCHTGCgY2l-DQJIvlA_cpa_Q,UCfM3nrxtTQMY5jFx1v1J4Gg,1
UCHTGCgY2l-DQJIvlA_cpa_Q,UCgvw7xIdGFupzpt1Y_BFkEA,1
UCHTGCgY2l-DQJIvlA_cpa_Q,UCh5ESQvtzyHDhCA7XyekCFA,1
UCHTGCgY2l-DQJIvlA_cpa_Q,UChZknRmJkeGeQk0-mQuhDOg,1
UCHTGCgY2l-DQJIvlA_cpa_Q,UChep9kVb5gQmpodEEl10Xlg,1
UCHTGCgY2l-DQJIvlA_cpa_Q,UChgkn5Jt5tWKYMoEOuCjz3Q,1
UCHTGCgY2l-DQJIvlA_cpa_Q,UChs3tU2BcKOT0CezykvAsGw,1
UCHTGCgY2l-DQJIvlA_cpa_Q,UCi1b_TRQfgO1Z9O2gNGGWNA,1
UCHTGCgY2l-DQJIvlA_cpa_Q,UCiGRBf2RNF0WRKhRVT7zFoA,1
UCHTGCgY2l-DQJIvlA_cpa_Q,UCiMythXHsw7eQEMykCdmMUA,1
UCHTGCgY2l-DQJIvlA_cpa_Q,UCipetjeiWj4CZB6EbyYziZg,1
UCHTGCgY2l-DQJIvlA_cpa_Q,UCj-LL25XJnjxepPKCc3NGog,1
UCHTGCgY2l-DQJIvlA_cpa_Q,UCjSKM9j0Q7HLDr1hD6D-TUw,1
UCHTGCgY2l-DQJIvlA_cpa_Q,UCjmPuazZJzscrwvk0QR9RVw,1
UCHTGCgY2l-DQJIvlA_cpa_Q,UCkd9W714-947dEE6ZOEBATA,1
UCHTGCgY2l-DQJIvlA_cpa_Q,UCl0ekS9Tt0jJGtOEM18S63w,1
UCHTGCgY2l-DQJIvlA_cpa_Q,UCljDbleJul41G1TzOjOZAVA,1
UCHTGCgY2l-DQJIvlA_cpa_Q,UCmjppp6ujz3SAnULvP3sZMw,1
UCHTGCgY2l-DQJIvlA_cpa_Q,UCmvOgzmmXbjUthHy-WJ52hQ,1
UCHTGCgY2l-DQJIvlA_cpa_Q,UCp4iw5_5SmV9VGTFSNVGOmQ,1
UCHTGCgY2l-DQJIvlA_cpa_Q,UCpIdtvoFHVLGASGB5ySqIEA,1
UCHTGCgY2l-DQJIvlA_cpa_Q,UCpl8rF8uv_8uui-QRvuJaRA,1
UCHTGCgY2l-DQJIvlA_cpa_Q,UCplrIQtaPj6au60_f2-mOYw,1
UCHTGCgY2l-DQJIvlA_cpa_Q,UCpsKOkt5iWTbenzeuq7dsmQ,1
UCHTGCgY2l-DQJIvlA_cpa_Q,UCr1emrogPKkKTs_WTtx71xg,1
UCHTGCgY2l-DQJIvlA_cpa_Q,UCrJn_rbo_ENAdeqneS-RmRw,1
UCHTGCgY2l-DQJIvlA_cpa_Q,UCsJJAvrVGupdmhOqgtDp8dg,1
UCHTGCgY2l-DQJIvlA_cpa_Q,UCsSXdJct-nsS8DsABoEsaYA,1
UCHTGCgY2l-DQJIvlA_cpa_Q,UCsUCN0Yq_UyTvKjOJLmNrnQ,1
UCHTGCgY2l-DQJIvlA_cpa_Q,UCsjs5Hp_r86x1xbK6FAeqaA,1
UCHTGCgY2l-DQJIvlA_cpa_Q,UCtNfIBnc5S5DbbQj_yxgJTw,1
UCHTGCgY2l-DQJIvlA_cpa_Q,UCtUR3_CAiE7fCoZHM6cMfyQ,1
UCHTGCgY2l-DQJIvlA_cpa_Q,UCueV9cTyTDwgQSec1x2dYgA,1
UCHTGCgY2l-DQJIvlA_cpa_Q,UCujPF2nBgsTD62nWE3lcpIg,1
UCHTGCgY2l-DQJIvlA_cpa_Q,UCut6b9S98nv84cVX89PmKzA,1
UCHTGCgY2l-DQJIvlA_cpa_Q,UCvApqeCbLod-wejtT4CcVuA,1
UCHTGCgY2l-DQJIvlA_cpa_Q,UCwO2SXr0ggzwg6QWWrr01nQ,1
UCHTGCgY2l-DQJIvlA_cpa_Q,UCwW2OFy95P7ZBkOPxWkpvYg,1
UCHTGCgY2l-DQJIvlA_cpa_Q,UCwha8rxULYMVtNwZWeSkE1A,1
UCHTGCgY2l-DQJIvlA_cpa_Q,UCxff05WuyvwELNITi7bj7UA,1
UCHTGCgY2l-DQJIvlA_cpa_Q,UCySYJU5kUh7X8gVt9la2ISA,1
UCHTGCgY2l-DQJIvlA_cpa_Q,UCylqlpsh8ENNM1LqgQ1KbxA,1
UCHTGCgY2l-DQJIvlA_cpa_Q,UCz3gu01bmjNv0DpRq-K3XYg,1
UCHTGCgY2l-DQJIvlA_cpa_Q,UCzSfZlOVxBSs5ObD25ywxDQ,1
UCHTGCgY2l-DQJIvlA_cpa_Q,UCzoL2l5H5eVlorWGH8AZfAg,1
UCHhHUjaMAZ8SiXdCUCj9DkQ,UCKDR0f2fu2UzWL8mBv5-BHw,1
UCHhHUjaMAZ8SiXdCUCj9DkQ,UCL13XhnRzbGokEkCkEOb0-g,1
UCHhHUjaMAZ8SiXdCUCj9DkQ,UCL1MT278vSaQ83ZDkVWn1gw,1
UCHhHUjaMAZ8SiXdCUCj9DkQ,UCLFdHr9BEbXHkoJopbEPLZw,1
UCHhHUjaMAZ8SiXdCUCj9DkQ,UCLggDc_a5HriXv7I1h02sOA,1
UCHhHUjaMAZ8SiXdCUCj9DkQ,UCN6qbfPSzFtjhqUDZ3Cv3CQ,1
UCHhHUjaMAZ8SiXdCUCj9DkQ,UCNBnKqWf4d-rS4HwJRQljmQ,1
UCHhHUjaMAZ8SiXdCUCj9DkQ,UCNkcuy42zEwddwEcOd_HpnA,1
UCHhHUjaMAZ8SiXdCUCj9DkQ,UCOLGv5Pf6BF2wFcwUzgcvHg,1
UCHhHUjaMAZ8SiXdCUCj9DkQ,UCOS8ViEkccrTZx2w2ccxotA,1
UCHhHUjaMAZ8SiXdCUCj9DkQ,UCOh6DaZC_x9HASnlRylEMfw,1
UCHhHUjaMAZ8SiXdCUCj9DkQ,UCQ_-LPP8JAbfkc-b1Q6NvWw,1
UCHhHUjaMAZ8SiXdCUCj9DkQ,UCQgYjVngJRfPHDLGB5X6ZjA,1
UCHhHUjaMAZ8SiXdCUCj9DkQ,UCQqetiwzzmRNTM5OWuXarGQ,1
UCHhHUjaMAZ8SiXdCUCj9DkQ,UCQtICyzWmhC5woCtbNgaSmg,1
UCHhHUjaMAZ8SiXdCUCj9DkQ,UCQtSFINs1h6GHkpg9o5kMvg,1
UCHhHUjaMAZ8SiXdCUCj9DkQ,UCRETAiYdh2dL5ZxB0_N1zDA,1
UCHhHUjaMAZ8SiXdCUCj9DkQ,UCRelkU8JiZBytTzebJxaa-w,1
UCHhHUjaMAZ8SiXdCUCj9DkQ,UCRlCV9zSn7avAWh-9_XFWqQ,1
UCHhHUjaMAZ8SiXdCUCj9DkQ,UCSou6a2OuYGSvPjm5psquyA,1
UCHhHUjaMAZ8SiXdCUCj9DkQ,UCTD6q1nyIe3Y7HhqjaMj72w,1
UCHhHUjaMAZ8SiXdCUCj9DkQ,UCTP3O0rMnc8z8v8jaDQwL0w,1
UCHhHUjaMAZ8SiXdCUCj9DkQ,UCThW2XNsAaBKme5PUt7n-Zg,1
UCHhHUjaMAZ8SiXdCUCj9DkQ,UCTwSut16JyAg3mX6LVUNGqA,1
UCHhHUjaMAZ8SiXdCUCj9DkQ,UCTylKrsqkrBKIqubMu_5N0Q,1
UCHhHUjaMAZ8SiXdCUCj9DkQ,UCUIIIPTVDVHAXqhC_5V6lPA,1
UCHhHUjaMAZ8SiXdCUCj9DkQ,UCV0iizTBoOfdAFX_thfI9BA,1
UCHhHUjaMAZ8SiXdCUCj9DkQ,UCWIZUtKJ636y-4TYrNvok0g,1
UCHhHUjaMAZ8SiXdCUCj9DkQ,UCXSkL3ejZ8qWYyF_M7s_QKA,1
UCHhHUjaMAZ8SiXdCUCj9DkQ,UCXXh7yg5KUFIWylTiKVEFKQ,1
UCHhHUjaMAZ8SiXdCUCj9DkQ,UCXgr7vXlRrsaskPdo097kGA,1
UCHhHUjaMAZ8SiXdCUCj9DkQ,UCXr8_5WtGeipe4haOoQDgyQ,1
UCHhHUjaMAZ8SiXdCUCj9DkQ,UCYN4wSQ1Sx4_LurxLlW7MPg,1
UCHhHUjaMAZ8SiXdCUCj9DkQ,UCYwpX26TrCxq8TvbKGRYLXA,1
UCHhHUjaMAZ8SiXdCUCj9DkQ,UCZ51R_9Q9C0c8I3pAWhtmjQ,1
UCHhHUjaMAZ8SiXdCUCj9DkQ,UCZLG9qH0tUjNhEGFIUt0CYw,1
UCHhHUjaMAZ8SiXdCUCj9DkQ,UCcfdg8crmMJwEuLUsAhV7yg,1
UCHhHUjaMAZ8SiXdCUCj9DkQ,UCfM3nrxtTQMY5jFx1v1J4Gg,1
UCHhHUjaMAZ8SiXdCUCj9DkQ,UCgvw7xIdGFupzpt1Y_BFkEA,1
UCHhHUjaMAZ8SiXdCUCj9DkQ,UCh5ESQvtzyHDhCA7XyekCFA,1
UCHhHUjaMAZ8SiXdCUCj9DkQ,UChZknRmJkeGeQk0-mQuhDOg,1
UCHhHUjaMAZ8SiXdCUCj9DkQ,UChep9kVb5gQmpodEEl10Xlg,1
UCHhHUjaMAZ8SiXdCUCj9DkQ,UChgkn5Jt5tWKYMoEOuCjz3Q,1
UCHhHUjaMAZ8SiXdCUCj9DkQ,UChs3tU2BcKOT0CezykvAsGw,1
UCHhHUjaMAZ8SiXdCUCj9DkQ,UCi1b_TRQfgO1Z9O2gNGGWNA,1
UCHhHUjaMAZ8SiXdCUCj9DkQ,UCiGRBf2RNF0WRKhRVT7zFoA,1
UCHhHUjaMAZ8SiXdCUCj9DkQ,UCiMythXHsw7eQEMykCdmMUA,1
UCHhHUjaMAZ8SiXdCUCj9DkQ,UCipetjeiWj4CZB6EbyYziZg,1
UCHhHUjaMAZ8SiXdCUCj9DkQ,UCj-LL25XJnjxepPKCc3NGog,1
UCHhHUjaMAZ8SiXdCUCj9DkQ,UCjSKM9j0Q7HLDr1hD6D-TUw,1
UCHhHUjaMAZ8SiXdCUCj9DkQ,UCjmPuazZJzscrwvk0QR9RVw,1
UCHhHUjaMAZ8SiXdCUCj9DkQ,UCkd9W714-947dEE6ZOEBATA,1
UCHhHUjaMAZ8SiXdCUCj9DkQ,UCl0ekS9Tt0jJGtOEM18S63w,1
UCHhHUjaMAZ8SiXdCUCj9DkQ,UCljDbleJul41G1TzOjOZAVA,1
UCHhHUjaMAZ8SiXdCUCj9DkQ,UCmjppp6ujz3SAnULvP3sZMw,1
UCHhHUjaMAZ8SiXdCUCj9DkQ,UCmvOgzmmXbjUthHy-WJ52hQ,1
UCHhHUjaMAZ8SiXdCUCj9DkQ,UCp4iw5_5SmV9VGTFSNVGOmQ,1
UCHhHUjaMAZ8SiXdCUCj9DkQ,UCpIdtvoFHVLGASGB5ySqIEA,1
UCHhHUjaMAZ8SiXdCUCj9DkQ,UCpl8rF8uv_8uui-QRvuJaRA,1
UCHhHUjaMAZ8SiXdCUCj9DkQ,UCplrIQtaPj6au60_f2-mOYw,1
UCHhHUjaMAZ8SiXdCUCj9DkQ,UCpsKOkt5iWTbenzeuq7dsmQ,1
UCHhHUjaMAZ8SiXdCUCj9DkQ,UCr1emrogPKkKTs_WTtx71xg,1
UCHhHUjaMAZ8SiXdCUCj9DkQ,UCrJn_rbo_ENAdeqneS-RmRw,1
UCHhHUjaMAZ8SiXdCUCj9DkQ,UCsJJAvrVGupdmhOqgtDp8dg,1
UCHhHUjaMAZ8SiXdCUCj9DkQ,UCsSXdJct-nsS8DsABoEsaYA,1
UCHhHUjaMAZ8SiXdCUCj9DkQ,UCsUCN0Yq_UyTvKjOJLmNrnQ,1
UCHhHUjaMAZ8SiXdCUCj9DkQ,UCsjs5Hp_r86x1xbK6FAeqaA,1
UCHhHUjaMAZ8SiXdCUCj9DkQ,UCtNfIBnc5S5DbbQj_yxgJTw,1
UCHhHUjaMAZ8SiXdCUCj9DkQ,UCtUR3_CAiE7fCoZHM6cMfyQ,1
UCHhHUjaMAZ8SiXdCUCj9DkQ,UCueV9cTyTDwgQSec1x2dYgA,1
UCHhHUjaMAZ8SiXdCUCj9DkQ,UCujPF2nBgsTD62nWE3lcpIg,1
UCHhHUjaMAZ8SiXdCUCj9DkQ,UCut6b9S98nv84cVX89PmKzA,1
UCHhHUjaMAZ8SiXdCUCj9DkQ,UCvApqeCbLod-wejtT4CcVuA,1
UCHhHUjaMAZ8SiXdCUCj9DkQ,UCwO2SXr0ggzwg6QWWrr01nQ,1
UCHhHUjaMAZ8SiXdCUCj9DkQ,UCwW2OFy95P7ZBkOPxWkpvYg,1
UCHhHUjaMAZ8SiXdCUCj9DkQ,UCwha8rxULYMVtNwZWeSkE1A,1
UCHhHUjaMAZ8SiXdCUCj9DkQ,UCxff05WuyvwELNITi7bj7UA,1
UCHhHUjaMAZ8SiXdCUCj9DkQ,UCySYJU5kUh7X8gVt9la2ISA,1
UCHhHUjaMAZ8SiXdCUCj9DkQ,UCylqlpsh8ENNM1LqgQ1KbxA,1
UCHhHUjaMAZ8SiXdCUCj9DkQ,UCz3gu01bmjNv0DpRq-K3XYg,1
UCHhHUjaMAZ8SiXdCUCj9DkQ,UCzSfZlOVxBSs5ObD25ywxDQ,1
UCHhHUjaMAZ8SiXdCUCj9DkQ,UCzoL2l5H5eVlorWGH8AZfAg,1
UCKDR0f2fu2UzWL8mBv5-BHw,UCL13XhnRzbGokEkCkEOb0-g,1
UCKDR0f2fu2UzWL8mBv5-BHw,UCL1MT278vSaQ83ZDkVWn1gw,1
UCKDR0f2fu2UzWL8mBv5-BHw,UCLFdHr9BEbXHkoJopbEPLZw,1
UCKDR0f2fu2UzWL8mBv5-BHw,UCLggDc_a5HriXv7I1h02sOA,1
UCKDR0f2fu2UzWL8mBv5-BHw,UCN6qbfPSzFtjhqUDZ3Cv3CQ,1
UCKDR0f2fu2UzWL8mBv5-BHw,UCNBnKqWf4d-rS4HwJRQljmQ,1
UCKDR0f2fu2UzWL8mBv5-BHw,UCNkcuy42zEwddwEcOd_HpnA,1
UCKDR0f2fu2UzWL8mBv5-BHw,UCOLGv5Pf6BF2wFcwUzgcvHg,1
UCKDR0f2fu2UzWL8mBv5-BHw,UCOS8ViEkccrTZx2w2ccxotA,1
UCKDR0f2fu2UzWL8mBv5-BHw,UCOh6DaZC_x9HASnlRylEMfw,1
UCKDR0f2fu2UzWL8mBv5-BHw,UCQ_-LPP8JAbfkc-b1Q6NvWw,1
UCKDR0f2fu2UzWL8mBv5-BHw,UCQgYjVngJRfPHDLGB5X6ZjA,1
UCKDR0f2fu2UzWL8mBv5-BHw,UCQqetiwzzmRNTM5OWuXarGQ,1
UCKDR0f2fu2UzWL8mBv5-BHw,UCQtICyzWmhC5woCtbNgaSmg,1
UCKDR0f2fu2UzWL8mBv5-BHw,UCQtSFINs1h6GHkpg9o5kMvg,1
UCKDR0f2fu2UzWL8mBv5-BHw,UCRETAiYdh2dL5ZxB0_N1zDA,1
UCKDR0f2fu2UzWL8mBv5-BHw,UCRelkU8JiZBytTzebJxaa-w,1
UCKDR0f2fu2UzWL8mBv5-BHw,UCRlCV9zSn7avAWh-9_XFWqQ,1
UCKDR0f2fu2UzWL8mBv5-BHw,UCSou6a2OuYGSvPjm5psquyA,1
UCKDR0f2fu2UzWL8mBv5-BHw,UCTD6q1nyIe3Y7HhqjaMj72w,1
UCKDR0f2fu2UzWL8mBv5-BHw,UCTP3O0rMnc8z8v8jaDQwL0w,1
UCKDR0f2fu2UzWL8mBv5-BHw,UCThW2XNsAaBKme5PUt7n-Zg,1
UCKDR0f2fu2UzWL8mBv5-BHw,UCTwSut16JyAg3mX6LVUNGqA,1
UCKDR0f2fu2UzWL8mBv5-BHw,UCTylKrsqkrBKIqubMu_5N0Q,1
UCKDR0f2fu2UzWL8mBv5-BHw,UCUIIIPTVDVHAXqhC_5V6lPA,1
UCKDR0f2fu2UzWL8mBv5-BHw,UCV0iizTBoOfdAFX_thfI9BA,1
UCKDR0f2fu2UzWL8mBv5-BHw,UCWIZUtKJ636y-4TYrNvok0g,1
UCKDR0f2fu2UzWL8mBv5-BHw,UCXSkL3ejZ8qWYyF_M7s_QKA,1
UCKDR0f2fu2UzWL8mBv5-BHw,UCXXh7yg5KUFIWylTiKVEFKQ,1
UCKDR0f2fu2UzWL8mBv5-BHw,UCXgr7vXlRrsaskPdo097kGA,1
UCKDR0f2fu2UzWL8mBv5-BHw,UCXr8_5WtGeipe4haOoQDgyQ,1
UCKDR0f2fu2UzWL8mBv5-BHw,UCYN4wSQ1Sx4_LurxLlW7MPg,1
UCKDR0f2fu2UzWL8mBv5-BHw,UCYwpX26TrCxq8TvbKGRYLXA,1
UCKDR0f2fu2UzWL8mBv5-BHw,UCZ51R_9Q9C0c8I3pAWhtmjQ,1
UCKDR0f2fu2UzWL8mBv5-BHw,UCZLG9qH0tUjNhEGFIUt0CYw,1
UCKDR0f2fu2UzWL8mBv5-BHw,UCcfdg8crmMJwEuLUsAhV7yg,1
UCKDR0f2fu2UzWL8mBv5-BHw,UCfM3nrxtTQMY5jFx1v1J4Gg,1
UCKDR0f2fu2UzWL8mBv5-BHw,UCgvw7xIdGFupzpt1Y_BFkEA,1
UCKDR0f2fu2UzWL8mBv5-BHw,UCh5ESQvtzyHDhCA7XyekCFA,1
UCKDR0f2fu2UzWL8mBv5-BHw,UChZknRmJkeGeQk0-mQuhDOg,1
UCKDR0f2fu2UzWL8mBv5-BHw,UChep9kVb5gQmpodEEl10Xlg,1
UCKDR0f2fu2UzWL8mBv5-BHw,UChgkn5Jt5tWKYMoEOuCjz3Q,1
UCKDR0f2fu2UzWL8mBv5-BHw,UChs3tU2BcKOT0CezykvAsGw,1
UCKDR0f2fu2UzWL8mBv5-BHw,UCi1b_TRQfgO1Z9O2gNGGWNA,1
UCKDR0f2fu2UzWL8mBv5-BHw,UCiGRBf2RNF0WRKhRVT7zFoA,1
UCKDR0f2fu2UzWL8mBv5-BHw,UCiMythXHsw7eQEMykCdmMUA,1
UCKDR0f2fu2UzWL8mBv5-BHw,UCipetjeiWj4CZB6EbyYziZg,1
UCKDR0f2fu2UzWL8mBv5-BHw,UCj-LL25XJnjxepPKCc3NGog,1
UCKDR0f2fu2UzWL8mBv5-BHw,UCjSKM9j0Q7HLDr1hD6D-TUw,1
UCKDR0f2fu2UzWL8mBv5-BHw,UCjmPuazZJzscrwvk0QR9RVw,1
UCKDR0f2fu2UzWL8mBv5-BHw,UCkd9W714-947dEE6ZOEBATA,1
UCKDR0f2fu2UzWL8mBv5-BHw,UCl0ekS9Tt0jJGtOEM18S63w,1
UCKDR0f2fu2UzWL8mBv5-BHw,UCljDbleJul41G1TzOjOZAVA,1
UCKDR0f2fu2UzWL8mBv5-BHw,UCmjppp6ujz3SAnULvP3sZMw,1
UCKDR0f2fu2UzWL8mBv5-BHw,UCmvOgzmmXbjUthHy-WJ52hQ,1
UCKDR0f2fu2UzWL8mBv5-BHw,UCp4iw5_5SmV9VGTFSNVGOmQ,1
UCKDR0f2fu2UzWL8mBv5-BHw,UCpIdtvoFHVLGASGB5ySqIEA,1
UCKDR0f2fu2UzWL8mBv5-BHw,UCpl8rF8uv_8uui-QRvuJaRA,1
UCKDR0f2fu2UzWL8mBv5-BHw,UCplrIQtaPj6au60_f2-mOYw,1
UCKDR0f2fu2UzWL8mBv5-BHw,UCpsKOkt5iWTbenzeuq7dsmQ,1
UCKDR0f2fu2UzWL8mBv5-BHw,UCr1emrogPKkKTs_WTtx71xg,1
UCKDR0f2fu2UzWL8mBv5-BHw,UCrJn_rbo_ENAdeqneS-RmRw,1
UCKDR0f2fu2UzWL8mBv5-BHw,UCsJJAvrVGupdmhOqgtDp8dg,1
UCKDR0f2fu2UzWL8mBv5-BHw,UCsSXdJct-nsS8DsABoEsaYA,1
UCKDR0f2fu2UzWL8mBv5-BHw,UCsUCN0Yq_UyTvKjOJLmNrnQ,1
UCKDR0f2fu2UzWL8mBv5-BHw,UCsjs5Hp_r86x1xbK6FAeqaA,1
UCKDR0f2fu2UzWL8mBv5-BHw,UCtNfIBnc5S5DbbQj_yxgJTw,1
UCKDR0f2fu2UzWL8mBv5-BHw,UCtUR3_CAiE7fCoZHM6cMfyQ,1
UCKDR0f2fu2UzWL8mBv5-BHw,UCueV9cTyTDwgQSec1x2dYgA,1
UCKDR0f2fu2UzWL8mBv5-BHw,UCujPF2nBgsTD62nWE3lcpIg,1
UCKDR0f2fu2UzWL8mBv5-BHw,UCut6b9S98nv84cVX89PmKzA,1
UCKDR0f2fu2UzWL8mBv5-BHw,UCvApqeCbLod-wejtT4CcVuA,1
UCKDR0f2fu2UzWL8mBv5-BHw,UCwO2SXr0ggzwg6QWWrr01nQ,1
UCKDR0f2fu2UzWL8mBv5-BHw,UCwW2OFy95P7ZBkOPxWkpvYg,1
UCKDR0f2fu2UzWL8mBv5-BHw,UCwha8rxULYMVtNwZWeSkE1A,1
UCKDR0f2fu2UzWL8mBv5-BHw,UCxff05WuyvwELNITi7bj7UA,1
UCKDR0f2fu2UzWL8mBv5-BHw,UCySYJU5kUh7X8gVt9la2ISA,1
UCKDR0f2fu2UzWL8mBv5-BHw,UCylqlpsh8ENNM1LqgQ1KbxA,1
UCKDR0f2fu2UzWL8mBv5-BHw,UCz3gu01bmjNv0DpRq-K3XYg,1
UCKDR0f2fu2UzWL8mBv5-BHw,UCzSfZlOVxBSs5ObD25ywxDQ,1
UCKDR0f2fu2UzWL8mBv5-BHw,UCzoL2l5H5eVlorWGH8AZfAg,1
UCL13XhnRzbGokEkCkEOb0-g,UCL1MT278vSaQ83ZDkVWn1gw,1
UCL13XhnRzbGokEkCkEOb0-g,UCLFdHr9BEbXHkoJopbEPLZw,1
UCL13XhnRzbGokEkCkEOb0-g,UCLggDc_a5HriXv7I1h02sOA,1
UCL13XhnRzbGokEkCkEOb0-g,UCN6qbfPSzFtjhqUDZ3Cv3CQ,1
UCL13XhnRzbGokEkCkEOb0-g,UCNBnKqWf4d-rS4HwJRQljmQ,1
UCL13XhnRzbGokEkCkEOb0-g,UCNkcuy42zEwddwEcOd_HpnA,1
UCL13XhnRzbGokEkCkEOb0-g,UCOLGv5Pf6BF2wFcwUzgcvHg,1
UCL13XhnRzbGokEkCkEOb0-g,UCOS8ViEkccrTZx2w2ccxotA,1
UCL13XhnRzbGokEkCkEOb0-g,UCOh6DaZC_x9HASnlRylEMfw,1
UCL13XhnRzbGokEkCkEOb0-g,UCQ_-LPP8JAbfkc-b1Q6NvWw,1
UCL13XhnRzbGokEkCkEOb0-g,UCQgYjVngJRfPHDLGB5X6ZjA,1
UCL13XhnRzbGokEkCkEOb0-g,UCQqetiwzzmRNTM5OWuXarGQ,1
UCL13XhnRzbGokEkCkEOb0-g,UCQtICyzWmhC5woCtbNgaSmg,1
UCL13XhnRzbGokEkCkEOb0-g,UCQtSFINs1h6GHkpg9o5kMvg,1
UCL13XhnRzbGokEkCkEOb0-g,UCRETAiYdh2dL5ZxB0_N1zDA,1
UCL13XhnRzbGokEkCkEOb0-g,UCRelkU8JiZBytTzebJxaa-w,1
UCL13XhnRzbGokEkCkEOb0-g,UCRlCV9zSn7avAWh-9_XFWqQ,1
UCL13XhnRzbGokEkCkEOb0-g,UCSou6a2OuYGSvPjm5psquyA,1
UCL13XhnRzbGokEkCkEOb0-g,UCTD6q1nyIe3Y7HhqjaMj72w,1
UCL13XhnRzbGokEkCkEOb0-g,UCTP3O0rMnc8z8v8jaDQwL0w,1
UCL13XhnRzbGokEkCkEOb0-g,UCThW2XNsAaBKme5PUt7n-Zg,1
UCL13XhnRzbGokEkCkEOb0-g,UCTwSut16JyAg3mX6LVUNGqA,1
UCL13XhnRzbGokEkCkEOb0-g,UCTylKrsqkrBKIqubMu_5N0Q,1
UCL13XhnRzbGokEkCkEOb0-g,UCUIIIPTVDVHAXqhC_5V6lPA,1
UCL13XhnRzbGokEkCkEOb0-g,UCV0iizTBoOfdAFX_thfI9BA,1
UCL13XhnRzbGokEkCkEOb0-g,UCWIZUtKJ636y-4TYrNvok0g,1
UCL13XhnRzbGokEkCkEOb0-g,UCXSkL3ejZ8qWYyF_M7s_QKA,1
UCL13XhnRzbGokEkCkEOb0-g,UCXXh7yg5KUFIWylTiKVEFKQ,1
UCL13XhnRzbGokEkCkEOb0-g,UCXgr7vXlRrsaskPdo097kGA,1
UCL13XhnRzbGokEkCkEOb0-g,UCXr8_5WtGeipe4haOoQDgyQ,1
UCL13XhnRzbGokEkCkEOb0-g,UCYN4wSQ1Sx4_LurxLlW7MPg,1
UCL13XhnRzbGokEkCkEOb0-g,UCYwpX26TrCxq8TvbKGRYLXA,1
UCL13XhnRzbGokEkCkEOb0-g,UCZ51R_9Q9C0c8I3pAWhtmjQ,1
UCL13XhnRzbGokEkCkEOb0-g,UCZLG9qH0tUjNhEGFIUt0CYw,1
UCL13XhnRzbGokEkCkEOb0-g,UCcfdg8crmMJwEuLUsAhV7yg,1
UCL13XhnRzbGokEkCkEOb0-g,UCfM3nrxtTQMY5jFx1v1J4Gg,1
UCL13XhnRzbGokEkCkEOb0-g,UCgvw7xIdGFupzpt1Y_BFkEA,1
UCL13XhnRzbGokEkCkEOb0-g,UCh5ESQvtzyHDhCA7XyekCFA,1
UCL13XhnRzbGokEkCkEOb0-g,UChZknRmJkeGeQk0-mQuhDOg,1
UCL13XhnRzbGokEkCkEOb0-g,UChep9kVb5gQmpodEEl10Xlg,1
UCL13XhnRzbGokEkCkEOb0-g,UChgkn5Jt5tWKYMoEOuCjz3Q,1
UCL13XhnRzbGokEkCkEOb0-g,UChs3tU2BcKOT0CezykvAsGw,1
UCL13XhnRzbGokEkCkEOb0-g,UCi1b_TRQfgO1Z9O2gNGGWNA,1
UCL13XhnRzbGokEkCkEOb0-g,UCiGRBf2RNF0WRKhRVT7zFoA,1
UCL13XhnRzbGokEkCkEOb0-g,UCiMythXHsw7eQEMykCdmMUA,1
UCL13XhnRzbGokEkCkEOb0-g,UCipetjeiWj4CZB6EbyYziZg,1
UCL13XhnRzbGokEkCkEOb0-g,UCj-LL25XJnjxepPKCc3NGog,1
UCL13XhnRzbGokEkCkEOb0-g,UCjSKM9j0Q7HLDr1hD6D-TUw,1
UCL13XhnRzbGokEkCkEOb0-g,UCjmPuazZJzscrwvk0QR9RVw,1
UCL13XhnRzbGokEkCkEOb0-g,UCkd9W714-947dEE6ZOEBATA,1
UCL13XhnRzbGokEkCkEOb0-g,UCl0ekS9Tt0jJGtOEM18S63w,1
UCL13XhnRzbGokEkCkEOb0-g,UCljDbleJul41G1TzOjOZAVA,1
UCL13XhnRzbGokEkCkEOb0-g,UCmjppp6ujz3SAnULvP3sZMw,1
UCL13XhnRzbGokEkCkEOb0-g,UCmvOgzmmXbjUthHy-WJ52hQ,1
UCL13XhnRzbGokEkCkEOb0-g,UCp4iw5_5SmV9VGTFSNVGOmQ,1
UCL13XhnRzbGokEkCkEOb0-g,UCpIdtvoFHVLGASGB5ySqIEA,1
UCL13XhnRzbGokEkCkEOb0-g,UCpl8rF8uv_8uui-QRvuJaRA,1
UCL13XhnRzbGokEkCkEOb0-g,UCplrIQtaPj6au60_f2-mOYw,1
UCL13XhnRzbGokEkCkEOb0-g,UCpsKOkt5iWTbenzeuq7dsmQ,1
UCL13XhnRzbGokEkCkEOb0-g,UCr1emrogPKkKTs_WTtx71xg,1
UCL13XhnRzbGokEkCkEOb0-g,UCrJn_rbo_ENAdeqneS-RmRw,1
UCL13XhnRzbGokEkCkEOb0-g,UCsJJAvrVGupdmhOqgtDp8dg,1
UCL13XhnRzbGokEkCkEOb0-g,UCsSXdJct-nsS8DsABoEsaYA,1
UCL13XhnRzbGokEkCkEOb0-g,UCsUCN0Yq_UyTvKjOJLmNrnQ,1
UCL13XhnRzbGokEkCkEOb0-g,UCsjs5Hp_r86x1xbK6FAeqaA,1
UCL13XhnRzbGokEkCkEOb0-g,UCtNfIBnc5S5DbbQj_yxgJTw,1
UCL13XhnRzbGokEkCkEOb0-g,UCtUR3_CAiE7fCoZHM6cMfyQ,1
UCL13XhnRzbGokEkCkEOb0-g,UCueV9cTyTDwgQSec1x2dYgA,1
UCL13XhnRzbGokEkCkEOb0-g,UCujPF2nBgsTD62nWE3lcpIg,1
UCL13XhnRzbGokEkCkEOb0-g,UCut6b9S98nv84cVX89PmKzA,1
UCL13XhnRzbGokEkCkEOb0-g,UCvApqeCbLod-wejtT4CcVuA,1
UCL13XhnRzbGokEkCkEOb0-g,UCwO2SXr0ggzwg6QWWrr01nQ,1
UCL13XhnRzbGokEkCkEOb0-g,UCwW2OFy95P7ZBkOPxWkpvYg,1
UCL13XhnRzbGokEkCkEOb0-g,UCwha8rxULYMVtNwZWeSkE1A,1
UCL13XhnRzbGokEkCkEOb0-g,UCxff05WuyvwELNITi7bj7UA,1
UCL13XhnRzbGokEkCkEOb0-g,UCySYJU5kUh7X8gVt9la2ISA,1
UCL13XhnRzbGokEkCkEOb0-g,UCylqlpsh8ENNM1LqgQ1KbxA,1
UCL13XhnRzbGokEkCkEOb0-g,UCz3gu01bmjNv0DpRq-K3XYg,1
UCL13XhnRzbGokEkCkEOb0-g,UCzSfZlOVxBSs5ObD25ywxDQ,1
UCL13XhnRzbGokEkCkEOb0-g,UCzoL2l5H5eVlorWGH8AZfAg,1
UCL1MT278vSaQ83ZDkVWn1gw,UCLFdHr9BEbXHkoJopbEPLZw,1
UCL1MT278vSaQ83ZDkVWn1gw,UCLggDc_a5HriXv7I1h02sOA,1
UCL1MT278vSaQ83ZDkVWn1gw,UCN6qbfPSzFtjhqUDZ3Cv3CQ,1
UCL1MT278vSaQ83ZDkVWn1gw,UCNBnKqWf4d-rS4HwJRQljmQ,1
UCL1MT278vSaQ83ZDkVWn1gw,UCNkcuy42zEwddwEcOd_HpnA,1
UCL1MT278vSaQ83ZDkVWn1gw,UCOLGv5Pf6BF2wFcwUzgcvHg,1
UCL1MT278vSaQ83ZDkVWn1gw,UCOS8ViEkccrTZx2w2ccxotA,1
UCL1MT278vSaQ83ZDkVWn1gw,UCOh6DaZC_x9HASnlRylEMfw,1
UCL1MT278vSaQ83ZDkVWn1gw,UCQ_-LPP8JAbfkc-b1Q6NvWw,1
UCL1MT278vSaQ83ZDkVWn1gw,UCQgYjVngJRfPHDLGB5X6ZjA,1
UCL1MT278vSaQ83ZDkVWn1gw,UCQqetiwzzmRNTM5OWuXarGQ,1
UCL1MT278vSaQ83ZDkVWn1gw,UCQtICyzWmhC5woCtbNgaSmg,1
UCL1MT278vSaQ83ZDkVWn1gw,UCQtSFINs1h6GHkpg9o5kMvg,1
UCL1MT278vSaQ83ZDkVWn1gw,UCRETAiYdh2dL5ZxB0_N1zDA,1
UCL1MT278vSaQ83ZDkVWn1gw,UCRelkU8JiZBytTzebJxaa-w,1
UCL1MT278vSaQ83ZDkVWn1gw,UCRlCV9zSn7avAWh-9_XFWqQ,1
UCL1MT278vSaQ83ZDkVWn1gw,UCSou6a2OuYGSvPjm5psquyA,1
UCL1MT278vSaQ83ZDkVWn1gw,UCTD6q1nyIe3Y7HhqjaMj72w,1
UCL1MT278vSaQ83ZDkVWn1gw,UCTP3O0rMnc8z8v8jaDQwL0w,1
UCL1MT278vSaQ83ZDkVWn1gw,UCThW2XNsAaBKme5PUt7n-Zg,1
UCL1MT278vSaQ83ZDkVWn1gw,UCTwSut16JyAg3mX6LVUNGqA,1
UCL1MT278vSaQ83ZDkVWn1gw,UCTylKrsqkrBKIqubMu_5N0Q,1
UCL1MT278vSaQ83ZDkVWn1gw,UCUIIIPTVDVHAXqhC_5V6lPA,1
UCL1MT278vSaQ83ZDkVWn1gw,UCV0iizTBoOfdAFX_thfI9BA,1
UCL1MT278vSaQ83ZDkVWn1gw,UCWIZUtKJ636y-4TYrNvok0g,1
UCL1MT278vSaQ83ZDkVWn1gw,UCXSkL3ejZ8qWYyF_M7s_QKA,1
UCL1MT278vSaQ83ZDkVWn1gw,UCXXh7yg5KUFIWylTiKVEFKQ,1
UCL1MT278vSaQ83ZDkVWn1gw,UCXgr7vXlRrsaskPdo097kGA,1
UCL1MT278vSaQ83ZDkVWn1gw,UCXr8_5WtGeipe4haOoQDgyQ,1
UCL1MT278vSaQ83ZDkVWn1gw,UCYN4wSQ1Sx4_LurxLlW7MPg,1
UCL1MT278vSaQ83ZDkVWn1gw,UCYwpX26TrCxq8TvbKGRYLXA,1
UCL1MT278vSaQ83ZDkVWn1gw,UCZ51R_9Q9C0c8I3pAWhtmjQ,1
UCL1MT278vSaQ83ZDkVWn1gw,UCZLG9qH0tUjNhEGFIUt0CYw,1
UCL1MT278vSaQ83ZDkVWn1gw,UCcfdg8crmMJwEuLUsAhV7yg,1
UCL1MT278vSaQ83ZDkVWn1gw,UCfM3nrxtTQMY5jFx1v1J4Gg,1
UCL1MT278vSaQ83ZDkVWn1gw,UCgvw7xIdGFupzpt1Y_BFkEA,1
UCL1MT278vSaQ83ZDkVWn1gw,UCh5ESQvtzyHDhCA7XyekCFA,1
UCL1MT278vSaQ83ZDkVWn1gw,UChZknRmJkeGeQk0-mQuhDOg,1
UCL1MT278vSaQ83ZDkVWn1gw,UChep9kVb5gQmpodEEl10Xlg,1
UCL1MT278vSaQ83ZDkVWn1gw,UChgkn5Jt5tWKYMoEOuCjz3Q,1
UCL1MT278vSaQ83ZDkVWn1gw,UChs3tU2BcKOT0CezykvAsGw,1
UCL1MT278vSaQ83ZDkVWn1gw,UCi1b_TRQfgO1Z9O2gNGGWNA,1
UCL1MT278vSaQ83ZDkVWn1gw,UCiGRBf2RNF0WRKhRVT7zFoA,1
UCL1MT278vSaQ83ZDkVWn1gw,UCiMythXHsw7eQEMykCdmMUA,1
UCL1MT278vSaQ83ZDkVWn1gw,UCipetjeiWj4CZB6EbyYziZg,1
UCL1MT278vSaQ83ZDkVWn1gw,UCj-LL25XJnjxepPKCc3NGog,1
UCL1MT278vSaQ83ZDkVWn1gw,UCjSKM9j0Q7HLDr1hD6D-TUw,1
UCL1MT278vSaQ83ZDkVWn1gw,UCjmPuazZJzscrwvk0QR9RVw,1
UCL1MT278vSaQ83ZDkVWn1gw,UCkd9W714-947dEE6ZOEBATA,1
UCL1MT278vSaQ83ZDkVWn1gw,UCl0ekS9Tt0jJGtOEM18S63w,1
UCL1MT278vSaQ83ZDkVWn1gw,UCljDbleJul41G1TzOjOZAVA,1
UCL1MT278vSaQ83ZDkVWn1gw,UCmjppp6ujz3SAnULvP3sZMw,1
UCL1MT278vSaQ83ZDkVWn1gw,UCmvOgzmmXbjUthHy-WJ52hQ,1
UCL1MT278vSaQ83ZDkVWn1gw,UCp4iw5_5SmV9VGTFSNVGOmQ,1
UCL1MT278vSaQ83ZDkVWn1gw,UCpIdtvoFHVLGASGB5ySqIEA,1
UCL1MT278vSaQ83ZDkVWn1gw,UCpl8rF8uv_8uui-QRvuJaRA,1
UCL1MT278vSaQ83ZDkVWn1gw,UCplrIQtaPj6au60_f2-mOYw,1
UCL1MT278vSaQ83ZDkVWn1gw,UCpsKOkt5iWTbenzeuq7dsmQ,1
UCL1MT278vSaQ83ZDkVWn1gw,UCr1emrogPKkKTs_WTtx71xg,1
UCL1MT278vSaQ83ZDkVWn1gw,UCrJn_rbo_ENAdeqneS-RmRw,1
UCL1MT278vSaQ83ZDkVWn1gw,UCsJJAvrVGupdmhOqgtDp8dg,1
UCL1MT278vSaQ83ZDkVWn1gw,UCsSXdJct-nsS8DsABoEsaYA,1
UCL1MT278vSaQ83ZDkVWn1gw,UCsUCN0Yq_UyTvKjOJLmNrnQ,1
UCL1MT278vSaQ83ZDkVWn1gw,UCsjs5Hp_r86x1xbK6FAeqaA,1
UCL1MT278vSaQ83ZDkVWn1gw,UCtNfIBnc5S5DbbQj_yxgJTw,1
UCL1MT278vSaQ83ZDkVWn1gw,UCtUR3_CAiE7fCoZHM6cMfyQ,1
UCL1MT278vSaQ83ZDkVWn1gw,UCueV9cTyTDwgQSec1x2dYgA,1
UCL1MT278vSaQ83ZDkVWn1gw,UCujPF2nBgsTD62nWE3lcpIg,1
UCL1MT278vSaQ83ZDkVWn1gw,UCut6b9S98nv84cVX89PmKzA,1
UCL1MT278vSaQ83ZDkVWn1gw,UCvApqeCbLod-wejtT4CcVuA,1
UCL1MT278vSaQ83ZDkVWn1gw,UCwO2SXr0ggzwg6QWWrr01nQ,1
UCL1MT278vSaQ83ZDkVWn1gw,UCwW2OFy95P7ZBkOPxWkpvYg,1
UCL1MT278vSaQ83ZDkVWn1gw,UCwha8rxULYMVtNwZWeSkE1A,1
UCL1MT278vSaQ83ZDkVWn1gw,UCxff05WuyvwELNITi7bj7UA,1
UCL1MT278vSaQ83ZDkVWn1gw,UCySYJU5kUh7X8gVt9la2ISA,1
UCL1MT278vSaQ83ZDkVWn1gw,UCylqlpsh8ENNM1LqgQ1KbxA,1
UCL1MT278vSaQ83ZDkVWn1gw,UCz3gu01bmjNv0DpRq-K3XYg,1
UCL1MT278vSaQ83ZDkVWn1gw,UCzSfZlOVxBSs5ObD25ywxDQ,1
UCL1MT278vSaQ83ZDkVWn1gw,UCzoL2l5H5eVlorWGH8AZfAg,1
UCLFdHr9BEbXHkoJopbEPLZw,UCLggDc_a5HriXv7I1h02sOA,1
UCLFdHr9BEbXHkoJopbEPLZw,UCN6qbfPSzFtjhqUDZ3Cv3CQ,1
UCLFdHr9BEbXHkoJopbEPLZw,UCNBnKqWf4d-rS4HwJRQljmQ,1
UCLFdHr9BEbXHkoJopbEPLZw,UCNkcuy42zEwddwEcOd_HpnA,1
UCLFdHr9BEbXHkoJopbEPLZw,UCOLGv5Pf6BF2wFcwUzgcvHg,1
UCLFdHr9BEbXHkoJopbEPLZw,UCOS8ViEkccrTZx2w2ccxotA,1
UCLFdHr9BEbXHkoJopbEPLZw,UCOh6DaZC_x9HASnlRylEMfw,1
UCLFdHr9BEbXHkoJopbEPLZw,UCQ_-LPP8JAbfkc-b1Q6NvWw,1
UCLFdHr9BEbXHkoJopbEPLZw,UCQgYjVngJRfPHDLGB5X6ZjA,1
UCLFdHr9BEbXHkoJopbEPLZw,UCQqetiwzzmRNTM5OWuXarGQ,1
UCLFdHr9BEbXHkoJopbEPLZw,UCQtICyzWmhC5woCtbNgaSmg,1
UCLFdHr9BEbXHkoJopbEPLZw,UCQtSFINs1h6GHkpg9o5kMvg,1
UCLFdHr9BEbXHkoJopbEPLZw,UCRETAiYdh2dL5ZxB0_N1zDA,1
UCLFdHr9BEbXHkoJopbEPLZw,UCRelkU8JiZBytTzebJxaa-w,1
UCLFdHr9BEbXHkoJopbEPLZw,UCRlCV9zSn7avAWh-9_XFWqQ,1
UCLFdHr9BEbXHkoJopbEPLZw,UCSou6a2OuYGSvPjm5psquyA,1
UCLFdHr9BEbXHkoJopbEPLZw,UCTD6q1nyIe3Y7HhqjaMj72w,1
UCLFdHr9BEbXHkoJopbEPLZw,UCTP3O0rMnc8z8v8jaDQwL0w,1
UCLFdHr9BEbXHkoJopbEPLZw,UCThW2XNsAaBKme5PUt7n-Zg,1
UCLFdHr9BEbXHkoJopbEPLZw,UCTwSut16JyAg3mX6LVUNGqA,1
UCLFdHr9BEbXHkoJopbEPLZw,UCTylKrsqkrBKIqubMu_5N0Q,1
UCLFdHr9BEbXHkoJopbEPLZw,UCUIIIPTVDVHAXqhC_5V6lPA,1
UCLFdHr9BEbXHkoJopbEPLZw,UCV0iizTBoOfdAFX_thfI9BA,1
UCLFdHr9BEbXHkoJopbEPLZw,UCWIZUtKJ636y-4TYrNvok0g,1
UCLFdHr9BEbXHkoJopbEPLZw,UCXSkL3ejZ8qWYyF_M7s_QKA,1
UCLFdHr9BEbXHkoJopbEPLZw,UCXXh7yg5KUFIWylTiKVEFKQ,1
UCLFdHr9BEbXHkoJopbEPLZw,UCXgr7vXlRrsaskPdo097kGA,1
UCLFdHr9BEbXHkoJopbEPLZw,UCXr8_5WtGeipe4haOoQDgyQ,1
UCLFdHr9BEbXHkoJopbEPLZw,UCYN4wSQ1Sx4_LurxLlW7MPg,1
UCLFdHr9BEbXHkoJopbEPLZw,UCYwpX26TrCxq8TvbKGRYLXA,1
UCLFdHr9BEbXHkoJopbEPLZw,UCZ51R_9Q9C0c8I3pAWhtmjQ,1
UCLFdHr9BEbXHkoJopbEPLZw,UCZLG9qH0tUjNhEGFIUt0CYw,1
UCLFdHr9BEbXHkoJopbEPLZw,UCcfdg8crmMJwEuLUsAhV7yg,1
UCLFdHr9BEbXHkoJopbEPLZw,UCfM3nrxtTQMY5jFx1v1J4Gg,1
UCLFdHr9BEbXHkoJopbEPLZw,UCgvw7xIdGFupzpt1Y_BFkEA,1
UCLFdHr9BEbXHkoJopbEPLZw,UCh5ESQvtzyHDhCA7XyekCFA,1
UCLFdHr9BEbXHkoJopbEPLZw,UChZknRmJkeGeQk0-mQuhDOg,1
UCLFdHr9BEbXHkoJopbEPLZw,UChep9kVb5gQmpodEEl10Xlg,1
UCLFdHr9BEbXHkoJopbEPLZw,UChgkn5Jt5tWKYMoEOuCjz3Q,1
UCLFdHr9BEbXHkoJopbEPLZw,UChs3tU2BcKOT0CezykvAsGw,1
UCLFdHr9BEbXHkoJopbEPLZw,UCi1b_TRQfgO1Z9O2gNGGWNA,1
UCLFdHr9BEbXHkoJopbEPLZw,UCiGRBf2RNF0WRKhRVT7zFoA,1
UCLFdHr9BEbXHkoJopbEPLZw,UCiMythXHsw7eQEMykCdmMUA,1
UCLFdHr9BEbXHkoJopbEPLZw,UCipetjeiWj4CZB6EbyYziZg,1
UCLFdHr9BEbXHkoJopbEPLZw,UCj-LL25XJnjxepPKCc3NGog,1
UCLFdHr9BEbXHkoJopbEPLZw,UCjSKM9j0Q7HLDr1hD6D-TUw,1
UCLFdHr9BEbXHkoJopbEPLZw,UCjmPuazZJzscrwvk0QR9RVw,1
UCLFdHr9BEbXHkoJopbEPLZw,UCkd9W714-947dEE6ZOEBATA,1
UCLFdHr9BEbXHkoJopbEPLZw,UCl0ekS9Tt0jJGtOEM18S63w,1
UCLFdHr9BEbXHkoJopbEPLZw,UCljDbleJul41G1TzOjOZAVA,1
UCLFdHr9BEbXHkoJopbEPLZw,UCmjppp6ujz3SAnULvP3sZMw,1
UCLFdHr9BEbXHkoJopbEPLZw,UCmvOgzmmXbjUthHy-WJ52hQ,1
UCLFdHr9BEbXHkoJopbEPLZw,UCp4iw5_5SmV9VGTFSNVGOmQ,1
UCLFdHr9BEbXHkoJopbEPLZw,UCpIdtvoFHVLGASGB5ySqIEA,1
UCLFdHr9BEbXHkoJopbEPLZw,UCpl8rF8uv_8uui-QRvuJaRA,1
UCLFdHr9BEbXHkoJopbEPLZw,UCplrIQtaPj6au60_f2-mOYw,1
UCLFdHr9BEbXHkoJopbEPLZw,UCpsKOkt5iWTbenzeuq7dsmQ,1
UCLFdHr9BEbXHkoJopbEPLZw,UCr1emrogPKkKTs_WTtx71xg,1
UCLFdHr9BEbXHkoJopbEPLZw,UCrJn_rbo_ENAdeqneS-RmRw,1
UCLFdHr9BEbXHkoJopbEPLZw,UCsJJAvrVGupdmhOqgtDp8dg,1
UCLFdHr9BEbXHkoJopbEPLZw,UCsSXdJct-nsS8DsABoEsaYA,1
UCLFdHr9BEbXHkoJopbEPLZw,UCsUCN0Yq_UyTvKjOJLmNrnQ,1
UCLFdHr9BEbXHkoJopbEPLZw,UCsjs5Hp_r86x1xbK6FAeqaA,1
UCLFdHr9BEbXHkoJopbEPLZw,UCtNfIBnc5S5DbbQj_yxgJTw,1
UCLFdHr9BEbXHkoJopbEPLZw,UCtUR3_CAiE7fCoZHM6cMfyQ,1
UCLFdHr9BEbXHkoJopbEPLZw,UCueV9cTyTDwgQSec1x2dYgA,1
UCLFdHr9BEbXHkoJopbEPLZw,UCujPF2nBgsTD62nWE3lcpIg,1
UCLFdHr9BEbXHkoJopbEPLZw,UCut6b9S98nv84cVX89PmKzA,1
UCLFdHr9BEbXHkoJopbEPLZw,UCvApqeCbLod-wejtT4CcVuA,1
UCLFdHr9BEbXHkoJopbEPLZw,UCwO2SXr0ggzwg6QWWrr01nQ,1
UCLFdHr9BEbXHkoJopbEPLZw,UCwW2OFy95P7ZBkOPxWkpvYg,1
UCLFdHr9BEbXHkoJopbEPLZw,UCwha8rxULYMVtNwZWeSkE1A,1
UCLFdHr9BEbXHkoJopbEPLZw,UCxff05WuyvwELNITi7bj7UA,1
UCLFdHr9BEbXHkoJopbEPLZw,UCySYJU5kUh7X8gVt9la2ISA,1
UCLFdHr9BEbXHkoJopbEPLZw,UCylqlpsh8ENNM1LqgQ1KbxA,1
UCLFdHr9BEbXHkoJopbEPLZw,UCz3gu01bmjNv0DpRq-K3XYg,1
UCLFdHr9BEbXHkoJopbEPLZw,UCzSfZlOVxBSs5ObD25ywxDQ,1
UCLFdHr9BEbXHkoJopbEPLZw,UCzoL2l5H5eVlorWGH8AZfAg,1
UCLggDc_a5HriXv7I1h02sOA,UCN6qbfPSzFtjhqUDZ3Cv3CQ,1
UCLggDc_a5HriXv7I1h02sOA,UCNBnKqWf4d-rS4HwJRQljmQ,1
UCLggDc_a5HriXv7I1h02sOA,UCNkcuy42zEwddwEcOd_HpnA,1
UCLggDc_a5HriXv7I1h02sOA,UCOLGv5Pf6BF2wFcwUzgcvHg,1
UCLggDc_a5HriXv7I1h02sOA,UCOS8ViEkccrTZx2w2ccxotA,1
UCLggDc_a5HriXv7I1h02sOA,UCOh6DaZC_x9HASnlRylEMfw,1
UCLggDc_a5HriXv7I1h02sOA,UCQ_-LPP8JAbfkc-b1Q6NvWw,1
UCLggDc_a5HriXv7I1h02sOA,UCQgYjVngJRfPHDLGB5X6ZjA,1
UCLggDc_a5HriXv7I1h02sOA,UCQqetiwzzmRNTM5OWuXarGQ,1
UCLggDc_a5HriXv7I1h02sOA,UCQtICyzWmhC5woCtbNgaSmg,1
UCLggDc_a5HriXv7I1h02sOA,UCQtSFINs1h6GHkpg9o5kMvg,1
UCLggDc_a5HriXv7I1h02sOA,UCRETAiYdh2dL5ZxB0_N1zDA,1
UCLggDc_a5HriXv7I1h02sOA,UCRelkU8JiZBytTzebJxaa-w,1
UCLggDc_a5HriXv7I1h02sOA,UCRlCV9zSn7avAWh-9_XFWqQ,1
UCLggDc_a5HriXv7I1h02sOA,UCSou6a2OuYGSvPjm5psquyA,1
UCLggDc_a5HriXv7I1h02sOA,UCTD6q1nyIe3Y7HhqjaMj72w,1
UCLggDc_a5HriXv7I1h02sOA,UCTP3O0rMnc8z8v8jaDQwL0w,1
UCLggDc_a5HriXv7I1h02sOA,UCThW2XNsAaBKme5PUt7n-Zg,1
UCLggDc_a5HriXv7I1h02sOA,UCTwSut16JyAg3mX6LVUNGqA,1
UCLggDc_a5HriXv7I1h02sOA,UCTylKrsqkrBKIqubMu_5N0Q,1
UCLggDc_a5HriXv7I1h02sOA,UCUIIIPTVDVHAXqhC_5V6lPA,1
UCLggDc_a5HriXv7I1h02sOA,UCV0iizTBoOfdAFX_thfI9BA,1
UCLggDc_a5HriXv7I1h02sOA,UCWIZUtKJ636y-4TYrNvok0g,1
UCLggDc_a5HriXv7I1h02sOA,UCXSkL3ejZ8qWYyF_M7s_QKA,1
UCLggDc_a5HriXv7I1h02sOA,UCXXh7yg5KUFIWylTiKVEFKQ,1
UCLggDc_a5HriXv7I1h02sOA,UCXgr7vXlRrsaskPdo097kGA,1
UCLggDc_a5HriXv7I1h02sOA,UCXr8_5WtGeipe4haOoQDgyQ,1
UCLggDc_a5HriXv7I1h02sOA,UCYN4wSQ1Sx4_LurxLlW7MPg,1
UCLggDc_a5HriXv7I1h02sOA,UCYwpX26TrCxq8TvbKGRYLXA,1
UCLggDc_a5HriXv7I1h02sOA,UCZ51R_9Q9C0c8I3pAWhtmjQ,1
UCLggDc_a5HriXv7I1h02sOA,UCZLG9qH0tUjNhEGFIUt0CYw,1
UCLggDc_a5HriXv7I1h02sOA,UCcfdg8crmMJwEuLUsAhV7yg,1
UCLggDc_a5HriXv7I1h02sOA,UCfM3nrxtTQMY5jFx1v1J4Gg,1
UCLggDc_a5HriXv7I1h02sOA,UCgvw7xIdGFupzpt1Y_BFkEA,1
UCLggDc_a5HriXv7I1h02sOA,UCh5ESQvtzyHDhCA7XyekCFA,1
UCLggDc_a5HriXv7I1h02sOA,UChZknRmJkeGeQk0-mQuhDOg,1
UCLggDc_a5HriXv7I1h02sOA,UChep9kVb5gQmpodEEl10Xlg,1
UCLggDc_a5HriXv7I1h02sOA,UChgkn5Jt5tWKYMoEOuCjz3Q,1
UCLggDc_a5HriXv7I1h02sOA,UChs3tU2BcKOT0CezykvAsGw,1
UCLggDc_a5HriXv7I1h02sOA,UCi1b_TRQfgO1Z9O2gNGGWNA,1
UCLggDc_a5HriXv7I1h02sOA,UCiGRBf2RNF0WRKhRVT7zFoA,1
UCLggDc_a5HriXv7I1h02sOA,UCiMythXHsw7eQEMykCdmMUA,1
UCLggDc_a5HriXv7I1h02sOA,UCipetjeiWj4CZB6EbyYziZg,1
UCLggDc_a5HriXv7I1h02sOA,UCj-LL25XJnjxepPKCc3NGog,1
UCLggDc_a5HriXv7I1h02sOA,UCjSKM9j0Q7HLDr1hD6D-TUw,1
UCLggDc_a5HriXv7I1h02sOA,UCjmPuazZJzscrwvk0QR9RVw,1
UCLggDc_a5HriXv7I1h02sOA,UCkd9W714-947dEE6ZOEBATA,1
UCLggDc_a5HriXv7I1h02sOA,UCl0ekS9Tt0jJGtOEM18S63w,1
UCLggDc_a5HriXv7I1h02sOA,UCljDbleJul41G1TzOjOZAVA,1
UCLggDc_a5HriXv7I1h02sOA,UCmjppp6ujz3SAnULvP3sZMw,1
UCLggDc_a5HriXv7I1h02sOA,UCmvOgzmmXbjUthHy-WJ52hQ,1
UCLggDc_a5HriXv7I1h02sOA,UCp4iw5_5SmV9VGTFSNVGOmQ,1
UCLggDc_a5HriXv7I1h02sOA,UCpIdtvoFHVLGASGB5ySqIEA,1
UCLggDc_a5HriXv7I1h02sOA,UCpl8rF8uv_8uui-QRvuJaRA,1
UCLggDc_a5HriXv7I1h02sOA,UCplrIQtaPj6au60_f2-mOYw,1
UCLggDc_a5HriXv7I1h02sOA,UCpsKOkt5iWTbenzeuq7dsmQ,1
UCLggDc_a5HriXv7I1h02sOA,UCr1emrogPKkKTs_WTtx71xg,1
UCLggDc_a5HriXv7I1h02sOA,UCrJn_rbo_ENAdeqneS-RmRw,1
UCLggDc_a5HriXv7I1h02sOA,UCsJJAvrVGupdmhOqgtDp8dg,1
UCLggDc_a5HriXv7I1h02sOA,UCsSXdJct-nsS8DsABoEsaYA,1
UCLggDc_a5HriXv7I1h02sOA,UCsUCN0Yq_UyTvKjOJLmNrnQ,1
UCLggDc_a5HriXv7I1h02sOA,UCsjs5Hp_r86x1xbK6FAeqaA,1
UCLggDc_a5HriXv7I1h02sOA,UCtNfIBnc5S5DbbQj_yxgJTw,1
UCLggDc_a5HriXv7I1h02sOA,UCtUR3_CAiE7fCoZHM6cMfyQ,1
UCLggDc_a5HriXv7I1h02sOA,UCueV9cTyTDwgQSec1x2dYgA,1
UCLggDc_a5HriXv7I1h02sOA,UCujPF2nBgsTD62nWE3lcpIg,1
UCLggDc_a5HriXv7I1h02sOA,UCut6b9S98nv84cVX89PmKzA,1
UCLggDc_a5HriXv7I1h02sOA,UCvApqeCbLod-wejtT4CcVuA,1
UCLggDc_a5HriXv7I1h02sOA,UCwO2SXr0ggzwg6QWWrr01nQ,1
UCLggDc_a5HriXv7I1h02sOA,UCwW2OFy95P7ZBkOPxWkpvYg,1
UCLggDc_a5HriXv7I1h02sOA,UCwha8rxULYMVtNwZWeSkE1A,1
UCLggDc_a5HriXv7I1h02sOA,UCxff05WuyvwELNITi7bj7UA,1
UCLggDc_a5HriXv7I1h02sOA,UCySYJU5kUh7X8gVt9la2ISA,1
UCLggDc_a5HriXv7I1h02sOA,UCylqlpsh8ENNM1LqgQ1KbxA,1
UCLggDc_a5HriXv7I1h02sOA,UCz3gu01bmjNv0DpRq-K3XYg,1
UCLggDc_a5HriXv7I1h02sOA,UCzSfZlOVxBSs5ObD25ywxDQ,1
UCLggDc_a5HriXv7I1h02sOA,UCzoL2l5H5eVlorWGH8AZfAg,1
UCN6qbfPSzFtjhqUDZ3Cv3CQ,UCNBnKqWf4d-rS4HwJRQljmQ,1
UCN6qbfPSzFtjhqUDZ3Cv3CQ,UCNkcuy42zEwddwEcOd_HpnA,1
UCN6qbfPSzFtjhqUDZ3Cv3CQ,UCOLGv5Pf6BF2wFcwUzgcvHg,1
UCN6qbfPSzFtjhqUDZ3Cv3CQ,UCOS8ViEkccrTZx2w2ccxotA,1
UCN6qbfPSzFtjhqUDZ3Cv3CQ,UCOh6DaZC_x9HASnlRylEMfw,1
UCN6qbfPSzFtjhqUDZ3Cv3CQ,UCQ_-LPP8JAbfkc-b1Q6NvWw,1
UCN6qbfPSzFtjhqUDZ3Cv3CQ,UCQgYjVngJRfPHDLGB5X6ZjA,1
UCN6qbfPSzFtjhqUDZ3Cv3CQ,UCQqetiwzzmRNTM5OWuXarGQ,1
UCN6qbfPSzFtjhqUDZ3Cv3CQ,UCQtICyzWmhC5woCtbNgaSmg,1
UCN6qbfPSzFtjhqUDZ3Cv3CQ,UCQtSFINs1h6GHkpg9o5kMvg,1
UCN6qbfPSzFtjhqUDZ3Cv3CQ,UCRETAiYdh2dL5ZxB0_N1zDA,1
UCN6qbfPSzFtjhqUDZ3Cv3CQ,UCRelkU8JiZBytTzebJxaa-w,1
UCN6qbfPSzFtjhqUDZ3Cv3CQ,UCRlCV9zSn7avAWh-9_XFWqQ,1
UCN6qbfPSzFtjhqUDZ3Cv3CQ,UCSou6a2OuYGSvPjm5psquyA,1
UCN6qbfPSzFtjhqUDZ3Cv3CQ,UCTD6q1nyIe3Y7HhqjaMj72w,1
UCN6qbfPSzFtjhqUDZ3Cv3CQ,UCTP3O0rMnc8z8v8jaDQwL0w,1
UCN6qbfPSzFtjhqUDZ3Cv3CQ,UCThW2XNsAaBKme5PUt7n-Zg,1
UCN6qbfPSzFtjhqUDZ3Cv3CQ,UCTwSut16JyAg3mX6LVUNGqA,1
UCN6qbfPSzFtjhqUDZ3Cv3CQ,UCTylKrsqkrBKIqubMu_5N0Q,1
UCN6qbfPSzFtjhqUDZ3Cv3CQ,UCUIIIPTVDVHAXqhC_5V6lPA,1
UCN6qbfPSzFtjhqUDZ3Cv3CQ,UCV0iizTBoOfdAFX_thfI9BA,1
UCN6qbfPSzFtjhqUDZ3Cv3CQ,UCWIZUtKJ636y-4TYrNvok0g,1
UCN6qbfPSzFtjhqUDZ3Cv3CQ,UCXSkL3ejZ8qWYyF_M7s_QKA,1
UCN6qbfPSzFtjhqUDZ3Cv3CQ,UCXXh7yg5KUFIWylTiKVEFKQ,1
UCN6qbfPSzFtjhqUDZ3Cv3CQ,UCXgr7vXlRrsaskPdo097kGA,1
UCN6qbfPSzFtjhqUDZ3Cv3CQ,UCXr8_5WtGeipe4haOoQDgyQ,1
UCN6qbfPSzFtjhqUDZ3Cv3CQ,UCYN4wSQ1Sx4_LurxLlW7MPg,1
UCN6qbfPSzFtjhqUDZ3Cv3CQ,UCYwpX26TrCxq8TvbKGRYLXA,1
UCN6qbfPSzFtjhqUDZ3Cv3CQ,UCZ51R_9Q9C0c8I3pAWhtmjQ,1
UCN6qbfPSzFtjhqUDZ3Cv3CQ,UCZLG9qH0tUjNhEGFIUt0CYw,1
UCN6qbfPSzFtjhqUDZ3Cv3CQ,UCcfdg8crmMJwEuLUsAhV7yg,1
UCN6qbfPSzFtjhqUDZ3Cv3CQ,UCfM3nrxtTQMY5jFx1v1J4Gg,1
UCN6qbfPSzFtjhqUDZ3Cv3CQ,UCgvw7xIdGFupzpt1Y_BFkEA,1
UCN6qbfPSzFtjhqUDZ3Cv3CQ,UCh5ESQvtzyHDhCA7XyekCFA,1
UCN6qbfPSzFtjhqUDZ3Cv3CQ,UChZknRmJkeGeQk0-mQuhDOg,1
UCN6qbfPSzFtjhqUDZ3Cv3CQ,UChep9kVb5gQmpodEEl10Xlg,1
UCN6qbfPSzFtjhqUDZ3Cv3CQ,UChgkn5Jt5tWKYMoEOuCjz3Q,1
UCN6qbfPSzFtjhqUDZ3Cv3CQ,UChs3tU2BcKOT0CezykvAsGw,1
UCN6qbfPSzFtjhqUDZ3Cv3CQ,UCi1b_TRQfgO1Z9O2gNGGWNA,1
UCN6qbfPSzFtjhqUDZ3Cv3CQ,UCiGRBf2RNF0WRKhRVT7zFoA,1
UCN6qbfPSzFtjhqUDZ3Cv3CQ,UCiMythXHsw7eQEMykCdmMUA,1
UCN6qbfPSzFtjhqUDZ3Cv3CQ,UCipetjeiWj4CZB6EbyYziZg,1
UCN6qbfPSzFtjhqUDZ3Cv3CQ,UCj-LL25XJnjxepPKCc3NGog,1
UCN6qbfPSzFtjhqUDZ3Cv3CQ,UCjSKM9j0Q7HLDr1hD6D-TUw,1
UCN6qbfPSzFtjhqUDZ3Cv3CQ,UCjmPuazZJzscrwvk0QR9RVw,1
UCN6qbfPSzFtjhqUDZ3Cv3CQ,UCkd9W714-947dEE6ZOEBATA,1
UCN6qbfPSzFtjhqUDZ3Cv3CQ,UCl0ekS9Tt0jJGtOEM18S63w,1
UCN6qbfPSzFtjhqUDZ3Cv3CQ,UCljDbleJul41G1TzOjOZAVA,1
UCN6qbfPSzFtjhqUDZ3Cv3CQ,UCmjppp6ujz3SAnULvP3sZMw,1
UCN6qbfPSzFtjhqUDZ3Cv3CQ,UCmvOgzmmXbjUthHy-WJ52hQ,1
UCN6qbfPSzFtjhqUDZ3Cv3CQ,UCp4iw5_5SmV9VGTFSNVGOmQ,1
UCN6qbfPSzFtjhqUDZ3Cv3CQ,UCpIdtvoFHVLGASGB5ySqIEA,1
UCN6qbfPSzFtjhqUDZ3Cv3CQ,UCpl8rF8uv_8uui-QRvuJaRA,1
UCN6qbfPSzFtjhqUDZ3Cv3CQ,UCplrIQtaPj6au60_f2-mOYw,1
UCN6qbfPSzFtjhqUDZ3Cv3CQ,UCpsKOkt5iWTbenzeuq7dsmQ,1
UCN6qbfPSzFtjhqUDZ3Cv3CQ,UCr1emrogPKkKTs_WTtx71xg,1
UCN6qbfPSzFtjhqUDZ3Cv3CQ,UCrJn_rbo_ENAdeqneS-RmRw,1
UCN6qbfPSzFtjhqUDZ3Cv3CQ,UCsJJAvrVGupdmhOqgtDp8dg,1
UCN6qbfPSzFtjhqUDZ3Cv3CQ,UCsSXdJct-nsS8DsABoEsaYA,1
UCN6qbfPSzFtjhqUDZ3Cv3CQ,UCsUCN0Yq_UyTvKjOJLmNrnQ,1
UCN6qbfPSzFtjhqUDZ3Cv3CQ,UCsjs5Hp_r86x1xbK6FAeqaA,1
UCN6qbfPSzFtjhqUDZ3Cv3CQ,UCtNfIBnc5S5DbbQj_yxgJTw,1
UCN6qbfPSzFtjhqUDZ3Cv3CQ,UCtUR3_CAiE7fCoZHM6cMfyQ,1
UCN6qbfPSzFtjhqUDZ3Cv3CQ,UCueV9cTyTDwgQSec1x2dYgA,1
UCN6qbfPSzFtjhqUDZ3Cv3CQ,UCujPF2nBgsTD62nWE3lcpIg,1
UCN6qbfPSzFtjhqUDZ3Cv3CQ,UCut6b9S98nv84cVX89PmKzA,1
UCN6qbfPSzFtjhqUDZ3Cv3CQ,UCvApqeCbLod-wejtT4CcVuA,1
UCN6qbfPSzFtjhqUDZ3Cv3CQ,UCwO2SXr0ggzwg6QWWrr01nQ,1
UCN6qbfPSzFtjhqUDZ3Cv3CQ,UCwW2OFy95P7ZBkOPxWkpvYg,1
UCN6qbfPSzFtjhqUDZ3Cv3CQ,UCwha8rxULYMVtNwZWeSkE1A,1
UCN6qbfPSzFtjhqUDZ3Cv3CQ,UCxff05WuyvwELNITi7bj7UA,1
UCN6qbfPSzFtjhqUDZ3Cv3CQ,UCySYJU5kUh7X8gVt9la2ISA,1
UCN6qbfPSzFtjhqUDZ3Cv3CQ,UCylqlpsh8ENNM1LqgQ1KbxA,1
UCN6qbfPSzFtjhqUDZ3Cv3CQ,UCz3gu01bmjNv0DpRq-K3XYg,1
UCN6qbfPSzFtjhqUDZ3Cv3CQ,UCzSfZlOVxBSs5ObD25ywxDQ,1
UCN6qbfPSzFtjhqUDZ3Cv3CQ,UCzoL2l5H5eVlorWGH8AZfAg,1
UCNBnKqWf4d-rS4HwJRQljmQ,UCNkcuy42zEwddwEcOd_HpnA,1
UCNBnKqWf4d-rS4HwJRQljmQ,UCOLGv5Pf6BF2wFcwUzgcvHg,1
UCNBnKqWf4d-rS4HwJRQljmQ,UCOS8ViEkccrTZx2w2ccxotA,1
UCNBnKqWf4d-rS4HwJRQljmQ,UCOh6DaZC_x9HASnlRylEMfw,1
UCNBnKqWf4d-rS4HwJRQljmQ,UCQ_-LPP8JAbfkc-b1Q6NvWw,1
UCNBnKqWf4d-rS4HwJRQljmQ,UCQgYjVngJRfPHDLGB5X6ZjA,1
UCNBnKqWf4d-rS4HwJRQljmQ,UCQqetiwzzmRNTM5OWuXarGQ,1
UCNBnKqWf4d-rS4HwJRQljmQ,UCQtICyzWmhC5woCtbNgaSmg,1
UCNBnKqWf4d-rS4HwJRQljmQ,UCQtSFINs1h6GHkpg9o5kMvg,1
UCNBnKqWf4d-rS4HwJRQljmQ,UCRETAiYdh2dL5ZxB0_N1zDA,1
UCNBnKqWf4d-rS4HwJRQljmQ,UCRelkU8JiZBytTzebJxaa-w,1
UCNBnKqWf4d-rS4HwJRQljmQ,UCRlCV9zSn7avAWh-9_XFWqQ,1
UCNBnKqWf4d-rS4HwJRQljmQ,UCSou6a2OuYGSvPjm5psquyA,1
UCNBnKqWf4d-rS4HwJRQljmQ,UCTD6q1nyIe3Y7HhqjaMj72w,1
UCNBnKqWf4d-rS4HwJRQljmQ,UCTP3O0rMnc8z8v8jaDQwL0w,1
UCNBnKqWf4d-rS4HwJRQljmQ,UCThW2XNsAaBKme5PUt7n-Zg,1
UCNBnKqWf4d-rS4HwJRQljmQ,UCTwSut16JyAg3mX6LVUNGqA,1
UCNBnKqWf4d-rS4HwJRQljmQ,UCTylKrsqkrBKIqubMu_5N0Q,1
UCNBnKqWf4d-rS4HwJRQljmQ,UCUIIIPTVDVHAXqhC_5V6lPA,1
UCNBnKqWf4d-rS4HwJRQljmQ,UCV0iizTBoOfdAFX_thfI9BA,1
UCNBnKqWf4d-rS4HwJRQljmQ,UCWIZUtKJ636y-4TYrNvok0g,1
UCNBnKqWf4d-rS4HwJRQljmQ,UCXSkL3ejZ8qWYyF_M7s_QKA,1
UCNBnKqWf4d-rS4HwJRQljmQ,UCXXh7yg5KUFIWylTiKVEFKQ,1
UCNBnKqWf4d-rS4HwJRQljmQ,UCXgr7vXlRrsaskPdo097kGA,1
UCNBnKqWf4d-rS4HwJRQljmQ,UCXr8_5WtGeipe4haOoQDgyQ,1
UCNBnKqWf4d-rS4HwJRQljmQ,UCYN4wSQ1Sx4_LurxLlW7MPg,1
UCNBnKqWf4d-rS4HwJRQljmQ,UCYwpX26TrCxq8TvbKGRYLXA,1
UCNBnKqWf4d-rS4HwJRQljmQ,UCZ51R_9Q9C0c8I3pAWhtmjQ,1
UCNBnKqWf4d-rS4HwJRQljmQ,UCZLG9qH0tUjNhEGFIUt0CYw,1
UCNBnKqWf4d-rS4HwJRQljmQ,UCcfdg8crmMJwEuLUsAhV7yg,1
UCNBnKqWf4d-rS4HwJRQljmQ,UCfM3nrxtTQMY5jFx1v1J4Gg,1
UCNBnKqWf4d-rS4HwJRQljmQ,UCgvw7xIdGFupzpt1Y_BFkEA,1
UCNBnKqWf4d-rS4HwJRQljmQ,UCh5ESQvtzyHDhCA7XyekCFA,1
UCNBnKqWf4d-rS4HwJRQljmQ,UChZknRmJkeGeQk0-mQuhDOg,1
UCNBnKqWf4d-rS4HwJRQljmQ,UChep9kVb5gQmpodEEl10Xlg,1
UCNBnKqWf4d-rS4HwJRQljmQ,UChgkn5Jt5tWKYMoEOuCjz3Q,1
UCNBnKqWf4d-rS4HwJRQljmQ,UChs3tU2BcKOT0CezykvAsGw,1
UCNBnKqWf4d-rS4HwJRQljmQ,UCi1b_TRQfgO1Z9O2gNGGWNA,1
UCNBnKqWf4d-rS4HwJRQljmQ,UCiGRBf2RNF0WRKhRVT7zFoA,1
UCNBnKqWf4d-rS4HwJRQljmQ,UCiMythXHsw7eQEMykCdmMUA,1
UCNBnKqWf4d-rS4HwJRQljmQ,UCipetjeiWj4CZB6EbyYziZg,1
UCNBnKqWf4d-rS4HwJRQljmQ,UCj-LL25XJnjxepPKCc3NGog,1
UCNBnKqWf4d-rS4HwJRQljmQ,UCjSKM9j0Q7HLDr1hD6D-TUw,1
UCNBnKqWf4d-rS4HwJRQljmQ,UCjmPuazZJzscrwvk0QR9RVw,1
UCNBnKqWf4d-rS4HwJRQljmQ,UCkd9W714-947dEE6ZOEBATA,1
UCNBnKqWf4d-rS4HwJRQljmQ,UCl0ekS9Tt0jJGtOEM18S63w,1
UCNBnKqWf4d-rS4HwJRQljmQ,UCljDbleJul41G1TzOjOZAVA,1
UCNBnKqWf4d-rS4HwJRQljmQ,UCmjppp6ujz3SAnULvP3sZMw,1
UCNBnKqWf4d-rS4HwJRQljmQ,UCmvOgzmmXbjUthHy-WJ52hQ,1
UCNBnKqWf4d-rS4HwJRQljmQ,UCp4iw5_5SmV9VGTFSNVGOmQ,1
UCNBnKqWf4d-rS4HwJRQljmQ,UCpIdtvoFHVLGASGB5ySqIEA,1
UCNBnKqWf4d-rS4HwJRQljmQ,UCpl8rF8uv_8uui-QRvuJaRA,1
UCNBnKqWf4d-rS4HwJRQljmQ,UCplrIQtaPj6au60_f2-mOYw,1
UCNBnKqWf4d-rS4HwJRQljmQ,UCpsKOkt5iWTbenzeuq7dsmQ,1
UCNBnKqWf4d-rS4HwJRQljmQ,UCr1emrogPKkKTs_WTtx71xg,1
UCNBnKqWf4d-rS4HwJRQljmQ,UCrJn_rbo_ENAdeqneS-RmRw,1
UCNBnKqWf4d-rS4HwJRQljmQ,UCsJJAvrVGupdmhOqgtDp8dg,1
UCNBnKqWf4d-rS4HwJRQljmQ,UCsSXdJct-nsS8DsABoEsaYA,1
UCNBnKqWf4d-rS4HwJRQljmQ,UCsUCN0Yq_UyTvKjOJLmNrnQ,1
UCNBnKqWf4d-rS4HwJRQljmQ,UCsjs5Hp_r86x1xbK6FAeqaA,1
UCNBnKqWf4d-rS4HwJRQljmQ,UCtNfIBnc5S5DbbQj_yxgJTw,1
UCNBnKqWf4d-rS4HwJRQljmQ,UCtUR3_CAiE7fCoZHM6cMfyQ,1
UCNBnKqWf4d-rS4HwJRQljmQ,UCueV9cTyTDwgQSec1x2dYgA,1
UCNBnKqWf4d-rS4HwJRQljmQ,UCujPF2nBgsTD62nWE3lcpIg,1
UCNBnKqWf4d-rS4HwJRQljmQ,UCut6b9S98nv84cVX89PmKzA,1
UCNBnKqWf4d-rS4HwJRQljmQ,UCvApqeCbLod-wejtT4CcVuA,1
UCNBnKqWf4d-rS4HwJRQljmQ,UCwO2SXr0ggzwg6QWWrr01nQ,1
UCNBnKqWf4d-rS4HwJRQljmQ,UCwW2OFy95P7ZBkOPxWkpvYg,1
UCNBnKqWf4d-rS4HwJRQljmQ,UCwha8rxULYMVtNwZWeSkE1A,1
UCNBnKqWf4d-rS4HwJRQljmQ,UCxff05WuyvwELNITi7bj7UA,1
UCNBnKqWf4d-rS4HwJRQljmQ,UCySYJU5kUh7X8gVt9la2ISA,1
UCNBnKqWf4d-rS4HwJRQljmQ,UCylqlpsh8ENNM1LqgQ1KbxA,1
UCNBnKqWf4d-rS4HwJRQljmQ,UCz3gu01bmjNv0DpRq-K3XYg,1
UCNBnKqWf4d-rS4HwJRQljmQ,UCzSfZlOVxBSs5ObD25ywxDQ,1
UCNBnKqWf4d-rS4HwJRQljmQ,UCzoL2l5H5eVlorWGH8AZfAg,1
UCNkcuy42zEwddwEcOd_HpnA,UCOLGv5Pf6BF2wFcwUzgcvHg,1
UCNkcuy42zEwddwEcOd_HpnA,UCOS8ViEkccrTZx2w2ccxotA,1
UCNkcuy42zEwddwEcOd_HpnA,UCOh6DaZC_x9HASnlRylEMfw,1
UCNkcuy42zEwddwEcOd_HpnA,UCQ_-LPP8JAbfkc-b1Q6NvWw,1
UCNkcuy42zEwddwEcOd_HpnA,UCQgYjVngJRfPHDLGB5X6ZjA,1
UCNkcuy42zEwddwEcOd_HpnA,UCQqetiwzzmRNTM5OWuXarGQ,1
UCNkcuy42zEwddwEcOd_HpnA,UCQtICyzWmhC5woCtbNgaSmg,1
UCNkcuy42zEwddwEcOd_HpnA,UCQtSFINs1h6GHkpg9o5kMvg,1
UCNkcuy42zEwddwEcOd_HpnA,UCRETAiYdh2dL5ZxB0_N1zDA,1
UCNkcuy42zEwddwEcOd_HpnA,UCRelkU8JiZBytTzebJxaa-w,1
UCNkcuy42zEwddwEcOd_HpnA,UCRlCV9zSn7avAWh-9_XFWqQ,1
UCNkcuy42zEwddwEcOd_HpnA,UCSou6a2OuYGSvPjm5psquyA,1
UCNkcuy42zEwddwEcOd_HpnA,UCTD6q1nyIe3Y7HhqjaMj72w,1
UCNkcuy42zEwddwEcOd_HpnA,UCTP3O0rMnc8z8v8jaDQwL0w,1
UCNkcuy42zEwddwEcOd_HpnA,UCThW2XNsAaBKme5PUt7n-Zg,1
UCNkcuy42zEwddwEcOd_HpnA,UCTwSut16JyAg3mX6LVUNGqA,1
UCNkcuy42zEwddwEcOd_HpnA,UCTylKrsqkrBKIqubMu_5N0Q,1
UCNkcuy42zEwddwEcOd_HpnA,UCUIIIPTVDVHAXqhC_5V6lPA,1
UCNkcuy42zEwddwEcOd_HpnA,UCV0iizTBoOfdAFX_thfI9BA,1
UCNkcuy42zEwddwEcOd_HpnA,UCWIZUtKJ636y-4TYrNvok0g,1
UCNkcuy42zEwddwEcOd_HpnA,UCXSkL3ejZ8qWYyF_M7s_QKA,1
UCNkcuy42zEwddwEcOd_HpnA,UCXXh7yg5KUFIWylTiKVEFKQ,1
UCNkcuy42zEwddwEcOd_HpnA,UCXgr7vXlRrsaskPdo097kGA,1
UCNkcuy42zEwddwEcOd_HpnA,UCXr8_5WtGeipe4haOoQDgyQ,1
UCNkcuy42zEwddwEcOd_HpnA,UCYN4wSQ1Sx4_LurxLlW7MPg,1
UCNkcuy42zEwddwEcOd_HpnA,UCYwpX26TrCxq8TvbKGRYLXA,1
UCNkcuy42zEwddwEcOd_HpnA,UCZ51R_9Q9C0c8I3pAWhtmjQ,1
UCNkcuy42zEwddwEcOd_HpnA,UCZLG9qH0tUjNhEGFIUt0CYw,1
UCNkcuy42zEwddwEcOd_HpnA,UCcfdg8crmMJwEuLUsAhV7yg,1
UCNkcuy42zEwddwEcOd_HpnA,UCfM3nrxtTQMY5jFx1v1J4Gg,1
UCNkcuy42zEwddwEcOd_HpnA,UCgvw7xIdGFupzpt1Y_BFkEA,1
UCNkcuy42zEwddwEcOd_HpnA,UCh5ESQvtzyHDhCA7XyekCFA,1
UCNkcuy42zEwddwEcOd_HpnA,UChZknRmJkeGeQk0-mQuhDOg,1
UCNkcuy42zEwddwEcOd_HpnA,UChep9kVb5gQmpodEEl10Xlg,1
UCNkcuy42zEwddwEcOd_HpnA,UChgkn5Jt5tWKYMoEOuCjz3Q,1
UCNkcuy42zEwddwEcOd_HpnA,UChs3tU2BcKOT0CezykvAsGw,1
UCNkcuy42zEwddwEcOd_HpnA,UCi1b_TRQfgO1Z9O2gNGGWNA,1
UCNkcuy42zEwddwEcOd_HpnA,UCiGRBf2RNF0WRKhRVT7zFoA,1
UCNkcuy42zEwddwEcOd_HpnA,UCiMythXHsw7eQEMykCdmMUA,1
UCNkcuy42zEwddwEcOd_HpnA,UCipetjeiWj4CZB6EbyYziZg,1
UCNkcuy42zEwddwEcOd_HpnA,UCj-LL25XJnjxepPKCc3NGog,1
UCNkcuy42zEwddwEcOd_HpnA,UCjSKM9j0Q7HLDr1hD6D-TUw,1
UCNkcuy42zEwddwEcOd_HpnA,UCjmPuazZJzscrwvk0QR9RVw,1
UCNkcuy42zEwddwEcOd_HpnA,UCkd9W714-947dEE6ZOEBATA,1
UCNkcuy42zEwddwEcOd_HpnA,UCl0ekS9Tt0jJGtOEM18S63w,1
UCNkcuy42zEwddwEcOd_HpnA,UCljDbleJul41G1TzOjOZAVA,1
UCNkcuy42zEwddwEcOd_HpnA,UCmjppp6ujz3SAnULvP3sZMw,1
UCNkcuy42zEwddwEcOd_HpnA,UCmvOgzmmXbjUthHy-WJ52hQ,1
UCNkcuy42zEwddwEcOd_HpnA,UCp4iw5_5SmV9VGTFSNVGOmQ,1
UCNkcuy42zEwddwEcOd_HpnA,UCpIdtvoFHVLGASGB5ySqIEA,1
UCNkcuy42zEwddwEcOd_HpnA,UCpl8rF8uv_8uui-QRvuJaRA,1
UCNkcuy42zEwddwEcOd_HpnA,UCplrIQtaPj6au60_f2-mOYw,1
UCNkcuy42zEwddwEcOd_HpnA,UCpsKOkt5iWTbenzeuq7dsmQ,1
UCNkcuy42zEwddwEcOd_HpnA,UCr1emrogPKkKTs_WTtx71xg,1
UCNkcuy42zEwddwEcOd_HpnA,UCrJn_rbo_ENAdeqneS-RmRw,1
UCNkcuy42zEwddwEcOd_HpnA,UCsJJAvrVGupdmhOqgtDp8dg,1
UCNkcuy42zEwddwEcOd_HpnA,UCsSXdJct-nsS8DsABoEsaYA,1
UCNkcuy42zEwddwEcOd_HpnA,UCsUCN0Yq_UyTvKjOJLmNrnQ,1
UCNkcuy42zEwddwEcOd_HpnA,UCsjs5Hp_r86x1xbK6FAeqaA,1
UCNkcuy42zEwddwEcOd_HpnA,UCtNfIBnc5S5DbbQj_yxgJTw,1
UCNkcuy42zEwddwEcOd_HpnA,UCtUR3_CAiE7fCoZHM6cMfyQ,1
UCNkcuy42zEwddwEcOd_HpnA,UCueV9cTyTDwgQSec1x2dYgA,1
UCNkcuy42zEwddwEcOd_HpnA,UCujPF2nBgsTD62nWE3lcpIg,1
UCNkcuy42zEwddwEcOd_HpnA,UCut6b9S98nv84cVX89PmKzA,1
UCNkcuy42zEwddwEcOd_HpnA,UCvApqeCbLod-wejtT4CcVuA,1
UCNkcuy42zEwddwEcOd_HpnA,UCwO2SXr0ggzwg6QWWrr01nQ,1
UCNkcuy42zEwddwEcOd_HpnA,UCwW2OFy95P7ZBkOPxWkpvYg,1
UCNkcuy42zEwddwEcOd_HpnA,UCwha8rxULYMVtNwZWeSkE1A,1
UCNkcuy42zEwddwEcOd_HpnA,UCxff05WuyvwELNITi7bj7UA,1
UCNkcuy42zEwddwEcOd_HpnA,UCySYJU5kUh7X8gVt9la2ISA,1
UCNkcuy42zEwddwEcOd_HpnA,UCylqlpsh8ENNM1LqgQ1KbxA,1
UCNkcuy42zEwddwEcOd_HpnA,UCz3gu01bmjNv0DpRq-K3XYg,1
UCNkcuy42zEwddwEcOd_HpnA,UCzSfZlOVxBSs5ObD25ywxDQ,1
UCNkcuy42zEwddwEcOd_HpnA,UCzoL2l5H5eVlorWGH8AZfAg,1
UCOLGv5Pf6BF2wFcwUzgcvHg,UCOS8ViEkccrTZx2w2ccxotA,1
UCOLGv5Pf6BF2wFcwUzgcvHg,UCOh6DaZC_x9HASnlRylEMfw,1
UCOLGv5Pf6BF2wFcwUzgcvHg,UCQ_-LPP8JAbfkc-b1Q6NvWw,1
UCOLGv5Pf6BF2wFcwUzgcvHg,UCQgYjVngJRfPHDLGB5X6ZjA,1
UCOLGv5Pf6BF2wFcwUzgcvHg,UCQqetiwzzmRNTM5OWuXarGQ,1
UCOLGv5Pf6BF2wFcwUzgcvHg,UCQtICyzWmhC5woCtbNgaSmg,1
UCOLGv5Pf6BF2wFcwUzgcvHg,UCQtSFINs1h6GHkpg9o5kMvg,1
UCOLGv5Pf6BF2wFcwUzgcvHg,UCRETAiYdh2dL5ZxB0_N1zDA,1
UCOLGv5Pf6BF2wFcwUzgcvHg,UCRelkU8JiZBytTzebJxaa-w,1
UCOLGv5Pf6BF2wFcwUzgcvHg,UCRlCV9zSn7avAWh-9_XFWqQ,1
UCOLGv5Pf6BF2wFcwUzgcvHg,UCSou6a2OuYGSvPjm5psquyA,1
UCOLGv5Pf6BF2wFcwUzgcvHg,UCTD6q1nyIe3Y7HhqjaMj72w,1
UCOLGv5Pf6BF2wFcwUzgcvHg,UCTP3O0rMnc8z8v8jaDQwL0w,1
UCOLGv5Pf6BF2wFcwUzgcvHg,UCThW2XNsAaBKme5PUt7n-Zg,1
UCOLGv5Pf6BF2wFcwUzgcvHg,UCTwSut16JyAg3mX6LVUNGqA,1
UCOLGv5Pf6BF2wFcwUzgcvHg,UCTylKrsqkrBKIqubMu_5N0Q,1
UCOLGv5Pf6BF2wFcwUzgcvHg,UCUIIIPTVDVHAXqhC_5V6lPA,1
UCOLGv5Pf6BF2wFcwUzgcvHg,UCV0iizTBoOfdAFX_thfI9BA,1
UCOLGv5Pf6BF2wFcwUzgcvHg,UCWIZUtKJ636y-4TYrNvok0g,1
UCOLGv5Pf6BF2wFcwUzgcvHg,UCXSkL3ejZ8qWYyF_M7s_QKA,1
UCOLGv5Pf6BF2wFcwUzgcvHg,UCXXh7yg5KUFIWylTiKVEFKQ,1
UCOLGv5Pf6BF2wFcwUzgcvHg,UCXgr7vXlRrsaskPdo097kGA,1
UCOLGv5Pf6BF2wFcwUzgcvHg,UCXr8_5WtGeipe4haOoQDgyQ,1
UCOLGv5Pf6BF2wFcwUzgcvHg,UCYN4wSQ1Sx4_LurxLlW7MPg,1
UCOLGv5Pf6BF2wFcwUzgcvHg,UCYwpX26TrCxq8TvbKGRYLXA,1
UCOLGv5Pf6BF2wFcwUzgcvHg,UCZ51R_9Q9C0c8I3pAWhtmjQ,1
UCOLGv5Pf6BF2wFcwUzgcvHg,UCZLG9qH0tUjNhEGFIUt0CYw,1
UCOLGv5Pf6BF2wFcwUzgcvHg,UCcfdg8crmMJwEuLUsAhV7yg,1
UCOLGv5Pf6BF2wFcwUzgcvHg,UCfM3nrxtTQMY5jFx1v1J4Gg,1
UCOLGv5Pf6BF2wFcwUzgcvHg,UCgvw7xIdGFupzpt1Y_BFkEA,1
UCOLGv5Pf6BF2wFcwUzgcvHg,UCh5ESQvtzyHDhCA7XyekCFA,1
UCOLGv5Pf6BF2wFcwUzgcvHg,UChZknRmJkeGeQk0-mQuhDOg,1
UCOLGv5Pf6BF2wFcwUzgcvHg,UChep9kVb5gQmpodEEl10Xlg,1
UCOLGv5Pf6BF2wFcwUzgcvHg,UChgkn5Jt5tWKYMoEOuCjz3Q,1
UCOLGv5Pf6BF2wFcwUzgcvHg,UChs3tU2BcKOT0CezykvAsGw,1
UCOLGv5Pf6BF2wFcwUzgcvHg,UCi1b_TRQfgO1Z9O2gNGGWNA,1
UCOLGv5Pf6BF2wFcwUzgcvHg,UCiGRBf2RNF0WRKhRVT7zFoA,1
UCOLGv5Pf6BF2wFcwUzgcvHg,UCiMythXHsw7eQEMykCdmMUA,1
UCOLGv5Pf6BF2wFcwUzgcvHg,UCipetjeiWj4CZB6EbyYziZg,1
UCOLGv5Pf6BF2wFcwUzgcvHg,UCj-LL25XJnjxepPKCc3NGog,1
UCOLGv5Pf6BF2wFcwUzgcvHg,UCjSKM9j0Q7HLDr1hD6D-TUw,1
UCOLGv5Pf6BF2wFcwUzgcvHg,UCjmPuazZJzscrwvk0QR9RVw,1
UCOLGv5Pf6BF2wFcwUzgcvHg,UCkd9W714-947dEE6ZOEBATA,1
UCOLGv5Pf6BF2wFcwUzgcvHg,UCl0ekS9Tt0jJGtOEM18S63w,1
UCOLGv5Pf6BF2wFcwUzgcvHg,UCljDbleJul41G1TzOjOZAVA,1
UCOLGv5Pf6BF2wFcwUzgcvHg,UCmjppp6ujz3SAnULvP3sZMw,1
UCOLGv5Pf6BF2wFcwUzgcvHg,UCmvOgzmmXbjUthHy-WJ52hQ,1
UCOLGv5Pf6BF2wFcwUzgcvHg,UCp4iw5_5SmV9VGTFSNVGOmQ,1
UCOLGv5Pf6BF2wFcwUzgcvHg,UCpIdtvoFHVLGASGB5ySqIEA,1
UCOLGv5Pf6BF2wFcwUzgcvHg,UCpl8rF8uv_8uui-QRvuJaRA,1
UCOLGv5Pf6BF2wFcwUzgcvHg,UCplrIQtaPj6au60_f2-mOYw,1
UCOLGv5Pf6BF2wFcwUzgcvHg,UCpsKOkt5iWTbenzeuq7dsmQ,1
UCOLGv5Pf6BF2wFcwUzgcvHg,UCr1emrogPKkKTs_WTtx71xg,1
UCOLGv5Pf6BF2wFcwUzgcvHg,UCrJn_rbo_ENAdeqneS-RmRw,1
UCOLGv5Pf6BF2wFcwUzgcvHg,UCsJJAvrVGupdmhOqgtDp8dg,1
UCOLGv5Pf6BF2wFcwUzgcvHg,UCsSXdJct-nsS8DsABoEsaYA,1
UCOLGv5Pf6BF2wFcwUzgcvHg,UCsUCN0Yq_UyTvKjOJLmNrnQ,1
UCOLGv5Pf6BF2wFcwUzgcvHg,UCsjs5Hp_r86x1xbK6FAeqaA,1
UCOLGv5Pf6BF2wFcwUzgcvHg,UCtNfIBnc5S5DbbQj_yxgJTw,1
UCOLGv5Pf6BF2wFcwUzgcvHg,UCtUR3_CAiE7fCoZHM6cMfyQ,1
UCOLGv5Pf6BF2wFcwUzgcvHg,UCueV9cTyTDwgQSec1x2dYgA,1
UCOLGv5Pf6BF2wFcwUzgcvHg,UCujPF2nBgsTD62nWE3lcpIg,1
UCOLGv5Pf6BF2wFcwUzgcvHg,UCut6b9S98nv84cVX89PmKzA,1
UCOLGv5Pf6BF2wFcwUzgcvHg,UCvApqeCbLod-wejtT4CcVuA,1
UCOLGv5Pf6BF2wFcwUzgcvHg,UCwO2SXr0ggzwg6QWWrr01nQ,1
UCOLGv5Pf6BF2wFcwUzgcvHg,UCwW2OFy95P7ZBkOPxWkpvYg,1
UCOLGv5Pf6BF2wFcwUzgcvHg,UCwha8rxULYMVtNwZWeSkE1A,1
UCOLGv5Pf6BF2wFcwUzgcvHg,UCxff05WuyvwELNITi7bj7UA,1
UCOLGv5Pf6BF2wFcwUzgcvHg,UCySYJU5kUh7X8gVt9la2ISA,1
UCOLGv5Pf6BF2wFcwUzgcvHg,UCylqlpsh8ENNM1LqgQ1KbxA,1
UCOLGv5Pf6BF2wFcwUzgcvHg,UCz3gu01bmjNv0DpRq-K3XYg,1
UCOLGv5Pf6BF2wFcwUzgcvHg,UCzSfZlOVxBSs5ObD25ywxDQ,1
UCOLGv5Pf6BF2wFcwUzgcvHg,UCzoL2l5H5eVlorWGH8AZfAg,1
UCOS8ViEkccrTZx2w2ccxotA,UCOh6DaZC_x9HASnlRylEMfw,1
UCOS8ViEkccrTZx2w2ccxotA,UCQ_-LPP8JAbfkc-b1Q6NvWw,1
UCOS8ViEkccrTZx2w2ccxotA,UCQgYjVngJRfPHDLGB5X6ZjA,1
UCOS8ViEkccrTZx2w2ccxotA,UCQqetiwzzmRNTM5OWuXarGQ,1
UCOS8ViEkccrTZx2w2ccxotA,UCQtICyzWmhC5woCtbNgaSmg,1
UCOS8ViEkccrTZx2w2ccxotA,UCQtSFINs1h6GHkpg9o5kMvg,1
UCOS8ViEkccrTZx2w2ccxotA,UCRETAiYdh2dL5ZxB0_N1zDA,1
UCOS8ViEkccrTZx2w2ccxotA,UCRelkU8JiZBytTzebJxaa-w,1
UCOS8ViEkccrTZx2w2ccxotA,UCRlCV9zSn7avAWh-9_XFWqQ,1
UCOS8ViEkccrTZx2w2ccxotA,UCSou6a2OuYGSvPjm5psquyA,1
UCOS8ViEkccrTZx2w2ccxotA,UCTD6q1nyIe3Y7HhqjaMj72w,1
UCOS8ViEkccrTZx2w2ccxotA,UCTP3O0rMnc8z8v8jaDQwL0w,1
UCOS8ViEkccrTZx2w2ccxotA,UCThW2XNsAaBKme5PUt7n-Zg,1
UCOS8ViEkccrTZx2w2ccxotA,UCTwSut16JyAg3mX6LVUNGqA,1
UCOS8ViEkccrTZx2w2ccxotA,UCTylKrsqkrBKIqubMu_5N0Q,1
UCOS8ViEkccrTZx2w2ccxotA,UCUIIIPTVDVHAXqhC_5V6lPA,1
UCOS8ViEkccrTZx2w2ccxotA,UCV0iizTBoOfdAFX_thfI9BA,1
UCOS8ViEkccrTZx2w2ccxotA,UCWIZUtKJ636y-4TYrNvok0g,1
UCOS8ViEkccrTZx2w2ccxotA,UCXSkL3ejZ8qWYyF_M7s_QKA,1
UCOS8ViEkccrTZx2w2ccxotA,UCXXh7yg5KUFIWylTiKVEFKQ,1
UCOS8ViEkccrTZx2w2ccxotA,UCXgr7vXlRrsaskPdo097kGA,1
UCOS8ViEkccrTZx2w2ccxotA,UCXr8_5WtGeipe4haOoQDgyQ,1
UCOS8ViEkccrTZx2w2ccxotA,UCYN4wSQ1Sx4_LurxLlW7MPg,1
UCOS8ViEkccrTZx2w2ccxotA,UCYwpX26TrCxq8TvbKGRYLXA,1
UCOS8ViEkccrTZx2w2ccxotA,UCZ51R_9Q9C0c8I3pAWhtmjQ,1
UCOS8ViEkccrTZx2w2ccxotA,UCZLG9qH0tUjNhEGFIUt0CYw,1
UCOS8ViEkccrTZx2w2ccxotA,UCcfdg8crmMJwEuLUsAhV7yg,1
UCOS8ViEkccrTZx2w2ccxotA,UCfM3nrxtTQMY5jFx1v1J4Gg,1
UCOS8ViEkccrTZx2w2ccxotA,UCgvw7xIdGFupzpt1Y_BFkEA,1
UCOS8ViEkccrTZx2w2ccxotA,UCh5ESQvtzyHDhCA7XyekCFA,1
UCOS8ViEkccrTZx2w2ccxotA,UChZknRmJkeGeQk0-mQuhDOg,1
UCOS8ViEkccrTZx2w2ccxotA,UChep9kVb5gQmpodEEl10Xlg,1
UCOS8ViEkccrTZx2w2ccxotA,UChgkn5Jt5tWKYMoEOuCjz3Q,1
UCOS8ViEkccrTZx2w2ccxotA,UChs3tU2BcKOT0CezykvAsGw,1
UCOS8ViEkccrTZx2w2ccxotA,UCi1b_TRQfgO1Z9O2gNGGWNA,1
UCOS8ViEkccrTZx2w2ccxotA,UCiGRBf2RNF0WRKhRVT7zFoA,1
UCOS8ViEkccrTZx2w2ccxotA,UCiMythXHsw7eQEMykCdmMUA,1
UCOS8ViEkccrTZx2w2ccxotA,UCipetjeiWj4CZB6EbyYziZg,1
UCOS8ViEkccrTZx2w2ccxotA,UCj-LL25XJnjxepPKCc3NGog,1
UCOS8ViEkccrTZx2w2ccxotA,UCjSKM9j0Q7HLDr1hD6D-TUw,1
UCOS8ViEkccrTZx2w2ccxotA,UCjmPuazZJzscrwvk0QR9RVw,1
UCOS8ViEkccrTZx2w2ccxotA,UCkd9W714-947dEE6ZOEBATA,1
UCOS8ViEkccrTZx2w2ccxotA,UCl0ekS9Tt0jJGtOEM18S63w,1
UCOS8ViEkccrTZx2w2ccxotA,UCljDbleJul41G1TzOjOZAVA,1
UCOS8ViEkccrTZx2w2ccxotA,UCmjppp6ujz3SAnULvP3sZMw,1
UCOS8ViEkccrTZx2w2ccxotA,UCmvOgzmmXbjUthHy-WJ52hQ,1
UCOS8ViEkccrTZx2w2ccxotA,UCp4iw5_5SmV9VGTFSNVGOmQ,1
UCOS8ViEkccrTZx2w2ccxotA,UCpIdtvoFHVLGASGB5ySqIEA,1
UCOS8ViEkccrTZx2w2ccxotA,UCpl8rF8uv_8uui-QRvuJaRA,1
UCOS8ViEkccrTZx2w2ccxotA,UCplrIQtaPj6au60_f2-mOYw,1
UCOS8ViEkccrTZx2w2ccxotA,UCpsKOkt5iWTbenzeuq7dsmQ,1
UCOS8ViEkccrTZx2w2ccxotA,UCr1emrogPKkKTs_WTtx71xg,1
UCOS8ViEkccrTZx2w2ccxotA,UCrJn_rbo_ENAdeqneS-RmRw,1
UCOS8ViEkccrTZx2w2ccxotA,UCsJJAvrVGupdmhOqgtDp8dg,1
UCOS8ViEkccrTZx2w2ccxotA,UCsSXdJct-nsS8DsABoEsaYA,1
UCOS8ViEkccrTZx2w2ccxotA,UCsUCN0Yq_UyTvKjOJLmNrnQ,1
UCOS8ViEkccrTZx2w2ccxotA,UCsjs5Hp_r86x1xbK6FAeqaA,1
UCOS8ViEkccrTZx2w2ccxotA,UCtNfIBnc5S5DbbQj_yxgJTw,1
UCOS8ViEkccrTZx2w2ccxotA,UCtUR3_CAiE7fCoZHM6cMfyQ,1
UCOS8ViEkccrTZx2w2ccxotA,UCueV9cTyTDwgQSec1x2dYgA,1
UCOS8ViEkccrTZx2w2ccxotA,UCujPF2nBgsTD62nWE3lcpIg,1
UCOS8ViEkccrTZx2w2ccxotA,UCut6b9S98nv84cVX89PmKzA,1
UCOS8ViEkccrTZx2w2ccxotA,UCvApqeCbLod-wejtT4CcVuA,1
UCOS8ViEkccrTZx2w2ccxotA,UCwO2SXr0ggzwg6QWWrr01nQ,1
UCOS8ViEkccrTZx2w2ccxotA,UCwW2OFy95P7ZBkOPxWkpvYg,1
UCOS8ViEkccrTZx2w2ccxotA,UCwha8rxULYMVtNwZWeSkE1A,1
UCOS8ViEkccrTZx2w2ccxotA,UCxff05WuyvwELNITi7bj7UA,1
UCOS8ViEkccrTZx2w2ccxotA,UCySYJU5kUh7X8gVt9la2ISA,1
UCOS8ViEkccrTZx2w2ccxotA,UCylqlpsh8ENNM1LqgQ1KbxA,1
UCOS8ViEkccrTZx2w2ccxotA,UCz3gu01bmjNv0DpRq-K3XYg,1
UCOS8ViEkccrTZx2w2ccxotA,UCzSfZlOVxBSs5ObD25ywxDQ,1
UCOS8ViEkccrTZx2w2ccxotA,UCzoL2l5H5eVlorWGH8AZfAg,1
UCOh6DaZC_x9HASnlRylEMfw,UCQ_-LPP8JAbfkc-b1Q6NvWw,1
UCOh6DaZC_x9HASnlRylEMfw,UCQgYjVngJRfPHDLGB5X6ZjA,1
UCOh6DaZC_x9HASnlRylEMfw,UCQqetiwzzmRNTM5OWuXarGQ,1
UCOh6DaZC_x9HASnlRylEMfw,UCQtICyzWmhC5woCtbNgaSmg,1
UCOh6DaZC_x9HASnlRylEMfw,UCQtSFINs1h6GHkpg9o5kMvg,1
UCOh6DaZC_x9HASnlRylEMfw,UCRETAiYdh2dL5ZxB0_N1zDA,1
UCOh6DaZC_x9HASnlRylEMfw,UCRelkU8JiZBytTzebJxaa-w,1
UCOh6DaZC_x9HASnlRylEMfw,UCRlCV9zSn7avAWh-9_XFWqQ,1
UCOh6DaZC_x9HASnlRylEMfw,UCSou6a2OuYGSvPjm5psquyA,1
UCOh6DaZC_x9HASnlRylEMfw,UCTD6q1nyIe3Y7HhqjaMj72w,1
UCOh6DaZC_x9HASnlRylEMfw,UCTP3O0rMnc8z8v8jaDQwL0w,1
UCOh6DaZC_x9HASnlRylEMfw,UCThW2XNsAaBKme5PUt7n-Zg,1
UCOh6DaZC_x9HASnlRylEMfw,UCTwSut16JyAg3mX6LVUNGqA,1
UCOh6DaZC_x9HASnlRylEMfw,UCTylKrsqkrBKIqubMu_5N0Q,1
UCOh6DaZC_x9HASnlRylEMfw,UCUIIIPTVDVHAXqhC_5V6lPA,1
UCOh6DaZC_x9HASnlRylEMfw,UCV0iizTBoOfdAFX_thfI9BA,1
UCOh6DaZC_x9HASnlRylEMfw,UCWIZUtKJ636y-4TYrNvok0g,1
UCOh6DaZC_x9HASnlRylEMfw,UCXSkL3ejZ8qWYyF_M7s_QKA,1
UCOh6DaZC_x9HASnlRylEMfw,UCXXh7yg5KUFIWylTiKVEFKQ,1
UCOh6DaZC_x9HASnlRylEMfw,UCXgr7vXlRrsaskPdo097kGA,1
UCOh6DaZC_x9HASnlRylEMfw,UCXr8_5WtGeipe4haOoQDgyQ,1
UCOh6DaZC_x9HASnlRylEMfw,UCYN4wSQ1Sx4_LurxLlW7MPg,1
UCOh6DaZC_x9HASnlRylEMfw,UCYwpX26TrCxq8TvbKGRYLXA,1
UCOh6DaZC_x9HASnlRylEMfw,UCZ51R_9Q9C0c8I3pAWhtmjQ,1
UCOh6DaZC_x9HASnlRylEMfw,UCZLG9qH0tUjNhEGFIUt0CYw,1
UCOh6DaZC_x9HASnlRylEMfw,UCcfdg8crmMJwEuLUsAhV7yg,1
UCOh6DaZC_x9HASnlRylEMfw,UCfM3nrxtTQMY5jFx1v1J4Gg,1
UCOh6DaZC_x9HASnlRylEMfw,UCgvw7xIdGFupzpt1Y_BFkEA,1
UCOh6DaZC_x9HASnlRylEMfw,UCh5ESQvtzyHDhCA7XyekCFA,1
UCOh6DaZC_x9HASnlRylEMfw,UChZknRmJkeGeQk0-mQuhDOg,1
UCOh6DaZC_x9HASnlRylEMfw,UChep9kVb5gQmpodEEl10Xlg,1
UCOh6DaZC_x9HASnlRylEMfw,UChgkn5Jt5tWKYMoEOuCjz3Q,1
UCOh6DaZC_x9HASnlRylEMfw,UChs3tU2BcKOT0CezykvAsGw,1
UCOh6DaZC_x9HASnlRylEMfw,UCi1b_TRQfgO1Z9O2gNGGWNA,1
UCOh6DaZC_x9HASnlRylEMfw,UCiGRBf2RNF0WRKhRVT7zFoA,1
UCOh6DaZC_x9HASnlRylEMfw,UCiMythXHsw7eQEMykCdmMUA,1
UCOh6DaZC_x9HASnlRylEMfw,UCipetjeiWj4CZB6EbyYziZg,1
UCOh6DaZC_x9HASnlRylEMfw,UCj-LL25XJnjxepPKCc3NGog,1
UCOh6DaZC_x9HASnlRylEMfw,UCjSKM9j0Q7HLDr1hD6D-TUw,1
UCOh6DaZC_x9HASnlRylEMfw,UCjmPuazZJzscrwvk0QR9RVw,1
UCOh6DaZC_x9HASnlRylEMfw,UCkd9W714-947dEE6ZOEBATA,1
UCOh6DaZC_x9HASnlRylEMfw,UCl0ekS9Tt0jJGtOEM18S63w,1
UCOh6DaZC_x9HASnlRylEMfw,UCljDbleJul41G1TzOjOZAVA,1
UCOh6DaZC_x9HASnlRylEMfw,UCmjppp6ujz3SAnULvP3sZMw,1
UCOh6DaZC_x9HASnlRylEMfw,UCmvOgzmmXbjUthHy-WJ52hQ,1
UCOh6DaZC_x9HASnlRylEMfw,UCp4iw5_5SmV9VGTFSNVGOmQ,1
UCOh6DaZC_x9HASnlRylEMfw,UCpIdtvoFHVLGASGB5ySqIEA,1
UCOh6DaZC_x9HASnlRylEMfw,UCpl8rF8uv_8uui-QRvuJaRA,1
UCOh6DaZC_x9HASnlRylEMfw,UCplrIQtaPj6au60_f2-mOYw,1
UCOh6DaZC_x9HASnlRylEMfw,UCpsKOkt5iWTbenzeuq7dsmQ,1
UCOh6DaZC_x9HASnlRylEMfw,UCr1emrogPKkKTs_WTtx71xg,1
UCOh6DaZC_x9HASnlRylEMfw,UCrJn_rbo_ENAdeqneS-RmRw,1
UCOh6DaZC_x9HASnlRylEMfw,UCsJJAvrVGupdmhOqgtDp8dg,1
UCOh6DaZC_x9HASnlRylEMfw,UCsSXdJct-nsS8DsABoEsaYA,1
UCOh6DaZC_x9HASnlRylEMfw,UCsUCN0Yq_UyTvKjOJLmNrnQ,1
UCOh6DaZC_x9HASnlRylEMfw,UCsjs5Hp_r86x1xbK6FAeqaA,1
UCOh6DaZC_x9HASnlRylEMfw,UCtNfIBnc5S5DbbQj_yxgJTw,1
UCOh6DaZC_x9HASnlRylEMfw,UCtUR3_CAiE7fCoZHM6cMfyQ,1
UCOh6DaZC_x9HASnlRylEMfw,UCueV9cTyTDwgQSec1x2dYgA,1
UCOh6DaZC_x9HASnlRylEMfw,UCujPF2nBgsTD62nWE3lcpIg,1
UCOh6DaZC_x9HASnlRylEMfw,UCut6b9S98nv84cVX89PmKzA,1
UCOh6DaZC_x9HASnlRylEMfw,UCvApqeCbLod-wejtT4CcVuA,1
UCOh6DaZC_x9HASnlRylEMfw,UCwO2SXr0ggzwg6QWWrr01nQ,1
UCOh6DaZC_x9HASnlRylEMfw,UCwW2OFy95P7ZBkOPxWkpvYg,1
UCOh6DaZC_x9HASnlRylEMfw,UCwha8rxULYMVtNwZWeSkE1A,1
UCOh6DaZC_x9HASnlRylEMfw,UCxff05WuyvwELNITi7bj7UA,1
UCOh6DaZC_x9HASnlRylEMfw,UCySYJU5kUh7X8gVt9la2ISA,1
UCOh6DaZC_x9HASnlRylEMfw,UCylqlpsh8ENNM1LqgQ1KbxA,1
UCOh6DaZC_x9HASnlRylEMfw,UCz3gu01bmjNv0DpRq-K3XYg,1
UCOh6DaZC_x9HASnlRylEMfw,UCzSfZlOVxBSs5ObD25ywxDQ,1
UCOh6DaZC_x9HASnlRylEMfw,UCzoL2l5H5eVlorWGH8AZfAg,1
UCQ_-LPP8JAbfkc-b1Q6NvWw,UCQgYjVngJRfPHDLGB5X6ZjA,1
UCQ_-LPP8JAbfkc-b1Q6NvWw,UCQqetiwzzmRNTM5OWuXarGQ,1
UCQ_-LPP8JAbfkc-b1Q6NvWw,UCQtICyzWmhC5woCtbNgaSmg,1
UCQ_-LPP8JAbfkc-b1Q6NvWw,UCQtSFINs1h6GHkpg9o5kMvg,1
UCQ_-LPP8JAbfkc-b1Q6NvWw,UCRETAiYdh2dL5ZxB0_N1zDA,1
UCQ_-LPP8JAbfkc-b1Q6NvWw,UCRelkU8JiZBytTzebJxaa-w,1
UCQ_-LPP8JAbfkc-b1Q6NvWw,UCRlCV9zSn7avAWh-9_XFWqQ,1
UCQ_-LPP8JAbfkc-b1Q6NvWw,UCSou6a2OuYGSvPjm5psquyA,1
UCQ_-LPP8JAbfkc-b1Q6NvWw,UCTD6q1nyIe3Y7HhqjaMj72w,1
UCQ_-LPP8JAbfkc-b1Q6NvWw,UCTP3O0rMnc8z8v8jaDQwL0w,1
UCQ_-LPP8JAbfkc-b1Q6NvWw,UCThW2XNsAaBKme5PUt7n-Zg,1
UCQ_-LPP8JAbfkc-b1Q6NvWw,UCTwSut16JyAg3mX6LVUNGqA,1
UCQ_-LPP8JAbfkc-b1Q6NvWw,UCTylKrsqkrBKIqubMu_5N0Q,1
UCQ_-LPP8JAbfkc-b1Q6NvWw,UCUIIIPTVDVHAXqhC_5V6lPA,1
UCQ_-LPP8JAbfkc-b1Q6NvWw,UCV0iizTBoOfdAFX_thfI9BA,1
UCQ_-LPP8JAbfkc-b1Q6NvWw,UCWIZUtKJ636y-4TYrNvok0g,1
UCQ_-LPP8JAbfkc-b1Q6NvWw,UCXSkL3ejZ8qWYyF_M7s_QKA,1
UCQ_-LPP8JAbfkc-b1Q6NvWw,UCXXh7yg5KUFIWylTiKVEFKQ,1
UCQ_-LPP8JAbfkc-b1Q6NvWw,UCXgr7vXlRrsaskPdo097kGA,1
UCQ_-LPP8JAbfkc-b1Q6NvWw,UCXr8_5WtGeipe4haOoQDgyQ,1
UCQ_-LPP8JAbfkc-b1Q6NvWw,UCYN4wSQ1Sx4_LurxLlW7MPg,1
UCQ_-LPP8JAbfkc-b1Q6NvWw,UCYwpX26TrCxq8TvbKGRYLXA,1
UCQ_-LPP8JAbfkc-b1Q6NvWw,UCZ51R_9Q9C0c8I3pAWhtmjQ,1
UCQ_-LPP8JAbfkc-b1Q6NvWw,UCZLG9qH0tUjNhEGFIUt0CYw,1
UCQ_-LPP8JAbfkc-b1Q6NvWw,UCcfdg8crmMJwEuLUsAhV7yg,1
UCQ_-LPP8JAbfkc-b1Q6NvWw,UCfM3nrxtTQMY5jFx1v1J4Gg,1
UCQ_-LPP8JAbfkc-b1Q6NvWw,UCgvw7xIdGFupzpt1Y_BFkEA,1
UCQ_-LPP8JAbfkc-b1Q6NvWw,UCh5ESQvtzyHDhCA7XyekCFA,1
UCQ_-LPP8JAbfkc-b1Q6NvWw,UChZknRmJkeGeQk0-mQuhDOg,1
UCQ_-LPP8JAbfkc-b1Q6NvWw,UChep9kVb5gQmpodEEl10Xlg,1
UCQ_-LPP8JAbfkc-b1Q6NvWw,UChgkn5Jt5tWKYMoEOuCjz3Q,1
UCQ_-LPP8JAbfkc-b1Q6NvWw,UChs3tU2BcKOT0CezykvAsGw,1
UCQ_-LPP8JAbfkc-b1Q6NvWw,UCi1b_TRQfgO1Z9O2gNGGWNA,1
UCQ_-LPP8JAbfkc-b1Q6NvWw,UCiGRBf2RNF0WRKhRVT7zFoA,1
UCQ_-LPP8JAbfkc-b1Q6NvWw,UCiMythXHsw7eQEMykCdmMUA,1
UCQ_-LPP8JAbfkc-b1Q6NvWw,UCipetjeiWj4CZB6EbyYziZg,1
UCQ_-LPP8JAbfkc-b1Q6NvWw,UCj-LL25XJnjxepPKCc3NGog,1
UCQ_-LPP8JAbfkc-b1Q6NvWw,UCjSKM9j0Q7HLDr1hD6D-TUw,1
UCQ_-LPP8JAbfkc-b1Q6NvWw,UCjmPuazZJzscrwvk0QR9RVw,1
UCQ_-LPP8JAbfkc-b1Q6NvWw,UCkd9W714-947dEE6ZOEBATA,1
UCQ_-LPP8JAbfkc-b1Q6NvWw,UCl0ekS9Tt0jJGtOEM18S63w,1
UCQ_-LPP8JAbfkc-b1Q6NvWw,UCljDbleJul41G1TzOjOZAVA,1
UCQ_-LPP8JAbfkc-b1Q6NvWw,UCmjppp6ujz3SAnULvP3sZMw,1
UCQ_-LPP8JAbfkc-b1Q6NvWw,UCmvOgzmmXbjUthHy-WJ52hQ,1
UCQ_-LPP8JAbfkc-b1Q6NvWw,UCp4iw5_5SmV9VGTFSNVGOmQ,1
UCQ_-LPP8JAbfkc-b1Q6NvWw,UCpIdtvoFHVLGASGB5ySqIEA,1
UCQ_-LPP8JAbfkc-b1Q6NvWw,UCpl8rF8uv_8uui-QRvuJaRA,1
UCQ_-LPP8JAbfkc-b1Q6NvWw,UCplrIQtaPj6au60_f2-mOYw,1
UCQ_-LPP8JAbfkc-b1Q6NvWw,UCpsKOkt5iWTbenzeuq7dsmQ,1
UCQ_-LPP8JAbfkc-b1Q6NvWw,UCr1emrogPKkKTs_WTtx71xg,1
UCQ_-LPP8JAbfkc-b1Q6NvWw,UCrJn_rbo_ENAdeqneS-RmRw,1
UCQ_-LPP8JAbfkc-b1Q6NvWw,UCsJJAvrVGupdmhOqgtDp8dg,1
UCQ_-LPP8JAbfkc-b1Q6NvWw,UCsSXdJct-nsS8DsABoEsaYA,1
UCQ_-LPP8JAbfkc-b1Q6NvWw,UCsUCN0Yq_UyTvKjOJLmNrnQ,1
UCQ_-LPP8JAbfkc-b1Q6NvWw,UCsjs5Hp_r86x1xbK6FAeqaA,1
UCQ_-LPP8JAbfkc-b1Q6NvWw,UCtNfIBnc5S5DbbQj_yxgJTw,1
UCQ_-LPP8JAbfkc-b1Q6NvWw,UCtUR3_CAiE7fCoZHM6cMfyQ,1
UCQ_-LPP8JAbfkc-b1Q6NvWw,UCueV9cTyTDwgQSec1x2dYgA,1
UCQ_-LPP8JAbfkc-b1Q6NvWw,UCujPF2nBgsTD62nWE3lcpIg,1
UCQ_-LPP8JAbfkc-b1Q6NvWw,UCut6b9S98nv84cVX89PmKzA,1
UCQ_-LPP8JAbfkc-b1Q6NvWw,UCvApqeCbLod-wejtT4CcVuA,1
UCQ_-LPP8JAbfkc-b1Q6NvWw,UCwO2SXr0ggzwg6QWWrr01nQ,1
UCQ_-LPP8JAbfkc-b1Q6NvWw,UCwW2OFy95P7ZBkOPxWkpvYg,1
UCQ_-LPP8JAbfkc-b1Q6NvWw,UCwha8rxULYMVtNwZWeSkE1A,1
UCQ_-LPP8JAbfkc-b1Q6NvWw,UCxff05WuyvwELNITi7bj7UA,1
UCQ_-LPP8JAbfkc-b1Q6NvWw,UCySYJU5kUh7X8gVt9la2ISA,1
UCQ_-LPP8JAbfkc-b1Q6NvWw,UCylqlpsh8ENNM1LqgQ1KbxA,1
UCQ_-LPP8JAbfkc-b1Q6NvWw,UCz3gu01bmjNv0DpRq-K3XYg,1
UCQ_-LPP8JAbfkc-b1Q6NvWw,UCzSfZlOVxBSs5ObD25ywxDQ,1
UCQ_-LPP8JAbfkc-b1Q6NvWw,UCzoL2l5H5eVlorWGH8AZfAg,1
UCQgYjVngJRfPHDLGB5X6ZjA,UCQqetiwzzmRNTM5OWuXarGQ,1
UCQgYjVngJRfPHDLGB5X6ZjA,UCQtICyzWmhC5woCtbNgaSmg,1
UCQgYjVngJRfPHDLGB5X6ZjA,UCQtSFINs1h6GHkpg9o5kMvg,1
UCQgYjVngJRfPHDLGB5X6ZjA,UCRETAiYdh2dL5ZxB0_N1zDA,1
UCQgYjVngJRfPHDLGB5X6ZjA,UCRelkU8JiZBytTzebJxaa-w,1
UCQgYjVngJRfPHDLGB5X6ZjA,UCRlCV9zSn7avAWh-9_XFWqQ,1
UCQgYjVngJRfPHDLGB5X6ZjA,UCSou6a2OuYGSvPjm5psquyA,1
UCQgYjVngJRfPHDLGB5X6ZjA,UCTD6q1nyIe3Y7HhqjaMj72w,1
UCQgYjVngJRfPHDLGB5X6ZjA,UCTP3O0rMnc8z8v8jaDQwL0w,1
UCQgYjVngJRfPHDLGB5X6ZjA,UCThW2XNsAaBKme5PUt7n-Zg,1
UCQgYjVngJRfPHDLGB5X6ZjA,UCTwSut16JyAg3mX6LVUNGqA,1
UCQgYjVngJRfPHDLGB5X6ZjA,UCTylKrsqkrBKIqubMu_5N0Q,1
UCQgYjVngJRfPHDLGB5X6ZjA,UCUIIIPTVDVHAXqhC_5V6lPA,1
UCQgYjVngJRfPHDLGB5X6ZjA,UCV0iizTBoOfdAFX_thfI9BA,1
UCQgYjVngJRfPHDLGB5X6ZjA,UCWIZUtKJ636y-4TYrNvok0g,1
UCQgYjVngJRfPHDLGB5X6ZjA,UCXSkL3ejZ8qWYyF_M7s_QKA,1
UCQgYjVngJRfPHDLGB5X6ZjA,UCXXh7yg5KUFIWylTiKVEFKQ,1
UCQgYjVngJRfPHDLGB5X6ZjA,UCXgr7vXlRrsaskPdo097kGA,1
UCQgYjVngJRfPHDLGB5X6ZjA,UCXr8_5WtGeipe4haOoQDgyQ,1
UCQgYjVngJRfPHDLGB5X6ZjA,UCYN4wSQ1Sx4_LurxLlW7MPg,1
UCQgYjVngJRfPHDLGB5X6ZjA,UCYwpX26TrCxq8TvbKGRYLXA,1
UCQgYjVngJRfPHDLGB5X6ZjA,UCZ51R_9Q9C0c8I3pAWhtmjQ,1
UCQgYjVngJRfPHDLGB5X6ZjA,UCZLG9qH0tUjNhEGFIUt0CYw,1
UCQgYjVngJRfPHDLGB5X6ZjA,UCcfdg8crmMJwEuLUsAhV7yg,1
UCQgYjVngJRfPHDLGB5X6ZjA,UCfM3nrxtTQMY5jFx1v1J4Gg,1
UCQgYjVngJRfPHDLGB5X6ZjA,UCgvw7xIdGFupzpt1Y_BFkEA,1
UCQgYjVngJRfPHDLGB5X6ZjA,UCh5ESQvtzyHDhCA7XyekCFA,1
UCQgYjVngJRfPHDLGB5X6ZjA,UChZknRmJkeGeQk0-mQuhDOg,1
UCQgYjVngJRfPHDLGB5X6ZjA,UChep9kVb5gQmpodEEl10Xlg,1
UCQgYjVngJRfPHDLGB5X6ZjA,UChgkn5Jt5tWKYMoEOuCjz3Q,1
UCQgYjVngJRfPHDLGB5X6ZjA,UChs3tU2BcKOT0CezykvAsGw,1
UCQgYjVngJRfPHDLGB5X6ZjA,UCi1b_TRQfgO1Z9O2gNGGWNA,1
UCQgYjVngJRfPHDLGB5X6ZjA,UCiGRBf2RNF0WRKhRVT7zFoA,1
UCQgYjVngJRfPHDLGB5X6ZjA,UCiMythXHsw7eQEMykCdmMUA,1
UCQgYjVngJRfPHDLGB5X6ZjA,UCipetjeiWj4CZB6EbyYziZg,1
UCQgYjVngJRfPHDLGB5X6ZjA,UCj-LL25XJnjxepPKCc3NGog,1
UCQgYjVngJRfPHDLGB5X6ZjA,UCjSKM9j0Q7HLDr1hD6D-TUw,1
UCQgYjVngJRfPHDLGB5X6ZjA,UCjmPuazZJzscrwvk0QR9RVw,1
UCQgYjVngJRfPHDLGB5X6ZjA,UCkd9W714-947dEE6ZOEBATA,1
UCQgYjVngJRfPHDLGB5X6ZjA,UCl0ekS9Tt0jJGtOEM18S63w,1
UCQgYjVngJRfPHDLGB5X6ZjA,UCljDbleJul41G1TzOjOZAVA,1
UCQgYjVngJRfPHDLGB5X6ZjA,UCmjppp6ujz3SAnULvP3sZMw,1
UCQgYjVngJRfPHDLGB5X6ZjA,UCmvOgzmmXbjUthHy-WJ52hQ,1
UCQgYjVngJRfPHDLGB5X6ZjA,UCp4iw5_5SmV9VGTFSNVGOmQ,1
UCQgYjVngJRfPHDLGB5X6ZjA,UCpIdtvoFHVLGASGB5ySqIEA,1
UCQgYjVngJRfPHDLGB5X6ZjA,UCpl8rF8uv_8uui-QRvuJaRA,1
UCQgYjVngJRfPHDLGB5X6ZjA,UCplrIQtaPj6au60_f2-mOYw,1
UCQgYjVngJRfPHDLGB5X6ZjA,UCpsKOkt5iWTbenzeuq7dsmQ,1
UCQgYjVngJRfPHDLGB5X6ZjA,UCr1emrogPKkKTs_WTtx71xg,1
UCQgYjVngJRfPHDLGB5X6ZjA,UCrJn_rbo_ENAdeqneS-RmRw,1
UCQgYjVngJRfPHDLGB5X6ZjA,UCsJJAvrVGupdmhOqgtDp8dg,1
UCQgYjVngJRfPHDLGB5X6ZjA,UCsSXdJct-nsS8DsABoEsaYA,1
UCQgYjVngJRfPHDLGB5X6ZjA,UCsUCN0Yq_UyTvKjOJLmNrnQ,1
UCQgYjVngJRfPHDLGB5X6ZjA,UCsjs5Hp_r86x1xbK6FAeqaA,1
UCQgYjVngJRfPHDLGB5X6ZjA,UCtNfIBnc5S5DbbQj_yxgJTw,1
UCQgYjVngJRfPHDLGB5X6ZjA,UCtUR3_CAiE7fCoZHM6cMfyQ,1
UCQgYjVngJRfPHDLGB5X6ZjA,UCueV9cTyTDwgQSec1x2dYgA,1
UCQgYjVngJRfPHDLGB5X6ZjA,UCujPF2nBgsTD62nWE3lcpIg,1
UCQgYjVngJRfPHDLGB5X6ZjA,UCut6b9S98nv84cVX89PmKzA,1
UCQgYjVngJRfPHDLGB5X6ZjA,UCvApqeCbLod-wejtT4CcVuA,1
UCQgYjVngJRfPHDLGB5X6ZjA,UCwO2SXr0ggzwg6QWWrr01nQ,1
UCQgYjVngJRfPHDLGB5X6ZjA,UCwW2OFy95P7ZBkOPxWkpvYg,1
UCQgYjVngJRfPHDLGB5X6ZjA,UCwha8rxULYMVtNwZWeSkE1A,1
UCQgYjVngJRfPHDLGB5X6ZjA,UCxff05WuyvwELNITi7bj7UA,1
UCQgYjVngJRfPHDLGB5X6ZjA,UCySYJU5kUh7X8gVt9la2ISA,1
UCQgYjVngJRfPHDLGB5X6ZjA,UCylqlpsh8ENNM1LqgQ1KbxA,1
UCQgYjVngJRfPHDLGB5X6ZjA,UCz3gu01bmjNv0DpRq-K3XYg,1
UCQgYjVngJRfPHDLGB5X6ZjA,UCzSfZlOVxBSs5ObD25ywxDQ,1
UCQgYjVngJRfPHDLGB5X6ZjA,UCzoL2l5H5eVlorWGH8AZfAg,1
UCQqetiwzzmRNTM5OWuXarGQ,UCQtICyzWmhC5woCtbNgaSmg,1
UCQqetiwzzmRNTM5OWuXarGQ,UCQtSFINs1h6GHkpg9o5kMvg,1
UCQqetiwzzmRNTM5OWuXarGQ,UCRETAiYdh2dL5ZxB0_N1zDA,1
UCQqetiwzzmRNTM5OWuXarGQ,UCRelkU8JiZBytTzebJxaa-w,1
UCQqetiwzzmRNTM5OWuXarGQ,UCRlCV9zSn7avAWh-9_XFWqQ,1
UCQqetiwzzmRNTM5OWuXarGQ,UCSou6a2OuYGSvPjm5psquyA,1
UCQqetiwzzmRNTM5OWuXarGQ,UCTD6q1nyIe3Y7HhqjaMj72w,1
UCQqetiwzzmRNTM5OWuXarGQ,UCTP3O0rMnc8z8v8jaDQwL0w,1
UCQqetiwzzmRNTM5OWuXarGQ,UCThW2XNsAaBKme5PUt7n-Zg,1
UCQqetiwzzmRNTM5OWuXarGQ,UCTwSut16JyAg3mX6LVUNGqA,1
UCQqetiwzzmRNTM5OWuXarGQ,UCTylKrsqkrBKIqubMu_5N0Q,1
UCQqetiwzzmRNTM5OWuXarGQ,UCUIIIPTVDVHAXqhC_5V6lPA,1
UCQqetiwzzmRNTM5OWuXarGQ,UCV0iizTBoOfdAFX_thfI9BA,1
UCQqetiwzzmRNTM5OWuXarGQ,UCWIZUtKJ636y-4TYrNvok0g,1
UCQqetiwzzmRNTM5OWuXarGQ,UCXSkL3ejZ8qWYyF_M7s_QKA,1
UCQqetiwzzmRNTM5OWuXarGQ,UCXXh7yg5KUFIWylTiKVEFKQ,1
UCQqetiwzzmRNTM5OWuXarGQ,UCXgr7vXlRrsaskPdo097kGA,1
UCQqetiwzzmRNTM5OWuXarGQ,UCXr8_5WtGeipe4haOoQDgyQ,1
UCQqetiwzzmRNTM5OWuXarGQ,UCYN4wSQ1Sx4_LurxLlW7MPg,1
UCQqetiwzzmRNTM5OWuXarGQ,UCYwpX26TrCxq8TvbKGRYLXA,1
UCQqetiwzzmRNTM5OWuXarGQ,UCZ51R_9Q9C0c8I3pAWhtmjQ,1
UCQqetiwzzmRNTM5OWuXarGQ,UCZLG9qH0tUjNhEGFIUt0CYw,1
UCQqetiwzzmRNTM5OWuXarGQ,UCcfdg8crmMJwEuLUsAhV7yg,1
UCQqetiwzzmRNTM5OWuXarGQ,UCfM3nrxtTQMY5jFx1v1J4Gg,1
UCQqetiwzzmRNTM5OWuXarGQ,UCgvw7xIdGFupzpt1Y_BFkEA,1
UCQqetiwzzmRNTM5OWuXarGQ,UCh5ESQvtzyHDhCA7XyekCFA,1
UCQqetiwzzmRNTM5OWuXarGQ,UChZknRmJkeGeQk0-mQuhDOg,1
UCQqetiwzzmRNTM5OWuXarGQ,UChep9kVb5gQmpodEEl10Xlg,1
UCQqetiwzzmRNTM5OWuXarGQ,UChgkn5Jt5tWKYMoEOuCjz3Q,1
UCQqetiwzzmRNTM5OWuXarGQ,UChs3tU2BcKOT0CezykvAsGw,1
UCQqetiwzzmRNTM5OWuXarGQ,UCi1b_TRQfgO1Z9O2gNGGWNA,1
UCQqetiwzzmRNTM5OWuXarGQ,UCiGRBf2RNF0WRKhRVT7zFoA,1
UCQqetiwzzmRNTM5OWuXarGQ,UCiMythXHsw7eQEMykCdmMUA,1
UCQqetiwzzmRNTM5OWuXarGQ,UCipetjeiWj4CZB6EbyYziZg,1
UCQqetiwzzmRNTM5OWuXarGQ,UCj-LL25XJnjxepPKCc3NGog,1
UCQqetiwzzmRNTM5OWuXarGQ,UCjSKM9j0Q7HLDr1hD6D-TUw,1
UCQqetiwzzmRNTM5OWuXarGQ,UCjmPuazZJzscrwvk0QR9RVw,1
UCQqetiwzzmRNTM5OWuXarGQ,UCkd9W714-947dEE6ZOEBATA,1
UCQqetiwzzmRNTM5OWuXarGQ,UCl0ekS9Tt0jJGtOEM18S63w,1
UCQqetiwzzmRNTM5OWuXarGQ,UCljDbleJul41G1TzOjOZAVA,1
UCQqetiwzzmRNTM5OWuXarGQ,UCmjppp6ujz3SAnULvP3sZMw,1
UCQqetiwzzmRNTM5OWuXarGQ,UCmvOgzmmXbjUthHy-WJ52hQ,1
UCQqetiwzzmRNTM5OWuXarGQ,UCp4iw5_5SmV9VGTFSNVGOmQ,1
UCQqetiwzzmRNTM5OWuXarGQ,UCpIdtvoFHVLGASGB5ySqIEA,1
UCQqetiwzzmRNTM5OWuXarGQ,UCpl8rF8uv_8uui-QRvuJaRA,1
UCQqetiwzzmRNTM5OWuXarGQ,UCplrIQtaPj6au60_f2-mOYw,1
UCQqetiwzzmRNTM5OWuXarGQ,UCpsKOkt5iWTbenzeuq7dsmQ,1
UCQqetiwzzmRNTM5OWuXarGQ,UCr1emrogPKkKTs_WTtx71xg,1
UCQqetiwzzmRNTM5OWuXarGQ,UCrJn_rbo_ENAdeqneS-RmRw,1
UCQqetiwzzmRNTM5OWuXarGQ,UCsJJAvrVGupdmhOqgtDp8dg,1
UCQqetiwzzmRNTM5OWuXarGQ,UCsSXdJct-nsS8DsABoEsaYA,1
UCQqetiwzzmRNTM5OWuXarGQ,UCsUCN0Yq_UyTvKjOJLmNrnQ,1
UCQqetiwzzmRNTM5OWuXarGQ,UCsjs5Hp_r86x1xbK6FAeqaA,1
UCQqetiwzzmRNTM5OWuXarGQ,UCtNfIBnc5S5DbbQj_yxgJTw,1
UCQqetiwzzmRNTM5OWuXarGQ,UCtUR3_CAiE7fCoZHM6cMfyQ,1
UCQqetiwzzmRNTM5OWuXarGQ,UCueV9cTyTDwgQSec1x2dYgA,1
UCQqetiwzzmRNTM5OWuXarGQ,UCujPF2nBgsTD62nWE3lcpIg,1
UCQqetiwzzmRNTM5OWuXarGQ,UCut6b9S98nv84cVX89PmKzA,1
UCQqetiwzzmRNTM5OWuXarGQ,UCvApqeCbLod-wejtT4CcVuA,1
UCQqetiwzzmRNTM5OWuXarGQ,UCwO2SXr0ggzwg6QWWrr01nQ,1
UCQqetiwzzmRNTM5OWuXarGQ,UCwW2OFy95P7ZBkOPxWkpvYg,1
UCQqetiwzzmRNTM5OWuXarGQ,UCwha8rxULYMVtNwZWeSkE1A,1
UCQqetiwzzmRNTM5OWuXarGQ,UCxff05WuyvwELNITi7bj7UA,1
UCQqetiwzzmRNTM5OWuXarGQ,UCySYJU5kUh7X8gVt9la2ISA,1
UCQqetiwzzmRNTM5OWuXarGQ,UCylqlpsh8ENNM1LqgQ1KbxA,1
UCQqetiwzzmRNTM5OWuXarGQ,UCz3gu01bmjNv0DpRq-K3XYg,1
UCQqetiwzzmRNTM5OWuXarGQ,UCzSfZlOVxBSs5ObD25ywxDQ,1
UCQqetiwzzmRNTM5OWuXarGQ,UCzoL2l5H5eVlorWGH8AZfAg,1
UCQtICyzWmhC5woCtbNgaSmg,UCQtSFINs1h6GHkpg9o5kMvg,1
UCQtICyzWmhC5woCtbNgaSmg,UCRETAiYdh2dL5ZxB0_N1zDA,1
UCQtICyzWmhC5woCtbNgaSmg,UCRelkU8JiZBytTzebJxaa-w,1
UCQtICyzWmhC5woCtbNgaSmg,UCRlCV9zSn7avAWh-9_XFWqQ,1
UCQtICyzWmhC5woCtbNgaSmg,UCSou6a2OuYGSvPjm5psquyA,1
UCQtICyzWmhC5woCtbNgaSmg,UCTD6q1nyIe3Y7HhqjaMj72w,1
UCQtICyzWmhC5woCtbNgaSmg,UCTP3O0rMnc8z8v8jaDQwL0w,1
UCQtICyzWmhC5woCtbNgaSmg,UCThW2XNsAaBKme5PUt7n-Zg,1
UCQtICyzWmhC5woCtbNgaSmg,UCTwSut16JyAg3mX6LVUNGqA,1
UCQtICyzWmhC5woCtbNgaSmg,UCTylKrsqkrBKIqubMu_5N0Q,1
UCQtICyzWmhC5woCtbNgaSmg,UCUIIIPTVDVHAXqhC_5V6lPA,1
UCQtICyzWmhC5woCtbNgaSmg,UCV0iizTBoOfdAFX_thfI9BA,1
UCQtICyzWmhC5woCtbNgaSmg,UCWIZUtKJ636y-4TYrNvok0g,1
UCQtICyzWmhC5woCtbNgaSmg,UCXSkL3ejZ8qWYyF_M7s_QKA,1
UCQtICyzWmhC5woCtbNgaSmg,UCXXh7yg5KUFIWylTiKVEFKQ,1
UCQtICyzWmhC5woCtbNgaSmg,UCXgr7vXlRrsaskPdo097kGA,1
UCQtICyzWmhC5woCtbNgaSmg,UCXr8_5WtGeipe4haOoQDgyQ,1
UCQtICyzWmhC5woCtbNgaSmg,UCYN4wSQ1Sx4_LurxLlW7MPg,1
UCQtICyzWmhC5woCtbNgaSmg,UCYwpX26TrCxq8TvbKGRYLXA,1
UCQtICyzWmhC5woCtbNgaSmg,UCZ51R_9Q9C0c8I3pAWhtmjQ,1
UCQtICyzWmhC5woCtbNgaSmg,UCZLG9qH0tUjNhEGFIUt0CYw,1
UCQtICyzWmhC5woCtbNgaSmg,UCcfdg8crmMJwEuLUsAhV7yg,1
UCQtICyzWmhC5woCtbNgaSmg,UCfM3nrxtTQMY5jFx1v1J4Gg,1
UCQtICyzWmhC5woCtbNgaSmg,UCgvw7xIdGFupzpt1Y_BFkEA,1
UCQtICyzWmhC5woCtbNgaSmg,UCh5ESQvtzyHDhCA7XyekCFA,1
UCQtICyzWmhC5woCtbNgaSmg,UChZknRmJkeGeQk0-mQuhDOg,1
UCQtICyzWmhC5woCtbNgaSmg,UChep9kVb5gQmpodEEl10Xlg,1
UCQtICyzWmhC5woCtbNgaSmg,UChgkn5Jt5tWKYMoEOuCjz3Q,1
UCQtICyzWmhC5woCtbNgaSmg,UChs3tU2BcKOT0CezykvAsGw,1
UCQtICyzWmhC5woCtbNgaSmg,UCi1b_TRQfgO1Z9O2gNGGWNA,1
UCQtICyzWmhC5woCtbNgaSmg,UCiGRBf2RNF0WRKhRVT7zFoA,1
UCQtICyzWmhC5woCtbNgaSmg,UCiMythXHsw7eQEMykCdmMUA,1
UCQtICyzWmhC5woCtbNgaSmg,UCipetjeiWj4CZB6EbyYziZg,1
UCQtICyzWmhC5woCtbNgaSmg,UCj-LL25XJnjxepPKCc3NGog,1
UCQtICyzWmhC5woCtbNgaSmg,UCjSKM9j0Q7HLDr1hD6D-TUw,1
UCQtICyzWmhC5woCtbNgaSmg,UCjmPuazZJzscrwvk0QR9RVw,1
UCQtICyzWmhC5woCtbNgaSmg,UCkd9W714-947dEE6ZOEBATA,1
UCQtICyzWmhC5woCtbNgaSmg,UCl0ekS9Tt0jJGtOEM18S63w,1
UCQtICyzWmhC5woCtbNgaSmg,UCljDbleJul41G1TzOjOZAVA,1
UCQtICyzWmhC5woCtbNgaSmg,UCmjppp6ujz3SAnULvP3sZMw,1
UCQtICyzWmhC5woCtbNgaSmg,UCmvOgzmmXbjUthHy-WJ52hQ,1
UCQtICyzWmhC5woCtbNgaSmg,UCp4iw5_5SmV9VGTFSNVGOmQ,1
UCQtICyzWmhC5woCtbNgaSmg,UCpIdtvoFHVLGASGB5ySqIEA,1
UCQtICyzWmhC5woCtbNgaSmg,UCpl8rF8uv_8uui-QRvuJaRA,1
UCQtICyzWmhC5woCtbNgaSmg,UCplrIQtaPj6au60_f2-mOYw,1
UCQtICyzWmhC5woCtbNgaSmg,UCpsKOkt5iWTbenzeuq7dsmQ,1
UCQtICyzWmhC5woCtbNgaSmg,UCr1emrogPKkKTs_WTtx71xg,1
UCQtICyzWmhC5woCtbNgaSmg,UCrJn_rbo_ENAdeqneS-RmRw,1
UCQtICyzWmhC5woCtbNgaSmg,UCsJJAvrVGupdmhOqgtDp8dg,1
UCQtICyzWmhC5woCtbNgaSmg,UCsSXdJct-nsS8DsABoEsaYA,1
UCQtICyzWmhC5woCtbNgaSmg,UCsUCN0Yq_UyTvKjOJLmNrnQ,1
UCQtICyzWmhC5woCtbNgaSmg,UCsjs5Hp_r86x1xbK6FAeqaA,1
UCQtICyzWmhC5woCtbNgaSmg,UCtNfIBnc5S5DbbQj_yxgJTw,1
UCQtICyzWmhC5woCtbNgaSmg,UCtUR3_CAiE7fCoZHM6cMfyQ,1
UCQtICyzWmhC5woCtbNgaSmg,UCueV9cTyTDwgQSec1x2dYgA,1
UCQtICyzWmhC5woCtbNgaSmg,UCujPF2nBgsTD62nWE3lcpIg,1
UCQtICyzWmhC5woCtbNgaSmg,UCut6b9S98nv84cVX89PmKzA,1
UCQtICyzWmhC5woCtbNgaSmg,UCvApqeCbLod-wejtT4CcVuA,1
UCQtICyzWmhC5woCtbNgaSmg,UCwO2SXr0ggzwg6QWWrr01nQ,1
UCQtICyzWmhC5woCtbNgaSmg,UCwW2OFy95P7ZBkOPxWkpvYg,1
UCQtICyzWmhC5woCtbNgaSmg,UCwha8rxULYMVtNwZWeSkE1A,1
UCQtICyzWmhC5woCtbNgaSmg,UCxff05WuyvwELNITi7bj7UA,1
UCQtICyzWmhC5woCtbNgaSmg,UCySYJU5kUh7X8gVt9la2ISA,1
UCQtICyzWmhC5woCtbNgaSmg,UCylqlpsh8ENNM1LqgQ1KbxA,1
UCQtICyzWmhC5woCtbNgaSmg,UCz3gu01bmjNv0DpRq-K3XYg,1
UCQtICyzWmhC5woCtbNgaSmg,UCzSfZlOVxBSs5ObD25ywxDQ,1
UCQtICyzWmhC5woCtbNgaSmg,UCzoL2l5H5eVlorWGH8AZfAg,1
UCQtSFINs1h6GHkpg9o5kMvg,UCRETAiYdh2dL5ZxB0_N1zDA,1
UCQtSFINs1h6GHkpg9o5kMvg,UCRelkU8JiZBytTzebJxaa-w,1
UCQtSFINs1h6GHkpg9o5kMvg,UCRlCV9zSn7avAWh-9_XFWqQ,1
UCQtSFINs1h6GHkpg9o5kMvg,UCSou6a2OuYGSvPjm5psquyA,1
UCQtSFINs1h6GHkpg9o5kMvg,UCTD6q1nyIe3Y7HhqjaMj72w,1
UCQtSFINs1h6GHkpg9o5kMvg,UCTP3O0rMnc8z8v8jaDQwL0w,1
UCQtSFINs1h6GHkpg9o5kMvg,UCThW2XNsAaBKme5PUt7n-Zg,1
UCQtSFINs1h6GHkpg9o5kMvg,UCTwSut16JyAg3mX6LVUNGqA,1
UCQtSFINs1h6GHkpg9o5kMvg,UCTylKrsqkrBKIqubMu_5N0Q,1
UCQtSFINs1h6GHkpg9o5kMvg,UCUIIIPTVDVHAXqhC_5V6lPA,1
UCQtSFINs1h6GHkpg9o5kMvg,UCV0iizTBoOfdAFX_thfI9BA,1
UCQtSFINs1h6GHkpg9o5kMvg,UCWIZUtKJ636y-4TYrNvok0g,1
UCQtSFINs1h6GHkpg9o5kMvg,UCXSkL3ejZ8qWYyF_M7s_QKA,1
UCQtSFINs1h6GHkpg9o5kMvg,UCXXh7yg5KUFIWylTiKVEFKQ,1
UCQtSFINs1h6GHkpg9o5kMvg,UCXgr7vXlRrsaskPdo097kGA,1
UCQtSFINs1h6GHkpg9o5kMvg,UCXr8_5WtGeipe4haOoQDgyQ,1
UCQtSFINs1h6GHkpg9o5kMvg,UCYN4wSQ1Sx4_LurxLlW7MPg,1
UCQtSFINs1h6GHkpg9o5kMvg,UCYwpX26TrCxq8TvbKGRYLXA,1
UCQtSFINs1h6GHkpg9o5kMvg,UCZ51R_9Q9C0c8I3pAWhtmjQ,1
UCQtSFINs1h6GHkpg9o5kMvg,UCZLG9qH0tUjNhEGFIUt0CYw,1
UCQtSFINs1h6GHkpg9o5kMvg,UCcfdg8crmMJwEuLUsAhV7yg,1
UCQtSFINs1h6GHkpg9o5kMvg,UCfM3nrxtTQMY5jFx1v1J4Gg,1
UCQtSFINs1h6GHkpg9o5kMvg,UCgvw7xIdGFupzpt1Y_BFkEA,1
UCQtSFINs1h6GHkpg9o5kMvg,UCh5ESQvtzyHDhCA7XyekCFA,1
UCQtSFINs1h6GHkpg9o5kMvg,UChZknRmJkeGeQk0-mQuhDOg,1
UCQtSFINs1h6GHkpg9o5kMvg,UChep9kVb5gQmpodEEl10Xlg,1
UCQtSFINs1h6GHkpg9o5kMvg,UChgkn5Jt5tWKYMoEOuCjz3Q,1
UCQtSFINs1h6GHkpg9o5kMvg,UChs3tU2BcKOT0CezykvAsGw,1
UCQtSFINs1h6GHkpg9o5kMvg,UCi1b_TRQfgO1Z9O2gNGGWNA,1
UCQtSFINs1h6GHkpg9o5kMvg,UCiGRBf2RNF0WRKhRVT7zFoA,1
UCQtSFINs1h6GHkpg9o5kMvg,UCiMythXHsw7eQEMykCdmMUA,1
UCQtSFINs1h6GHkpg9o5kMvg,UCipetjeiWj4CZB6EbyYziZg,1
UCQtSFINs1h6GHkpg9o5kMvg,UCj-LL25XJnjxepPKCc3NGog,1
UCQtSFINs1h6GHkpg9o5kMvg,UCjSKM9j0Q7HLDr1hD6D-TUw,1
UCQtSFINs1h6GHkpg9o5kMvg,UCjmPuazZJzscrwvk0QR9RVw,1
UCQtSFINs1h6GHkpg9o5kMvg,UCkd9W714-947dEE6ZOEBATA,1
UCQtSFINs1h6GHkpg9o5kMvg,UCl0ekS9Tt0jJGtOEM18S63w,1
UCQtSFINs1h6GHkpg9o5kMvg,UCljDbleJul41G1TzOjOZAVA,1
UCQtSFINs1h6GHkpg9o5kMvg,UCmjppp6ujz3SAnULvP3sZMw,1
UCQtSFINs1h6GHkpg9o5kMvg,UCmvOgzmmXbjUthHy-WJ52hQ,1
UCQtSFINs1h6GHkpg9o5kMvg,UCp4iw5_5SmV9VGTFSNVGOmQ,1
UCQtSFINs1h6GHkpg9o5kMvg,UCpIdtvoFHVLGASGB5ySqIEA,1
UCQtSFINs1h6GHkpg9o5kMvg,UCpl8rF8uv_8uui-QRvuJaRA,1
UCQtSFINs1h6GHkpg9o5kMvg,UCplrIQtaPj6au60_f2-mOYw,1
UCQtSFINs1h6GHkpg9o5kMvg,UCpsKOkt5iWTbenzeuq7dsmQ,1
UCQtSFINs1h6GHkpg9o5kMvg,UCr1emrogPKkKTs_WTtx71xg,1
UCQtSFINs1h6GHkpg9o5kMvg,UCrJn_rbo_ENAdeqneS-RmRw,1
UCQtSFINs1h6GHkpg9o5kMvg,UCsJJAvrVGupdmhOqgtDp8dg,1
UCQtSFINs1h6GHkpg9o5kMvg,UCsSXdJct-nsS8DsABoEsaYA,1
UCQtSFINs1h6GHkpg9o5kMvg,UCsUCN0Yq_UyTvKjOJLmNrnQ,1
UCQtSFINs1h6GHkpg9o5kMvg,UCsjs5Hp_r86x1xbK6FAeqaA,1
UCQtSFINs1h6GHkpg9o5kMvg,UCtNfIBnc5S5DbbQj_yxgJTw,1
UCQtSFINs1h6GHkpg9o5kMvg,UCtUR3_CAiE7fCoZHM6cMfyQ,1
UCQtSFINs1h6GHkpg9o5kMvg,UCueV9cTyTDwgQSec1x2dYgA,1
UCQtSFINs1h6GHkpg9o5kMvg,UCujPF2nBgsTD62nWE3lcpIg,1
UCQtSFINs1h6GHkpg9o5kMvg,UCut6b9S98nv84cVX89PmKzA,1
UCQtSFINs1h6GHkpg9o5kMvg,UCvApqeCbLod-wejtT4CcVuA,1
UCQtSFINs1h6GHkpg9o5kMvg,UCwO2SXr0ggzwg6QWWrr01nQ,1
UCQtSFINs1h6GHkpg9o5kMvg,UCwW2OFy95P7ZBkOPxWkpvYg,1
UCQtSFINs1h6GHkpg9o5kMvg,UCwha8rxULYMVtNwZWeSkE1A,1
UCQtSFINs1h6GHkpg9o5kMvg,UCxff05WuyvwELNITi7bj7UA,1
UCQtSFINs1h6GHkpg9o5kMvg,UCySYJU5kUh7X8gVt9la2ISA,1
UCQtSFINs1h6GHkpg9o5kMvg,UCylqlpsh8ENNM1LqgQ1KbxA,1
UCQtSFINs1h6GHkpg9o5kMvg,UCz3gu01bmjNv0DpRq-K3XYg,1
UCQtSFINs1h6GHkpg9o5kMvg,UCzSfZlOVxBSs5ObD25ywxDQ,1
UCQtSFINs1h6GHkpg9o5kMvg,UCzoL2l5H5eVlorWGH8AZfAg,1
UCRETAiYdh2dL5ZxB0_N1zDA,UCRelkU8JiZBytTzebJxaa-w,1
UCRETAiYdh2dL5ZxB0_N1zDA,UCRlCV9zSn7avAWh-9_XFWqQ,1
UCRETAiYdh2dL5ZxB0_N1zDA,UCSou6a2OuYGSvPjm5psquyA,1
UCRETAiYdh2dL5ZxB0_N1zDA,UCTD6q1nyIe3Y7HhqjaMj72w,1
UCRETAiYdh2dL5ZxB0_N1zDA,UCTP3O0rMnc8z8v8jaDQwL0w,1
UCRETAiYdh2dL5ZxB0_N1zDA,UCThW2XNsAaBKme5PUt7n-Zg,1
UCRETAiYdh2dL5ZxB0_N1zDA,UCTwSut16JyAg3mX6LVUNGqA,1
UCRETAiYdh2dL5ZxB0_N1zDA,UCTylKrsqkrBKIqubMu_5N0Q,1
UCRETAiYdh2dL5ZxB0_N1zDA,UCUIIIPTVDVHAXqhC_5V6lPA,1
UCRETAiYdh2dL5ZxB0_N1zDA,UCV0iizTBoOfdAFX_thfI9BA,1
UCRETAiYdh2dL5ZxB0_N1zDA,UCWIZUtKJ636y-4TYrNvok0g,1
UCRETAiYdh2dL5ZxB0_N1zDA,UCXSkL3ejZ8qWYyF_M7s_QKA,1
UCRETAiYdh2dL5ZxB0_N1zDA,UCXXh7yg5KUFIWylTiKVEFKQ,1
UCRETAiYdh2dL5ZxB0_N1zDA,UCXgr7vXlRrsaskPdo097kGA,1
UCRETAiYdh2dL5ZxB0_N1zDA,UCXr8_5WtGeipe4haOoQDgyQ,1
UCRETAiYdh2dL5ZxB0_N1zDA,UCYN4wSQ1Sx4_LurxLlW7MPg,1
UCRETAiYdh2dL5ZxB0_N1zDA,UCYwpX26TrCxq8TvbKGRYLXA,1
UCRETAiYdh2dL5ZxB0_N1zDA,UCZ51R_9Q9C0c8I3pAWhtmjQ,1
UCRETAiYdh2dL5ZxB0_N1zDA,UCZLG9qH0tUjNhEGFIUt0CYw,1
UCRETAiYdh2dL5ZxB0_N1zDA,UCcfdg8crmMJwEuLUsAhV7yg,1
UCRETAiYdh2dL5ZxB0_N1zDA,UCfM3nrxtTQMY5jFx1v1J4Gg,1
UCRETAiYdh2dL5ZxB0_N1zDA,UCgvw7xIdGFupzpt1Y_BFkEA,1
UCRETAiYdh2dL5ZxB0_N1zDA,UCh5ESQvtzyHDhCA7XyekCFA,1
UCRETAiYdh2dL5ZxB0_N1zDA,UChZknRmJkeGeQk0-mQuhDOg,1
UCRETAiYdh2dL5ZxB0_N1zDA,UChep9kVb5gQmpodEEl10Xlg,1
UCRETAiYdh2dL5ZxB0_N1zDA,UChgkn5Jt5tWKYMoEOuCjz3Q,1
UCRETAiYdh2dL5ZxB0_N1zDA,UChs3tU2BcKOT0CezykvAsGw,1
UCRETAiYdh2dL5ZxB0_N1zDA,UCi1b_TRQfgO1Z9O2gNGGWNA,1
UCRETAiYdh2dL5ZxB0_N1zDA,UCiGRBf2RNF0WRKhRVT7zFoA,1
UCRETAiYdh2dL5ZxB0_N1zDA,UCiMythXHsw7eQEMykCdmMUA,1
UCRETAiYdh2dL5ZxB0_N1zDA,UCipetjeiWj4CZB6EbyYziZg,1
UCRETAiYdh2dL5ZxB0_N1zDA,UCj-LL25XJnjxepPKCc3NGog,1
UCRETAiYdh2dL5ZxB0_N1zDA,UCjSKM9j0Q7HLDr1hD6D-TUw,1
UCRETAiYdh2dL5ZxB0_N1zDA,UCjmPuazZJzscrwvk0QR9RVw,1
UCRETAiYdh2dL5ZxB0_N1zDA,UCkd9W714-947dEE6ZOEBATA,1
UCRETAiYdh2dL5ZxB0_N1zDA,UCl0ekS9Tt0jJGtOEM18S63w,1
UCRETAiYdh2dL5ZxB0_N1zDA,UCljDbleJul41G1TzOjOZAVA,1
UCRETAiYdh2dL5ZxB0_N1zDA,UCmjppp6ujz3SAnULvP3sZMw,1
UCRETAiYdh2dL5ZxB0_N1zDA,UCmvOgzmmXbjUthHy-WJ52hQ,1
UCRETAiYdh2dL5ZxB0_N1zDA,UCp4iw5_5SmV9VGTFSNVGOmQ,1
UCRETAiYdh2dL5ZxB0_N1zDA,UCpIdtvoFHVLGASGB5ySqIEA,1
UCRETAiYdh2dL5ZxB0_N1zDA,UCpl8rF8uv_8uui-QRvuJaRA,1
UCRETAiYdh2dL5ZxB0_N1zDA,UCplrIQtaPj6au60_f2-mOYw,1
UCRETAiYdh2dL5ZxB0_N1zDA,UCpsKOkt5iWTbenzeuq7dsmQ,1
UCRETAiYdh2dL5ZxB0_N1zDA,UCr1emrogPKkKTs_WTtx71xg,1
UCRETAiYdh2dL5ZxB0_N1zDA,UCrJn_rbo_ENAdeqneS-RmRw,1
UCRETAiYdh2dL5ZxB0_N1zDA,UCsJJAvrVGupdmhOqgtDp8dg,1
UCRETAiYdh2dL5ZxB0_N1zDA,UCsSXdJct-nsS8DsABoEsaYA,1
UCRETAiYdh2dL5ZxB0_N1zDA,UCsUCN0Yq_UyTvKjOJLmNrnQ,1
UCRETAiYdh2dL5ZxB0_N1zDA,UCsjs5Hp_r86x1xbK6FAeqaA,1
UCRETAiYdh2dL5ZxB0_N1zDA,UCtNfIBnc5S5DbbQj_yxgJTw,1
UCRETAiYdh2dL5ZxB0_N1zDA,UCtUR3_CAiE7fCoZHM6cMfyQ,1
UCRETAiYdh2dL5ZxB0_N1zDA,UCueV9cTyTDwgQSec1x2dYgA,1
UCRETAiYdh2dL5ZxB0_N1zDA,UCujPF2nBgsTD62nWE3lcpIg,1
UCRETAiYdh2dL5ZxB0_N1zDA,UCut6b9S98nv84cVX89PmKzA,1
UCRETAiYdh2dL5ZxB0_N1zDA,UCvApqeCbLod-wejtT4CcVuA,1
UCRETAiYdh2dL5ZxB0_N1zDA,UCwO2SXr0ggzwg6QWWrr01nQ,1
UCRETAiYdh2dL5ZxB0_N1zDA,UCwW2OFy95P7ZBkOPxWkpvYg,1
UCRETAiYdh2dL5ZxB0_N1zDA,UCwha8rxULYMVtNwZWeSkE1A,1
UCRETAiYdh2dL5ZxB0_N1zDA,UCxff05WuyvwELNITi7bj7UA,1
UCRETAiYdh2dL5ZxB0_N1zDA,UCySYJU5kUh7X8gVt9la2ISA,1
UCRETAiYdh2dL5ZxB0_N1zDA,UCylqlpsh8ENNM1LqgQ1KbxA,1
UCRETAiYdh2dL5ZxB0_N1zDA,UCz3gu01bmjNv0DpRq-K3XYg,1
UCRETAiYdh2dL5ZxB0_N1zDA,UCzSfZlOVxBSs5ObD25ywxDQ,1
UCRETAiYdh2dL5ZxB0_N1zDA,UCzoL2l5H5eVlorWGH8AZfAg,1
UCRelkU8JiZBytTzebJxaa-w,UCRlCV9zSn7avAWh-9_XFWqQ,1
UCRelkU8JiZBytTzebJxaa-w,UCSou6a2OuYGSvPjm5psquyA,1
UCRelkU8JiZBytTzebJxaa-w,UCTD6q1nyIe3Y7HhqjaMj72w,1
UCRelkU8JiZBytTzebJxaa-w,UCTP3O0rMnc8z8v8jaDQwL0w,1
UCRelkU8JiZBytTzebJxaa-w,UCThW2XNsAaBKme5PUt7n-Zg,1
UCRelkU8JiZBytTzebJxaa-w,UCTwSut16JyAg3mX6LVUNGqA,1
UCRelkU8JiZBytTzebJxaa-w,UCTylKrsqkrBKIqubMu_5N0Q,1
UCRelkU8JiZBytTzebJxaa-w,UCUIIIPTVDVHAXqhC_5V6lPA,1
UCRelkU8JiZBytTzebJxaa-w,UCV0iizTBoOfdAFX_thfI9BA,1
UCRelkU8JiZBytTzebJxaa-w,UCWIZUtKJ636y-4TYrNvok0g,1
UCRelkU8JiZBytTzebJxaa-w,UCXSkL3ejZ8qWYyF_M7s_QKA,1
UCRelkU8JiZBytTzebJxaa-w,UCXXh7yg5KUFIWylTiKVEFKQ,1
UCRelkU8JiZBytTzebJxaa-w,UCXgr7vXlRrsaskPdo097kGA,1
UCRelkU8JiZBytTzebJxaa-w,UCXr8_5WtGeipe4haOoQDgyQ,1
UCRelkU8JiZBytTzebJxaa-w,UCYN4wSQ1Sx4_LurxLlW7MPg,1
UCRelkU8JiZBytTzebJxaa-w,UCYwpX26TrCxq8TvbKGRYLXA,1
UCRelkU8JiZBytTzebJxaa-w,UCZ51R_9Q9C0c8I3pAWhtmjQ,1
UCRelkU8JiZBytTzebJxaa-w,UCZLG9qH0tUjNhEGFIUt0CYw,1
UCRelkU8JiZBytTzebJxaa-w,UCcfdg8crmMJwEuLUsAhV7yg,1
UCRelkU8JiZBytTzebJxaa-w,UCfM3nrxtTQMY5jFx1v1J4Gg,1
UCRelkU8JiZBytTzebJxaa-w,UCgvw7xIdGFupzpt1Y_BFkEA,1
UCRelkU8JiZBytTzebJxaa-w,UCh5ESQvtzyHDhCA7XyekCFA,1
UCRelkU8JiZBytTzebJxaa-w,UChZknRmJkeGeQk0-mQuhDOg,1
UCRelkU8JiZBytTzebJxaa-w,UChep9kVb5gQmpodEEl10Xlg,1
UCRelkU8JiZBytTzebJxaa-w,UChgkn5Jt5tWKYMoEOuCjz3Q,1
UCRelkU8JiZBytTzebJxaa-w,UChs3tU2BcKOT0CezykvAsGw,1
UCRelkU8JiZBytTzebJxaa-w,UCi1b_TRQfgO1Z9O2gNGGWNA,1
UCRelkU8JiZBytTzebJxaa-w,UCiGRBf2RNF0WRKhRVT7zFoA,1
UCRelkU8JiZBytTzebJxaa-w,UCiMythXHsw7eQEMykCdmMUA,1
UCRelkU8JiZBytTzebJxaa-w,UCipetjeiWj4CZB6EbyYziZg,1
UCRelkU8JiZBytTzebJxaa-w,UCj-LL25XJnjxepPKCc3NGog,1
UCRelkU8JiZBytTzebJxaa-w,UCjSKM9j0Q7HLDr1hD6D-TUw,1
UCRelkU8JiZBytTzebJxaa-w,UCjmPuazZJzscrwvk0QR9RVw,1
UCRelkU8JiZBytTzebJxaa-w,UCkd9W714-947dEE6ZOEBATA,1
UCRelkU8JiZBytTzebJxaa-w,UCl0ekS9Tt0jJGtOEM18S63w,1
UCRelkU8JiZBytTzebJxaa-w,UCljDbleJul41G1TzOjOZAVA,1
UCRelkU8JiZBytTzebJxaa-w,UCmjppp6ujz3SAnULvP3sZMw,1
UCRelkU8JiZBytTzebJxaa-w,UCmvOgzmmXbjUthHy-WJ52hQ,1
UCRelkU8JiZBytTzebJxaa-w,UCp4iw5_5SmV9VGTFSNVGOmQ,1
UCRelkU8JiZBytTzebJxaa-w,UCpIdtvoFHVLGASGB5ySqIEA,1
UCRelkU8JiZBytTzebJxaa-w,UCpl8rF8uv_8uui-QRvuJaRA,1
UCRelkU8JiZBytTzebJxaa-w,UCplrIQtaPj6au60_f2-mOYw,1
UCRelkU8JiZBytTzebJxaa-w,UCpsKOkt5iWTbenzeuq7dsmQ,1
UCRelkU8JiZBytTzebJxaa-w,UCr1emrogPKkKTs_WTtx71xg,1
UCRelkU8JiZBytTzebJxaa-w,UCrJn_rbo_ENAdeqneS-RmRw,1
UCRelkU8JiZBytTzebJxaa-w,UCsJJAvrVGupdmhOqgtDp8dg,1
UCRelkU8JiZBytTzebJxaa-w,UCsSXdJct-nsS8DsABoEsaYA,1
UCRelkU8JiZBytTzebJxaa-w,UCsUCN0Yq_UyTvKjOJLmNrnQ,1
UCRelkU8JiZBytTzebJxaa-w,UCsjs5Hp_r86x1xbK6FAeqaA,1
UCRelkU8JiZBytTzebJxaa-w,UCtNfIBnc5S5DbbQj_yxgJTw,1
UCRelkU8JiZBytTzebJxaa-w,UCtUR3_CAiE7fCoZHM6cMfyQ,1
UCRelkU8JiZBytTzebJxaa-w,UCueV9cTyTDwgQSec1x2dYgA,1
UCRelkU8JiZBytTzebJxaa-w,UCujPF2nBgsTD62nWE3lcpIg,1
UCRelkU8JiZBytTzebJxaa-w,UCut6b9S98nv84cVX89PmKzA,1
UCRelkU8JiZBytTzebJxaa-w,UCvApqeCbLod-wejtT4CcVuA,1
UCRelkU8JiZBytTzebJxaa-w,UCwO2SXr0ggzwg6QWWrr01nQ,1
UCRelkU8JiZBytTzebJxaa-w,UCwW2OFy95P7ZBkOPxWkpvYg,1
UCRelkU8JiZBytTzebJxaa-w,UCwha8rxULYMVtNwZWeSkE1A,1
UCRelkU8JiZBytTzebJxaa-w,UCxff05WuyvwELNITi7bj7UA,1
UCRelkU8JiZBytTzebJxaa-w,UCySYJU5kUh7X8gVt9la2ISA,1
UCRelkU8JiZBytTzebJxaa-w,UCylqlpsh8ENNM1LqgQ1KbxA,1
UCRelkU8JiZBytTzebJxaa-w,UCz3gu01bmjNv0DpRq-K3XYg,1
UCRelkU8JiZBytTzebJxaa-w,UCzSfZlOVxBSs5ObD25ywxDQ,1
UCRelkU8JiZBytTzebJxaa-w,UCzoL2l5H5eVlorWGH8AZfAg,1
UCRlCV9zSn7avAWh-9_XFWqQ,UCSou6a2OuYGSvPjm5psquyA,1
UCRlCV9zSn7avAWh-9_XFWqQ,UCTD6q1nyIe3Y7HhqjaMj72w,1
UCRlCV9zSn7avAWh-9_XFWqQ,UCTP3O0rMnc8z8v8jaDQwL0w,1
UCRlCV9zSn7avAWh-9_XFWqQ,UCThW2XNsAaBKme5PUt7n-Zg,1
UCRlCV9zSn7avAWh-9_XFWqQ,UCTwSut16JyAg3mX6LVUNGqA,1
UCRlCV9zSn7avAWh-9_XFWqQ,UCTylKrsqkrBKIqubMu_5N0Q,1
UCRlCV9zSn7avAWh-9_XFWqQ,UCUIIIPTVDVHAXqhC_5V6lPA,1
UCRlCV9zSn7avAWh-9_XFWqQ,UCV0iizTBoOfdAFX_thfI9BA,1
UCRlCV9zSn7avAWh-9_XFWqQ,UCWIZUtKJ636y-4TYrNvok0g,1
UCRlCV9zSn7avAWh-9_XFWqQ,UCXSkL3ejZ8qWYyF_M7s_QKA,1
UCRlCV9zSn7avAWh-9_XFWqQ,UCXXh7yg5KUFIWylTiKVEFKQ,1
UCRlCV9zSn7avAWh-9_XFWqQ,UCXgr7vXlRrsaskPdo097kGA,1
UCRlCV9zSn7avAWh-9_XFWqQ,UCXr8_5WtGeipe4haOoQDgyQ,1
UCRlCV9zSn7avAWh-9_XFWqQ,UCYN4wSQ1Sx4_LurxLlW7MPg,1
UCRlCV9zSn7avAWh-9_XFWqQ,UCYwpX26TrCxq8TvbKGRYLXA,1
UCRlCV9zSn7avAWh-9_XFWqQ,UCZ51R_9Q9C0c8I3pAWhtmjQ,1
UCRlCV9zSn7avAWh-9_XFWqQ,UCZLG9qH0tUjNhEGFIUt0CYw,1
UCRlCV9zSn7avAWh-9_XFWqQ,UCcfdg8crmMJwEuLUsAhV7yg,1
UCRlCV9zSn7avAWh-9_XFWqQ,UCfM3nrxtTQMY5jFx1v1J4Gg,1
UCRlCV9zSn7avAWh-9_XFWqQ,UCgvw7xIdGFupzpt1Y_BFkEA,1
UCRlCV9zSn7avAWh-9_XFWqQ,UCh5ESQvtzyHDhCA7XyekCFA,1
UCRlCV9zSn7avAWh-9_XFWqQ,UChZknRmJkeGeQk0-mQuhDOg,1
UCRlCV9zSn7avAWh-9_XFWqQ,UChep9kVb5gQmpodEEl10Xlg,1
UCRlCV9zSn7avAWh-9_XFWqQ,UChgkn5Jt5tWKYMoEOuCjz3Q,1
UCRlCV9zSn7avAWh-9_XFWqQ,UChs3tU2BcKOT0CezykvAsGw,1
UCRlCV9zSn7avAWh-9_XFWqQ,UCi1b_TRQfgO1Z9O2gNGGWNA,1
UCRlCV9zSn7avAWh-9_XFWqQ,UCiGRBf2RNF0WRKhRVT7zFoA,1
UCRlCV9zSn7avAWh-9_XFWqQ,UCiMythXHsw7eQEMykCdmMUA,1
UCRlCV9zSn7avAWh-9_XFWqQ,UCipetjeiWj4CZB6EbyYziZg,1
UCRlCV9zSn7avAWh-9_XFWqQ,UCj-LL25XJnjxepPKCc3NGog,1
UCRlCV9zSn7avAWh-9_XFWqQ,UCjSKM9j0Q7HLDr1hD6D-TUw,1
UCRlCV9zSn7avAWh-9_XFWqQ,UCjmPuazZJzscrwvk0QR9RVw,1
UCRlCV9zSn7avAWh-9_XFWqQ,UCkd9W714-947dEE6ZOEBATA,1
UCRlCV9zSn7avAWh-9_XFWqQ,UCl0ekS9Tt0jJGtOEM18S63w,1
UCRlCV9zSn7avAWh-9_XFWqQ,UCljDbleJul41G1TzOjOZAVA,1
UCRlCV9zSn7avAWh-9_XFWqQ,UCmjppp6ujz3SAnULvP3sZMw,1
UCRlCV9zSn7avAWh-9_XFWqQ,UCmvOgzmmXbjUthHy-WJ52hQ,1
UCRlCV9zSn7avAWh-9_XFWqQ,UCp4iw5_5SmV9VGTFSNVGOmQ,1
UCRlCV9zSn7avAWh-9_XFWqQ,UCpIdtvoFHVLGASGB5ySqIEA,1
UCRlCV9zSn7avAWh-9_XFWqQ,UCpl8rF8uv_8uui-QRvuJaRA,1
UCRlCV9zSn7avAWh-9_XFWqQ,UCplrIQtaPj6au60_f2-mOYw,1
UCRlCV9zSn7avAWh-9_XFWqQ,UCpsKOkt5iWTbenzeuq7dsmQ,1
UCRlCV9zSn7avAWh-9_XFWqQ,UCr1emrogPKkKTs_WTtx71xg,1
UCRlCV9zSn7avAWh-9_XFWqQ,UCrJn_rbo_ENAdeqneS-RmRw,1
UCRlCV9zSn7avAWh-9_XFWqQ,UCsJJAvrVGupdmhOqgtDp8dg,1
UCRlCV9zSn7avAWh-9_XFWqQ,UCsSXdJct-nsS8DsABoEsaYA,1
UCRlCV9zSn7avAWh-9_XFWqQ,UCsUCN0Yq_UyTvKjOJLmNrnQ,1
UCRlCV9zSn7avAWh-9_XFWqQ,UCsjs5Hp_r86x1xbK6FAeqaA,1
UCRlCV9zSn7avAWh-9_XFWqQ,UCtNfIBnc5S5DbbQj_yxgJTw,1
UCRlCV9zSn7avAWh-9_XFWqQ,UCtUR3_CAiE7fCoZHM6cMfyQ,1
UCRlCV9zSn7avAWh-9_XFWqQ,UCueV9cTyTDwgQSec1x2dYgA,1
UCRlCV9zSn7avAWh-9_XFWqQ,UCujPF2nBgsTD62nWE3lcpIg,1
UCRlCV9zSn7avAWh-9_XFWqQ,UCut6b9S98nv84cVX89PmKzA,1
UCRlCV9zSn7avAWh-9_XFWqQ,UCvApqeCbLod-wejtT4CcVuA,1
UCRlCV9zSn7avAWh-9_XFWqQ,UCwO2SXr0ggzwg6QWWrr01nQ,1
UCRlCV9zSn7avAWh-9_XFWqQ,UCwW2OFy95P7ZBkOPxWkpvYg,1
UCRlCV9zSn7avAWh-9_XFWqQ,UCwha8rxULYMVtNwZWeSkE1A,1
UCRlCV9zSn7avAWh-9_XFWqQ,UCxff05WuyvwELNITi7bj7UA,1
UCRlCV9zSn7avAWh-9_XFWqQ,UCySYJU5kUh7X8gVt9la2ISA,1
UCRlCV9zSn7avAWh-9_XFWqQ,UCylqlpsh8ENNM1LqgQ1KbxA,1
UCRlCV9zSn7avAWh-9_XFWqQ,UCz3gu01bmjNv0DpRq-K3XYg,1
UCRlCV9zSn7avAWh-9_XFWqQ,UCzSfZlOVxBSs5ObD25ywxDQ,1
UCRlCV9zSn7avAWh-9_XFWqQ,UCzoL2l5H5eVlorWGH8AZfAg,1
UCSou6a2OuYGSvPjm5psquyA,UCTD6q1nyIe3Y7HhqjaMj72w,1
UCSou6a2OuYGSvPjm5psquyA,UCTP3O0rMnc8z8v8jaDQwL0w,1
UCSou6a2OuYGSvPjm5psquyA,UCThW2XNsAaBKme5PUt7n-Zg,1
UCSou6a2OuYGSvPjm5psquyA,UCTwSut16JyAg3mX6LVUNGqA,1
UCSou6a2OuYGSvPjm5psquyA,UCTylKrsqkrBKIqubMu_5N0Q,1
UCSou6a2OuYGSvPjm5psquyA,UCUIIIPTVDVHAXqhC_5V6lPA,1
UCSou6a2OuYGSvPjm5psquyA,UCV0iizTBoOfdAFX_thfI9BA,1
UCSou6a2OuYGSvPjm5psquyA,UCWIZUtKJ636y-4TYrNvok0g,1
UCSou6a2OuYGSvPjm5psquyA,UCXSkL3ejZ8qWYyF_M7s_QKA,1
UCSou6a2OuYGSvPjm5psquyA,UCXXh7yg5KUFIWylTiKVEFKQ,1
UCSou6a2OuYGSvPjm5psquyA,UCXgr7vXlRrsaskPdo097kGA,1
UCSou6a2OuYGSvPjm5psquyA,UCXr8_5WtGeipe4haOoQDgyQ,1
UCSou6a2OuYGSvPjm5psquyA,UCYN4wSQ1Sx4_LurxLlW7MPg,1
UCSou6a2OuYGSvPjm5psquyA,UCYwpX26TrCxq8TvbKGRYLXA,1
UCSou6a2OuYGSvPjm5psquyA,UCZ51R_9Q9C0c8I3pAWhtmjQ,1
UCSou6a2OuYGSvPjm5psquyA,UCZLG9qH0tUjNhEGFIUt0CYw,1
UCSou6a2OuYGSvPjm5psquyA,UCcfdg8crmMJwEuLUsAhV7yg,1
UCSou6a2OuYGSvPjm5psquyA,UCfM3nrxtTQMY5jFx1v1J4Gg,1
UCSou6a2OuYGSvPjm5psquyA,UCgvw7xIdGFupzpt1Y_BFkEA,1
UCSou6a2OuYGSvPjm5psquyA,UCh5ESQvtzyHDhCA7XyekCFA,1
UCSou6a2OuYGSvPjm5psquyA,UChZknRmJkeGeQk0-mQuhDOg,1
UCSou6a2OuYGSvPjm5psquyA,UChep9kVb5gQmpodEEl10Xlg,1
UCSou6a2OuYGSvPjm5psquyA,UChgkn5Jt5tWKYMoEOuCjz3Q,1
UCSou6a2OuYGSvPjm5psquyA,UChs3tU2BcKOT0CezykvAsGw,1
UCSou6a2OuYGSvPjm5psquyA,UCi1b_TRQfgO1Z9O2gNGGWNA,1
UCSou6a2OuYGSvPjm5psquyA,UCiGRBf2RNF0WRKhRVT7zFoA,1
UCSou6a2OuYGSvPjm5psquyA,UCiMythXHsw7eQEMykCdmMUA,1
UCSou6a2OuYGSvPjm5psquyA,UCipetjeiWj4CZB6EbyYziZg,1
UCSou6a2OuYGSvPjm5psquyA,UCj-LL25XJnjxepPKCc3NGog,1
UCSou6a2OuYGSvPjm5psquyA,UCjSKM9j0Q7HLDr1hD6D-TUw,1
UCSou6a2OuYGSvPjm5psquyA,UCjmPuazZJzscrwvk0QR9RVw,1
UCSou6a2OuYGSvPjm5psquyA,UCkd9W714-947dEE6ZOEBATA,1
UCSou6a2OuYGSvPjm5psquyA,UCl0ekS9Tt0jJGtOEM18S63w,1
UCSou6a2OuYGSvPjm5psquyA,UCljDbleJul41G1TzOjOZAVA,1
UCSou6a2OuYGSvPjm5psquyA,UCmjppp6ujz3SAnULvP3sZMw,1
UCSou6a2OuYGSvPjm5psquyA,UCmvOgzmmXbjUthHy-WJ52hQ,1
UCSou6a2OuYGSvPjm5psquyA,UCp4iw5_5SmV9VGTFSNVGOmQ,1
UCSou6a2OuYGSvPjm5psquyA,UCpIdtvoFHVLGASGB5ySqIEA,1
UCSou6a2OuYGSvPjm5psquyA,UCpl8rF8uv_8uui-QRvuJaRA,1
UCSou6a2OuYGSvPjm5psquyA,UCplrIQtaPj6au60_f2-mOYw,1
UCSou6a2OuYGSvPjm5psquyA,UCpsKOkt5iWTbenzeuq7dsmQ,1
UCSou6a2OuYGSvPjm5psquyA,UCr1emrogPKkKTs_WTtx71xg,1
UCSou6a2OuYGSvPjm5psquyA,UCrJn_rbo_ENAdeqneS-RmRw,1
UCSou6a2OuYGSvPjm5psquyA,UCsJJAvrVGupdmhOqgtDp8dg,1
UCSou6a2OuYGSvPjm5psquyA,UCsSXdJct-nsS8DsABoEsaYA,1
UCSou6a2OuYGSvPjm5psquyA,UCsUCN0Yq_UyTvKjOJLmNrnQ,1
UCSou6a2OuYGSvPjm5psquyA,UCsjs5Hp_r86x1xbK6FAeqaA,1
UCSou6a2OuYGSvPjm5psquyA,UCtNfIBnc5S5DbbQj_yxgJTw,1
UCSou6a2OuYGSvPjm5psquyA,UCtUR3_CAiE7fCoZHM6cMfyQ,1
UCSou6a2OuYGSvPjm5psquyA,UCueV9cTyTDwgQSec1x2dYgA,1
UCSou6a2OuYGSvPjm5psquyA,UCujPF2nBgsTD62nWE3lcpIg,1
UCSou6a2OuYGSvPjm5psquyA,UCut6b9S98nv84cVX89PmKzA,1
UCSou6a2OuYGSvPjm5psquyA,UCvApqeCbLod-wejtT4CcVuA,1
UCSou6a2OuYGSvPjm5psquyA,UCwO2SXr0ggzwg6QWWrr01nQ,1
UCSou6a2OuYGSvPjm5psquyA,UCwW2OFy95P7ZBkOPxWkpvYg,1
UCSou6a2OuYGSvPjm5psquyA,UCwha8rxULYMVtNwZWeSkE1A,1
UCSou6a2OuYGSvPjm5psquyA,UCxff05WuyvwELNITi7bj7UA,1
UCSou6a2OuYGSvPjm5psquyA,UCySYJU5kUh7X8gVt9la2ISA,1
UCSou6a2OuYGSvPjm5psquyA,UCylqlpsh8ENNM1LqgQ1KbxA,1
UCSou6a2OuYGSvPjm5psquyA,UCz3gu01bmjNv0DpRq-K3XYg,1
UCSou6a2OuYGSvPjm5psquyA,UCzSfZlOVxBSs5ObD25ywxDQ,1
UCSou6a2OuYGSvPjm5psquyA,UCzoL2l5H5eVlorWGH8AZfAg,1
UCTD6q1nyIe3Y7HhqjaMj72w,UCTP3O0rMnc8z8v8jaDQwL0w,1
UCTD6q1nyIe3Y7HhqjaMj72w,UCThW2XNsAaBKme5PUt7n-Zg,1
UCTD6q1nyIe3Y7HhqjaMj72w,UCTwSut16JyAg3mX6LVUNGqA,1
UCTD6q1nyIe3Y7HhqjaMj72w,UCTylKrsqkrBKIqubMu_5N0Q,1
UCTD6q1nyIe3Y7HhqjaMj72w,UCUIIIPTVDVHAXqhC_5V6lPA,1
UCTD6q1nyIe3Y7HhqjaMj72w,UCV0iizTBoOfdAFX_thfI9BA,1
UCTD6q1nyIe3Y7HhqjaMj72w,UCWIZUtKJ636y-4TYrNvok0g,1
UCTD6q1nyIe3Y7HhqjaMj72w,UCXSkL3ejZ8qWYyF_M7s_QKA,1
UCTD6q1nyIe3Y7HhqjaMj72w,UCXXh7yg5KUFIWylTiKVEFKQ,1
UCTD6q1nyIe3Y7HhqjaMj72w,UCXgr7vXlRrsaskPdo097kGA,1
UCTD6q1nyIe3Y7HhqjaMj72w,UCXr8_5WtGeipe4haOoQDgyQ,1
UCTD6q1nyIe3Y7HhqjaMj72w,UCYN4wSQ1Sx4_LurxLlW7MPg,1
UCTD6q1nyIe3Y7HhqjaMj72w,UCYwpX26TrCxq8TvbKGRYLXA,1
UCTD6q1nyIe3Y7HhqjaMj72w,UCZ51R_9Q9C0c8I3pAWhtmjQ,1
UCTD6q1nyIe3Y7HhqjaMj72w,UCZLG9qH0tUjNhEGFIUt0CYw,1
UCTD6q1nyIe3Y7HhqjaMj72w,UCcfdg8crmMJwEuLUsAhV7yg,1
UCTD6q1nyIe3Y7HhqjaMj72w,UCfM3nrxtTQMY5jFx1v1J4Gg,1
UCTD6q1nyIe3Y7HhqjaMj72w,UCgvw7xIdGFupzpt1Y_BFkEA,1
UCTD6q1nyIe3Y7HhqjaMj72w,UCh5ESQvtzyHDhCA7XyekCFA,1
UCTD6q1nyIe3Y7HhqjaMj72w,UChZknRmJkeGeQk0-mQuhDOg,1
UCTD6q1nyIe3Y7HhqjaMj72w,UChep9kVb5gQmpodEEl10Xlg,1
UCTD6q1nyIe3Y7HhqjaMj72w,UChgkn5Jt5tWKYMoEOuCjz3Q,1
UCTD6q1nyIe3Y7HhqjaMj72w,UChs3tU2BcKOT0CezykvAsGw,1
UCTD6q1nyIe3Y7HhqjaMj72w,UCi1b_TRQfgO1Z9O2gNGGWNA,1
UCTD6q1nyIe3Y7HhqjaMj72w,UCiGRBf2RNF0WRKhRVT7zFoA,1
UCTD6q1nyIe3Y7HhqjaMj72w,UCiMythXHsw7eQEMykCdmMUA,1
UCTD6q1nyIe3Y7HhqjaMj72w,UCipetjeiWj4CZB6EbyYziZg,1
UCTD6q1nyIe3Y7HhqjaMj72w,UCj-LL25XJnjxepPKCc3NGog,1
UCTD6q1nyIe3Y7HhqjaMj72w,UCjSKM9j0Q7HLDr1hD6D-TUw,1
UCTD6q1nyIe3Y7HhqjaMj72w,UCjmPuazZJzscrwvk0QR9RVw,1
UCTD6q1nyIe3Y7HhqjaMj72w,UCkd9W714-947dEE6ZOEBATA,1
UCTD6q1nyIe3Y7HhqjaMj72w,UCl0ekS9Tt0jJGtOEM18S63w,1
UCTD6q1nyIe3Y7HhqjaMj72w,UCljDbleJul41G1TzOjOZAVA,1
UCTD6q1nyIe3Y7HhqjaMj72w,UCmjppp6ujz3SAnULvP3sZMw,1
UCTD6q1nyIe3Y7HhqjaMj72w,UCmvOgzmmXbjUthHy-WJ52hQ,1
UCTD6q1nyIe3Y7HhqjaMj72w,UCp4iw5_5SmV9VGTFSNVGOmQ,1
UCTD6q1nyIe3Y7HhqjaMj72w,UCpIdtvoFHVLGASGB5ySqIEA,1
UCTD6q1nyIe3Y7HhqjaMj72w,UCpl8rF8uv_8uui-QRvuJaRA,1
UCTD6q1nyIe3Y7HhqjaMj72w,UCplrIQtaPj6au60_f2-mOYw,1
UCTD6q1nyIe3Y7HhqjaMj72w,UCpsKOkt5iWTbenzeuq7dsmQ,1
UCTD6q1nyIe3Y7HhqjaMj72w,UCr1emrogPKkKTs_WTtx71xg,1
UCTD6q1nyIe3Y7HhqjaMj72w,UCrJn_rbo_ENAdeqneS-RmRw,1
UCTD6q1nyIe3Y7HhqjaMj72w,UCsJJAvrVGupdmhOqgtDp8dg,1
UCTD6q1nyIe3Y7HhqjaMj72w,UCsSXdJct-nsS8DsABoEsaYA,1
UCTD6q1nyIe3Y7HhqjaMj72w,UCsUCN0Yq_UyTvKjOJLmNrnQ,1
UCTD6q1nyIe3Y7HhqjaMj72w,UCsjs5Hp_r86x1xbK6FAeqaA,1
UCTD6q1nyIe3Y7HhqjaMj72w,UCtNfIBnc5S5DbbQj_yxgJTw,1
UCTD6q1nyIe3Y7HhqjaMj72w,UCtUR3_CAiE7fCoZHM6cMfyQ,1
UCTD6q1nyIe3Y7HhqjaMj72w,UCueV9cTyTDwgQSec1x2dYgA,1
UCTD6q1nyIe3Y7HhqjaMj72w,UCujPF2nBgsTD62nWE3lcpIg,1
UCTD6q1nyIe3Y7HhqjaMj72w,UCut6b9S98nv84cVX89PmKzA,1
UCTD6q1nyIe3Y7HhqjaMj72w,UCvApqeCbLod-wejtT4CcVuA,1
UCTD6q1nyIe3Y7HhqjaMj72w,UCwO2SXr0ggzwg6QWWrr01nQ,1
UCTD6q1nyIe3Y7HhqjaMj72w,UCwW2OFy95P7ZBkOPxWkpvYg,1
UCTD6q1nyIe3Y7HhqjaMj72w,UCwha8rxULYMVtNwZWeSkE1A,1
UCTD6q1nyIe3Y7HhqjaMj72w,UCxff05WuyvwELNITi7bj7UA,1
UCTD6q1nyIe3Y7HhqjaMj72w,UCySYJU5kUh7X8gVt9la2ISA,1
UCTD6q1nyIe3Y7HhqjaMj72w,UCylqlpsh8ENNM1LqgQ1KbxA,1
UCTD6q1nyIe3Y7HhqjaMj72w,UCz3gu01bmjNv0DpRq-K3XYg,1
UCTD6q1nyIe3Y7HhqjaMj72w,UCzSfZlOVxBSs5ObD25ywxDQ,1
UCTD6q1nyIe3Y7HhqjaMj72w,UCzoL2l5H5eVlorWGH8AZfAg,1
UCTP3O0rMnc8z8v8jaDQwL0w,UCThW2XNsAaBKme5PUt7n-Zg,1
UCTP3O0rMnc8z8v8jaDQwL0w,UCTwSut16JyAg3mX6LVUNGqA,1
UCTP3O0rMnc8z8v8jaDQwL0w,UCTylKrsqkrBKIqubMu_5N0Q,1
UCTP3O0rMnc8z8v8jaDQwL0w,UCUIIIPTVDVHAXqhC_5V6lPA,1
UCTP3O0rMnc8z8v8jaDQwL0w,UCV0iizTBoOfdAFX_thfI9BA,1
UCTP3O0rMnc8z8v8jaDQwL0w,UCWIZUtKJ636y-4TYrNvok0g,1
UCTP3O0rMnc8z8v8jaDQwL0w,UCXSkL3ejZ8qWYyF_M7s_QKA,1
UCTP3O0rMnc8z8v8jaDQwL0w,UCXXh7yg5KUFIWylTiKVEFKQ,1
UCTP3O0rMnc8z8v8jaDQwL0w,UCXgr7vXlRrsaskPdo097kGA,1
UCTP3O0rMnc8z8v8jaDQwL0w,UCXr8_5WtGeipe4haOoQDgyQ,1
UCTP3O0rMnc8z8v8jaDQwL0w,UCYN4wSQ1Sx4_LurxLlW7MPg,1
UCTP3O0rMnc8z8v8jaDQwL0w,UCYwpX26TrCxq8TvbKGRYLXA,1
UCTP3O0rMnc8z8v8jaDQwL0w,UCZ51R_9Q9C0c8I3pAWhtmjQ,1
UCTP3O0rMnc8z8v8jaDQwL0w,UCZLG9qH0tUjNhEGFIUt0CYw,1
UCTP3O0rMnc8z8v8jaDQwL0w,UCcfdg8crmMJwEuLUsAhV7yg,1
UCTP3O0rMnc8z8v8jaDQwL0w,UCfM3nrxtTQMY5jFx1v1J4Gg,1
UCTP3O0rMnc8z8v8jaDQwL0w,UCgvw7xIdGFupzpt1Y_BFkEA,1
UCTP3O0rMnc8z8v8jaDQwL0w,UCh5ESQvtzyHDhCA7XyekCFA,1
UCTP3O0rMnc8z8v8jaDQwL0w,UChZknRmJkeGeQk0-mQuhDOg,1
UCTP3O0rMnc8z8v8jaDQwL0w,UChep9kVb5gQmpodEEl10Xlg,1
UCTP3O0rMnc8z8v8jaDQwL0w,UChgkn5Jt5tWKYMoEOuCjz3Q,1
UCTP3O0rMnc8z8v8jaDQwL0w,UChs3tU2BcKOT0CezykvAsGw,1
UCTP3O0rMnc8z8v8jaDQwL0w,UCi1b_TRQfgO1Z9O2gNGGWNA,1
UCTP3O0rMnc8z8v8jaDQwL0w,UCiGRBf2RNF0WRKhRVT7zFoA,1
UCTP3O0rMnc8z8v8jaDQwL0w,UCiMythXHsw7eQEMykCdmMUA,1
UCTP3O0rMnc8z8v8jaDQwL0w,UCipetjeiWj4CZB6EbyYziZg,1
UCTP3O0rMnc8z8v8jaDQwL0w,UCj-LL25XJnjxepPKCc3NGog,1
UCTP3O0rMnc8z8v8jaDQwL0w,UCjSKM9j0Q7HLDr1hD6D-TUw,1
UCTP3O0rMnc8z8v8jaDQwL0w,UCjmPuazZJzscrwvk0QR9RVw,1
UCTP3O0rMnc8z8v8jaDQwL0w,UCkd9W714-947dEE6ZOEBATA,1
UCTP3O0rMnc8z8v8jaDQwL0w,UCl0ekS9Tt0jJGtOEM18S63w,1
UCTP3O0rMnc8z8v8jaDQwL0w,UCljDbleJul41G1TzOjOZAVA,1
UCTP3O0rMnc8z8v8jaDQwL0w,UCmjppp6ujz3SAnULvP3sZMw,1
UCTP3O0rMnc8z8v8jaDQwL0w,UCmvOgzmmXbjUthHy-WJ52hQ,1
UCTP3O0rMnc8z8v8jaDQwL0w,UCp4iw5_5SmV9VGTFSNVGOmQ,1
UCTP3O0rMnc8z8v8jaDQwL0w,UCpIdtvoFHVLGASGB5ySqIEA,1
UCTP3O0rMnc8z8v8jaDQwL0w,UCpl8rF8uv_8uui-QRvuJaRA,1
UCTP3O0rMnc8z8v8jaDQwL0w,UCplrIQtaPj6au60_f2-mOYw,1
UCTP3O0rMnc8z8v8jaDQwL0w,UCpsKOkt5iWTbenzeuq7dsmQ,1
UCTP3O0rMnc8z8v8jaDQwL0w,UCr1emrogPKkKTs_WTtx71xg,1
UCTP3O0rMnc8z8v8jaDQwL0w,UCrJn_rbo_ENAdeqneS-RmRw,1
UCTP3O0rMnc8z8v8jaDQwL0w,UCsJJAvrVGupdmhOqgtDp8dg,1
UCTP3O0rMnc8z8v8jaDQwL0w,UCsSXdJct-nsS8DsABoEsaYA,1
UCTP3O0rMnc8z8v8jaDQwL0w,UCsUCN0Yq_UyTvKjOJLmNrnQ,1
UCTP3O0rMnc8z8v8jaDQwL0w,UCsjs5Hp_r86x1xbK6FAeqaA,1
UCTP3O0rMnc8z8v8jaDQwL0w,UCtNfIBnc5S5DbbQj_yxgJTw,1
UCTP3O0rMnc8z8v8jaDQwL0w,UCtUR3_CAiE7fCoZHM6cMfyQ,1
UCTP3O0rMnc8z8v8jaDQwL0w,UCueV9cTyTDwgQSec1x2dYgA,1
UCTP3O0rMnc8z8v8jaDQwL0w,UCujPF2nBgsTD62nWE3lcpIg,1
UCTP3O0rMnc8z8v8jaDQwL0w,UCut6b9S98nv84cVX89PmKzA,1
UCTP3O0rMnc8z8v8jaDQwL0w,UCvApqeCbLod-wejtT4CcVuA,1
UCTP3O0rMnc8z8v8jaDQwL0w,UCwO2SXr0ggzwg6QWWrr01nQ,1
UCTP3O0rMnc8z8v8jaDQwL0w,UCwW2OFy95P7ZBkOPxWkpvYg,1
UCTP3O0rMnc8z8v8jaDQwL0w,UCwha8rxULYMVtNwZWeSkE1A,1
UCTP3O0rMnc8z8v8jaDQwL0w,UCxff05WuyvwELNITi7bj7UA,1
UCTP3O0rMnc8z8v8jaDQwL0w,UCySYJU5kUh7X8gVt9la2ISA,1
UCTP3O0rMnc8z8v8jaDQwL0w,UCylqlpsh8ENNM1LqgQ1KbxA,1
UCTP3O0rMnc8z8v8jaDQwL0w,UCz3gu01bmjNv0DpRq-K3XYg,1
UCTP3O0rMnc8z8v8jaDQwL0w,UCzSfZlOVxBSs5ObD25ywxDQ,1
UCTP3O0rMnc8z8v8jaDQwL0w,UCzoL2l5H5eVlorWGH8AZfAg,1
UCThW2XNsAaBKme5PUt7n-Zg,UCTwSut16JyAg3mX6LVUNGqA,1
UCThW2XNsAaBKme5PUt7n-Zg,UCTylKrsqkrBKIqubMu_5N0Q,1
UCThW2XNsAaBKme5PUt7n-Zg,UCUIIIPTVDVHAXqhC_5V6lPA,1
UCThW2XNsAaBKme5PUt7n-Zg,UCV0iizTBoOfdAFX_thfI9BA,1
UCThW2XNsAaBKme5PUt7n-Zg,UCWIZUtKJ636y-4TYrNvok0g,1
UCThW2XNsAaBKme5PUt7n-Zg,UCXSkL3ejZ8qWYyF_M7s_QKA,1
UCThW2XNsAaBKme5PUt7n-Zg,UCXXh7yg5KUFIWylTiKVEFKQ,1
UCThW2XNsAaBKme5PUt7n-Zg,UCXgr7vXlRrsaskPdo097kGA,1
UCThW2XNsAaBKme5PUt7n-Zg,UCXr8_5WtGeipe4haOoQDgyQ,1
UCThW2XNsAaBKme5PUt7n-Zg,UCYN4wSQ1Sx4_LurxLlW7MPg,1
UCThW2XNsAaBKme5PUt7n-Zg,UCYwpX26TrCxq8TvbKGRYLXA,1
UCThW2XNsAaBKme5PUt7n-Zg,UCZ51R_9Q9C0c8I3pAWhtmjQ,1
UCThW2XNsAaBKme5PUt7n-Zg,UCZLG9qH0tUjNhEGFIUt0CYw,1
UCThW2XNsAaBKme5PUt7n-Zg,UCcfdg8crmMJwEuLUsAhV7yg,1
UCThW2XNsAaBKme5PUt7n-Zg,UCfM3nrxtTQMY5jFx1v1J4Gg,1
UCThW2XNsAaBKme5PUt7n-Zg,UCgvw7xIdGFupzpt1Y_BFkEA,1
UCThW2XNsAaBKme5PUt7n-Zg,UCh5ESQvtzyHDhCA7XyekCFA,1
UCThW2XNsAaBKme5PUt7n-Zg,UChZknRmJkeGeQk0-mQuhDOg,1
UCThW2XNsAaBKme5PUt7n-Zg,UChep9kVb5gQmpodEEl10Xlg,1
UCThW2XNsAaBKme5PUt7n-Zg,UChgkn5Jt5tWKYMoEOuCjz3Q,1
UCThW2XNsAaBKme5PUt7n-Zg,UChs3tU2BcKOT0CezykvAsGw,1
UCThW2XNsAaBKme5PUt7n-Zg,UCi1b_TRQfgO1Z9O2gNGGWNA,1
UCThW2XNsAaBKme5PUt7n-Zg,UCiGRBf2RNF0WRKhRVT7zFoA,1
UCThW2XNsAaBKme5PUt7n-Zg,UCiMythXHsw7eQEMykCdmMUA,1
UCThW2XNsAaBKme5PUt7n-Zg,UCipetjeiWj4CZB6EbyYziZg,1
UCThW2XNsAaBKme5PUt7n-Zg,UCj-LL25XJnjxepPKCc3NGog,1
UCThW2XNsAaBKme5PUt7n-Zg,UCjSKM9j0Q7HLDr1hD6D-TUw,1
UCThW2XNsAaBKme5PUt7n-Zg,UCjmPuazZJzscrwvk0QR9RVw,1
UCThW2XNsAaBKme5PUt7n-Zg,UCkd9W714-947dEE6ZOEBATA,1
UCThW2XNsAaBKme5PUt7n-Zg,UCl0ekS9Tt0jJGtOEM18S63w,1
UCThW2XNsAaBKme5PUt7n-Zg,UCljDbleJul41G1TzOjOZAVA,1
UCThW2XNsAaBKme5PUt7n-Zg,UCmjppp6ujz3SAnULvP3sZMw,1
UCThW2XNsAaBKme5PUt7n-Zg,UCmvOgzmmXbjUthHy-WJ52hQ,1
UCThW2XNsAaBKme5PUt7n-Zg,UCp4iw5_5SmV9VGTFSNVGOmQ,1
UCThW2XNsAaBKme5PUt7n-Zg,UCpIdtvoFHVLGASGB5ySqIEA,1
UCThW2XNsAaBKme5PUt7n-Zg,UCpl8rF8uv_8uui-QRvuJaRA,1
UCThW2XNsAaBKme5PUt7n-Zg,UCplrIQtaPj6au60_f2-mOYw,1
UCThW2XNsAaBKme5PUt7n-Zg,UCpsKOkt5iWTbenzeuq7dsmQ,1
UCThW2XNsAaBKme5PUt7n-Zg,UCr1emrogPKkKTs_WTtx71xg,1
UCThW2XNsAaBKme5PUt7n-Zg,UCrJn_rbo_ENAdeqneS-RmRw,1
UCThW2XNsAaBKme5PUt7n-Zg,UCsJJAvrVGupdmhOqgtDp8dg,1
UCThW2XNsAaBKme5PUt7n-Zg,UCsSXdJct-nsS8DsABoEsaYA,1
UCThW2XNsAaBKme5PUt7n-Zg,UCsUCN0Yq_UyTvKjOJLmNrnQ,1
UCThW2XNsAaBKme5PUt7n-Zg,UCsjs5Hp_r86x1xbK6FAeqaA,1
UCThW2XNsAaBKme5PUt7n-Zg,UCtNfIBnc5S5DbbQj_yxgJTw,1
UCThW2XNsAaBKme5PUt7n-Zg,UCtUR3_CAiE7fCoZHM6cMfyQ,1
UCThW2XNsAaBKme5PUt7n-Zg,UCueV9cTyTDwgQSec1x2dYgA,1
UCThW2XNsAaBKme5PUt7n-Zg,UCujPF2nBgsTD62nWE3lcpIg,1
UCThW2XNsAaBKme5PUt7n-Zg,UCut6b9S98nv84cVX89PmKzA,1
UCThW2XNsAaBKme5PUt7n-Zg,UCvApqeCbLod-wejtT4CcVuA,1
UCThW2XNsAaBKme5PUt7n-Zg,UCwO2SXr0ggzwg6QWWrr01nQ,1
UCThW2XNsAaBKme5PUt7n-Zg,UCwW2OFy95P7ZBkOPxWkpvYg,1
UCThW2XNsAaBKme5PUt7n-Zg,UCwha8rxULYMVtNwZWeSkE1A,1
UCThW2XNsAaBKme5PUt7n-Zg,UCxff05WuyvwELNITi7bj7UA,1
UCThW2XNsAaBKme5PUt7n-Zg,UCySYJU5kUh7X8gVt9la2ISA,1
UCThW2XNsAaBKme5PUt7n-Zg,UCylqlpsh8ENNM1LqgQ1KbxA,1
UCThW2XNsAaBKme5PUt7n-Zg,UCz3gu01bmjNv0DpRq-K3XYg,1
UCThW2XNsAaBKme5PUt7n-Zg,UCzSfZlOVxBSs5ObD25ywxDQ,1
UCThW2XNsAaBKme5PUt7n-Zg,UCzoL2l5H5eVlorWGH8AZfAg,1
UCTwSut16JyAg3mX6LVUNGqA,UCTylKrsqkrBKIqubMu_5N0Q,1
UCTwSut16JyAg3mX6LVUNGqA,UCUIIIPTVDVHAXqhC_5V6lPA,1
UCTwSut16JyAg3mX6LVUNGqA,UCV0iizTBoOfdAFX_thfI9BA,1
UCTwSut16JyAg3mX6LVUNGqA,UCWIZUtKJ636y-4TYrNvok0g,1
UCTwSut16JyAg3mX6LVUNGqA,UCXSkL3ejZ8qWYyF_M7s_QKA,1
UCTwSut16JyAg3mX6LVUNGqA,UCXXh7yg5KUFIWylTiKVEFKQ,1
UCTwSut16JyAg3mX6LVUNGqA,UCXgr7vXlRrsaskPdo097kGA,1
UCTwSut16JyAg3mX6LVUNGqA,UCXr8_5WtGeipe4haOoQDgyQ,1
UCTwSut16JyAg3mX6LVUNGqA,UCYN4wSQ1Sx4_LurxLlW7MPg,1
UCTwSut16JyAg3mX6LVUNGqA,UCYwpX26TrCxq8TvbKGRYLXA,1
UCTwSut16JyAg3mX6LVUNGqA,UCZ51R_9Q9C0c8I3pAWhtmjQ,1
UCTwSut16JyAg3mX6LVUNGqA,UCZLG9qH0tUjNhEGFIUt0CYw,1
UCTwSut16JyAg3mX6LVUNGqA,UCcfdg8crmMJwEuLUsAhV7yg,1
UCTwSut16JyAg3mX6LVUNGqA,UCfM3nrxtTQMY5jFx1v1J4Gg,1
UCTwSut16JyAg3mX6LVUNGqA,UCgvw7xIdGFupzpt1Y_BFkEA,1
UCTwSut16JyAg3mX6LVUNGqA,UCh5ESQvtzyHDhCA7XyekCFA,1
UCTwSut16JyAg3mX6LVUNGqA,UChZknRmJkeGeQk0-mQuhDOg,1
UCTwSut16JyAg3mX6LVUNGqA,UChep9kVb5gQmpodEEl10Xlg,1
UCTwSut16JyAg3mX6LVUNGqA,UChgkn5Jt5tWKYMoEOuCjz3Q,1
UCTwSut16JyAg3mX6LVUNGqA,UChs3tU2BcKOT0CezykvAsGw,1
UCTwSut16JyAg3mX6LVUNGqA,UCi1b_TRQfgO1Z9O2gNGGWNA,1
UCTwSut16JyAg3mX6LVUNGqA,UCiGRBf2RNF0WRKhRVT7zFoA,1
UCTwSut16JyAg3mX6LVUNGqA,UCiMythXHsw7eQEMykCdmMUA,1
UCTwSut16JyAg3mX6LVUNGqA,UCipetjeiWj4CZB6EbyYziZg,1
UCTwSut16JyAg3mX6LVUNGqA,UCj-LL25XJnjxepPKCc3NGog,1
UCTwSut16JyAg3mX6LVUNGqA,UCjSKM9j0Q7HLDr1hD6D-TUw,1
UCTwSut16JyAg3mX6LVUNGqA,UCjmPuazZJzscrwvk0QR9RVw,1
UCTwSut16JyAg3mX6LVUNGqA,UCkd9W714-947dEE6ZOEBATA,1
UCTwSut16JyAg3mX6LVUNGqA,UCl0ekS9Tt0jJGtOEM18S63w,1
UCTwSut16JyAg3mX6LVUNGqA,UCljDbleJul41G1TzOjOZAVA,1
UCTwSut16JyAg3mX6LVUNGqA,UCmjppp6ujz3SAnULvP3sZMw,1
UCTwSut16JyAg3mX6LVUNGqA,UCmvOgzmmXbjUthHy-WJ52hQ,1
UCTwSut16JyAg3mX6LVUNGqA,UCp4iw5_5SmV9VGTFSNVGOmQ,1
UCTwSut16JyAg3mX6LVUNGqA,UCpIdtvoFHVLGASGB5ySqIEA,1
UCTwSut16JyAg3mX6LVUNGqA,UCpl8rF8uv_8uui-QRvuJaRA,1
UCTwSut16JyAg3mX6LVUNGqA,UCplrIQtaPj6au60_f2-mOYw,1
UCTwSut16JyAg3mX6LVUNGqA,UCpsKOkt5iWTbenzeuq7dsmQ,1
UCTwSut16JyAg3mX6LVUNGqA,UCr1emrogPKkKTs_WTtx71xg,1
UCTwSut16JyAg3mX6LVUNGqA,UCrJn_rbo_ENAdeqneS-RmRw,1
UCTwSut16JyAg3mX6LVUNGqA,UCsJJAvrVGupdmhOqgtDp8dg,1
UCTwSut16JyAg3mX6LVUNGqA,UCsSXdJct-nsS8DsABoEsaYA,1
UCTwSut16JyAg3mX6LVUNGqA,UCsUCN0Yq_UyTvKjOJLmNrnQ,1
UCTwSut16JyAg3mX6LVUNGqA,UCsjs5Hp_r86x1xbK6FAeqaA,1
UCTwSut16JyAg3mX6LVUNGqA,UCtNfIBnc5S5DbbQj_yxgJTw,1
UCTwSut16JyAg3mX6LVUNGqA,UCtUR3_CAiE7fCoZHM6cMfyQ,1
UCTwSut16JyAg3mX6LVUNGqA,UCueV9cTyTDwgQSec1x2dYgA,1
UCTwSut16JyAg3mX6LVUNGqA,UCujPF2nBgsTD62nWE3lcpIg,1
UCTwSut16JyAg3mX6LVUNGqA,UCut6b9S98nv84cVX89PmKzA,1
UCTwSut16JyAg3mX6LVUNGqA,UCvApqeCbLod-wejtT4CcVuA,1
UCTwSut16JyAg3mX6LVUNGqA,UCwO2SXr0ggzwg6QWWrr01nQ,1
UCTwSut16JyAg3mX6LVUNGqA,UCwW2OFy95P7ZBkOPxWkpvYg,1
UCTwSut16JyAg3mX6LVUNGqA,UCwha8rxULYMVtNwZWeSkE1A,1
UCTwSut16JyAg3mX6LVUNGqA,UCxff05WuyvwELNITi7bj7UA,1
UCTwSut16JyAg3mX6LVUNGqA,UCySYJU5kUh7X8gVt9la2ISA,1
UCTwSut16JyAg3mX6LVUNGqA,UCylqlpsh8ENNM1LqgQ1KbxA,1
UCTwSut16JyAg3mX6LVUNGqA,UCz3gu01bmjNv0DpRq-K3XYg,1
UCTwSut16JyAg3mX6LVUNGqA,UCzSfZlOVxBSs5ObD25ywxDQ,1
UCTwSut16JyAg3mX6LVUNGqA,UCzoL2l5H5eVlorWGH8AZfAg,1
UCTylKrsqkrBKIqubMu_5N0Q,UCUIIIPTVDVHAXqhC_5V6lPA,1
UCTylKrsqkrBKIqubMu_5N0Q,UCV0iizTBoOfdAFX_thfI9BA,1
UCTylKrsqkrBKIqubMu_5N0Q,UCWIZUtKJ636y-4TYrNvok0g,1
UCTylKrsqkrBKIqubMu_5N0Q,UCXSkL3ejZ8qWYyF_M7s_QKA,1
UCTylKrsqkrBKIqubMu_5N0Q,UCXXh7yg5KUFIWylTiKVEFKQ,1
UCTylKrsqkrBKIqubMu_5N0Q,UCXgr7vXlRrsaskPdo097kGA,1
UCTylKrsqkrBKIqubMu_5N0Q,UCXr8_5WtGeipe4haOoQDgyQ,1
UCTylKrsqkrBKIqubMu_5N0Q,UCYN4wSQ1Sx4_LurxLlW7MPg,1
UCTylKrsqkrBKIqubMu_5N0Q,UCYwpX26TrCxq8TvbKGRYLXA,1
UCTylKrsqkrBKIqubMu_5N0Q,UCZ51R_9Q9C0c8I3pAWhtmjQ,1
UCTylKrsqkrBKIqubMu_5N0Q,UCZLG9qH0tUjNhEGFIUt0CYw,1
UCTylKrsqkrBKIqubMu_5N0Q,UCcfdg8crmMJwEuLUsAhV7yg,1
UCTylKrsqkrBKIqubMu_5N0Q,UCfM3nrxtTQMY5jFx1v1J4Gg,1
UCTylKrsqkrBKIqubMu_5N0Q,UCgvw7xIdGFupzpt1Y_BFkEA,1
UCTylKrsqkrBKIqubMu_5N0Q,UCh5ESQvtzyHDhCA7XyekCFA,1
UCTylKrsqkrBKIqubMu_5N0Q,UChZknRmJkeGeQk0-mQuhDOg,1
UCTylKrsqkrBKIqubMu_5N0Q,UChep9kVb5gQmpodEEl10Xlg,1
UCTylKrsqkrBKIqubMu_5N0Q,UChgkn5Jt5tWKYMoEOuCjz3Q,1
UCTylKrsqkrBKIqubMu_5N0Q,UChs3tU2BcKOT0CezykvAsGw,1
UCTylKrsqkrBKIqubMu_5N0Q,UCi1b_TRQfgO1Z9O2gNGGWNA,1
UCTylKrsqkrBKIqubMu_5N0Q,UCiGRBf2RNF0WRKhRVT7zFoA,1
UCTylKrsqkrBKIqubMu_5N0Q,UCiMythXHsw7eQEMykCdmMUA,1
UCTylKrsqkrBKIqubMu_5N0Q,UCipetjeiWj4CZB6EbyYziZg,1
UCTylKrsqkrBKIqubMu_5N0Q,UCj-LL25XJnjxepPKCc3NGog,1
UCTylKrsqkrBKIqubMu_5N0Q,UCjSKM9j0Q7HLDr1hD6D-TUw,1
UCTylKrsqkrBKIqubMu_5N0Q,UCjmPuazZJzscrwvk0QR9RVw,1
UCTylKrsqkrBKIqubMu_5N0Q,UCkd9W714-947dEE6ZOEBATA,1
UCTylKrsqkrBKIqubMu_5N0Q,UCl0ekS9Tt0jJGtOEM18S63w,1
UCTylKrsqkrBKIqubMu_5N0Q,UCljDbleJul41G1TzOjOZAVA,1
UCTylKrsqkrBKIqubMu_5N0Q,UCmjppp6ujz3SAnULvP3sZMw,1
UCTylKrsqkrBKIqubMu_5N0Q,UCmvOgzmmXbjUthHy-WJ52hQ,1
UCTylKrsqkrBKIqubMu_5N0Q,UCp4iw5_5SmV9VGTFSNVGOmQ,1
UCTylKrsqkrBKIqubMu_5N0Q,UCpIdtvoFHVLGASGB5ySqIEA,1
UCTylKrsqkrBKIqubMu_5N0Q,UCpl8rF8uv_8uui-QRvuJaRA,1
UCTylKrsqkrBKIqubMu_5N0Q,UCplrIQtaPj6au60_f2-mOYw,1
UCTylKrsqkrBKIqubMu_5N0Q,UCpsKOkt5iWTbenzeuq7dsmQ,1
UCTylKrsqkrBKIqubMu_5N0Q,UCr1emrogPKkKTs_WTtx71xg,1
UCTylKrsqkrBKIqubMu_5N0Q,UCrJn_rbo_ENAdeqneS-RmRw,1
UCTylKrsqkrBKIqubMu_5N0Q,UCsJJAvrVGupdmhOqgtDp8dg,1
UCTylKrsqkrBKIqubMu_5N0Q,UCsSXdJct-nsS8DsABoEsaYA,1
UCTylKrsqkrBKIqubMu_5N0Q,UCsUCN0Yq_UyTvKjOJLmNrnQ,1
UCTylKrsqkrBKIqubMu_5N0Q,UCsjs5Hp_r86x1xbK6FAeqaA,1
UCTylKrsqkrBKIqubMu_5N0Q,UCtNfIBnc5S5DbbQj_yxgJTw,1
UCTylKrsqkrBKIqubMu_5N0Q,UCtUR3_CAiE7fCoZHM6cMfyQ,1
UCTylKrsqkrBKIqubMu_5N0Q,UCueV9cTyTDwgQSec1x2dYgA,1
UCTylKrsqkrBKIqubMu_5N0Q,UCujPF2nBgsTD62nWE3lcpIg,1
UCTylKrsqkrBKIqubMu_5N0Q,UCut6b9S98nv84cVX89PmKzA,1
UCTylKrsqkrBKIqubMu_5N0Q,UCvApqeCbLod-wejtT4CcVuA,1
UCTylKrsqkrBKIqubMu_5N0Q,UCwO2SXr0ggzwg6QWWrr01nQ,1
UCTylKrsqkrBKIqubMu_5N0Q,UCwW2OFy95P7ZBkOPxWkpvYg,1
UCTylKrsqkrBKIqubMu_5N0Q,UCwha8rxULYMVtNwZWeSkE1A,1
UCTylKrsqkrBKIqubMu_5N0Q,UCxff05WuyvwELNITi7bj7UA,1
UCTylKrsqkrBKIqubMu_5N0Q,UCySYJU5kUh7X8gVt9la2ISA,1
UCTylKrsqkrBKIqubMu_5N0Q,UCylqlpsh8ENNM1LqgQ1KbxA,1
UCTylKrsqkrBKIqubMu_5N0Q,UCz3gu01bmjNv0DpRq-K3XYg,1
UCTylKrsqkrBKIqubMu_5N0Q,UCzSfZlOVxBSs5ObD25ywxDQ,1
UCTylKrsqkrBKIqubMu_5N0Q,UCzoL2l5H5eVlorWGH8AZfAg,1
UCUIIIPTVDVHAXqhC_5V6lPA,UCV0iizTBoOfdAFX_thfI9BA,1
UCUIIIPTVDVHAXqhC_5V6lPA,UCWIZUtKJ636y-4TYrNvok0g,1
UCUIIIPTVDVHAXqhC_5V6lPA,UCXSkL3ejZ8qWYyF_M7s_QKA,1
UCUIIIPTVDVHAXqhC_5V6lPA,UCXXh7yg5KUFIWylTiKVEFKQ,1
UCUIIIPTVDVHAXqhC_5V6lPA,UCXgr7vXlRrsaskPdo097kGA,1
UCUIIIPTVDVHAXqhC_5V6lPA,UCXr8_5WtGeipe4haOoQDgyQ,1
UCUIIIPTVDVHAXqhC_5V6lPA,UCYN4wSQ1Sx4_LurxLlW7MPg,1
UCUIIIPTVDVHAXqhC_5V6lPA,UCYwpX26TrCxq8TvbKGRYLXA,1
UCUIIIPTVDVHAXqhC_5V6lPA,UCZ51R_9Q9C0c8I3pAWhtmjQ,1
UCUIIIPTVDVHAXqhC_5V6lPA,UCZLG9qH0tUjNhEGFIUt0CYw,1
UCUIIIPTVDVHAXqhC_5V6lPA,UCcfdg8crmMJwEuLUsAhV7yg,1
UCUIIIPTVDVHAXqhC_5V6lPA,UCfM3nrxtTQMY5jFx1v1J4Gg,1
UCUIIIPTVDVHAXqhC_5V6lPA,UCgvw7xIdGFupzpt1Y_BFkEA,1
UCUIIIPTVDVHAXqhC_5V6lPA,UCh5ESQvtzyHDhCA7XyekCFA,1
UCUIIIPTVDVHAXqhC_5V6lPA,UChZknRmJkeGeQk0-mQuhDOg,1
UCUIIIPTVDVHAXqhC_5V6lPA,UChep9kVb5gQmpodEEl10Xlg,1
UCUIIIPTVDVHAXqhC_5V6lPA,UChgkn5Jt5tWKYMoEOuCjz3Q,1
UCUIIIPTVDVHAXqhC_5V6lPA,UChs3tU2BcKOT0CezykvAsGw,1
UCUIIIPTVDVHAXqhC_5V6lPA,UCi1b_TRQfgO1Z9O2gNGGWNA,1
UCUIIIPTVDVHAXqhC_5V6lPA,UCiGRBf2RNF0WRKhRVT7zFoA,1
UCUIIIPTVDVHAXqhC_5V6lPA,UCiMythXHsw7eQEMykCdmMUA,1
UCUIIIPTVDVHAXqhC_5V6lPA,UCipetjeiWj4CZB6EbyYziZg,1
UCUIIIPTVDVHAXqhC_5V6lPA,UCj-LL25XJnjxepPKCc3NGog,1
UCUIIIPTVDVHAXqhC_5V6lPA,UCjSKM9j0Q7HLDr1hD6D-TUw,1
UCUIIIPTVDVHAXqhC_5V6lPA,UCjmPuazZJzscrwvk0QR9RVw,1
UCUIIIPTVDVHAXqhC_5V6lPA,UCkd9W714-947dEE6ZOEBATA,1
UCUIIIPTVDVHAXqhC_5V6lPA,UCl0ekS9Tt0jJGtOEM18S63w,1
UCUIIIPTVDVHAXqhC_5V6lPA,UCljDbleJul41G1TzOjOZAVA,1
UCUIIIPTVDVHAXqhC_5V6lPA,UCmjppp6ujz3SAnULvP3sZMw,1
UCUIIIPTVDVHAXqhC_5V6lPA,UCmvOgzmmXbjUthHy-WJ52hQ,1
UCUIIIPTVDVHAXqhC_5V6lPA,UCp4iw5_5SmV9VGTFSNVGOmQ,1
UCUIIIPTVDVHAXqhC_5V6lPA,UCpIdtvoFHVLGASGB5ySqIEA,1
UCUIIIPTVDVHAXqhC_5V6lPA,UCpl8rF8uv_8uui-QRvuJaRA,1
UCUIIIPTVDVHAXqhC_5V6lPA,UCplrIQtaPj6au60_f2-mOYw,1
UCUIIIPTVDVHAXqhC_5V6lPA,UCpsKOkt5iWTbenzeuq7dsmQ,1
UCUIIIPTVDVHAXqhC_5V6lPA,UCr1emrogPKkKTs_WTtx71xg,1
UCUIIIPTVDVHAXqhC_5V6lPA,UCrJn_rbo_ENAdeqneS-RmRw,1
UCUIIIPTVDVHAXqhC_5V6lPA,UCsJJAvrVGupdmhOqgtDp8dg,1
UCUIIIPTVDVHAXqhC_5V6lPA,UCsSXdJct-nsS8DsABoEsaYA,1
UCUIIIPTVDVHAXqhC_5V6lPA,UCsUCN0Yq_UyTvKjOJLmNrnQ,1
UCUIIIPTVDVHAXqhC_5V6lPA,UCsjs5Hp_r86x1xbK6FAeqaA,1
UCUIIIPTVDVHAXqhC_5V6lPA,UCtNfIBnc5S5DbbQj_yxgJTw,1
UCUIIIPTVDVHAXqhC_5V6lPA,UCtUR3_CAiE7fCoZHM6cMfyQ,1
UCUIIIPTVDVHAXqhC_5V6lPA,UCueV9cTyTDwgQSec1x2dYgA,1
UCUIIIPTVDVHAXqhC_5V6lPA,UCujPF2nBgsTD62nWE3lcpIg,1
UCUIIIPTVDVHAXqhC_5V6lPA,UCut6b9S98nv84cVX89PmKzA,1
UCUIIIPTVDVHAXqhC_5V6lPA,UCvApqeCbLod-wejtT4CcVuA,1
UCUIIIPTVDVHAXqhC_5V6lPA,UCwO2SXr0ggzwg6QWWrr01nQ,1
UCUIIIPTVDVHAXqhC_5V6lPA,UCwW2OFy95P7ZBkOPxWkpvYg,1
UCUIIIPTVDVHAXqhC_5V6lPA,UCwha8rxULYMVtNwZWeSkE1A,1
UCUIIIPTVDVHAXqhC_5V6lPA,UCxff05WuyvwELNITi7bj7UA,1
UCUIIIPTVDVHAXqhC_5V6lPA,UCySYJU5kUh7X8gVt9la2ISA,1
UCUIIIPTVDVHAXqhC_5V6lPA,UCylqlpsh8ENNM1LqgQ1KbxA,1
UCUIIIPTVDVHAXqhC_5V6lPA,UCz3gu01bmjNv0DpRq-K3XYg,1
UCUIIIPTVDVHAXqhC_5V6lPA,UCzSfZlOVxBSs5ObD25ywxDQ,1
UCUIIIPTVDVHAXqhC_5V6lPA,UCzoL2l5H5eVlorWGH8AZfAg,1
UCV0iizTBoOfdAFX_thfI9BA,UCWIZUtKJ636y-4TYrNvok0g,1
UCV0iizTBoOfdAFX_thfI9BA,UCXSkL3ejZ8qWYyF_M7s_QKA,1
UCV0iizTBoOfdAFX_thfI9BA,UCXXh7yg5KUFIWylTiKVEFKQ,1
UCV0iizTBoOfdAFX_thfI9BA,UCXgr7vXlRrsaskPdo097kGA,1
UCV0iizTBoOfdAFX_thfI9BA,UCXr8_5WtGeipe4haOoQDgyQ,1
UCV0iizTBoOfdAFX_thfI9BA,UCYN4wSQ1Sx4_LurxLlW7MPg,1
UCV0iizTBoOfdAFX_thfI9BA,UCYwpX26TrCxq8TvbKGRYLXA,1
UCV0iizTBoOfdAFX_thfI9BA,UCZ51R_9Q9C0c8I3pAWhtmjQ,1
UCV0iizTBoOfdAFX_thfI9BA,UCZLG9qH0tUjNhEGFIUt0CYw,1
UCV0iizTBoOfdAFX_thfI9BA,UCcfdg8crmMJwEuLUsAhV7yg,1
UCV0iizTBoOfdAFX_thfI9BA,UCfM3nrxtTQMY5jFx1v1J4Gg,1
UCV0iizTBoOfdAFX_thfI9BA,UCgvw7xIdGFupzpt1Y_BFkEA,1
UCV0iizTBoOfdAFX_thfI9BA,UCh5ESQvtzyHDhCA7XyekCFA,1
UCV0iizTBoOfdAFX_thfI9BA,UChZknRmJkeGeQk0-mQuhDOg,1
UCV0iizTBoOfdAFX_thfI9BA,UChep9kVb5gQmpodEEl10Xlg,1
UCV0iizTBoOfdAFX_thfI9BA,UChgkn5Jt5tWKYMoEOuCjz3Q,1
UCV0iizTBoOfdAFX_thfI9BA,UChs3tU2BcKOT0CezykvAsGw,1
UCV0iizTBoOfdAFX_thfI9BA,UCi1b_TRQfgO1Z9O2gNGGWNA,1
UCV0iizTBoOfdAFX_thfI9BA,UCiGRBf2RNF0WRKhRVT7zFoA,1
UCV0iizTBoOfdAFX_thfI9BA,UCiMythXHsw7eQEMykCdmMUA,1
UCV0iizTBoOfdAFX_thfI9BA,UCipetjeiWj4CZB6EbyYziZg,1
UCV0iizTBoOfdAFX_thfI9BA,UCj-LL25XJnjxepPKCc3NGog,1
UCV0iizTBoOfdAFX_thfI9BA,UCjSKM9j0Q7HLDr1hD6D-TUw,1
UCV0iizTBoOfdAFX_thfI9BA,UCjmPuazZJzscrwvk0QR9RVw,1
UCV0iizTBoOfdAFX_thfI9BA,UCkd9W714-947dEE6ZOEBATA,1
UCV0iizTBoOfdAFX_thfI9BA,UCl0ekS9Tt0jJGtOEM18S63w,1
UCV0iizTBoOfdAFX_thfI9BA,UCljDbleJul41G1TzOjOZAVA,1
UCV0iizTBoOfdAFX_thfI9BA,UCmjppp6ujz3SAnULvP3sZMw,1
UCV0iizTBoOfdAFX_thfI9BA,UCmvOgzmmXbjUthHy-WJ52hQ,1
UCV0iizTBoOfdAFX_thfI9BA,UCp4iw5_5SmV9VGTFSNVGOmQ,1
UCV0iizTBoOfdAFX_thfI9BA,UCpIdtvoFHVLGASGB5ySqIEA,1
UCV0iizTBoOfdAFX_thfI9BA,UCpl8rF8uv_8uui-QRvuJaRA,1
UCV0iizTBoOfdAFX_thfI9BA,UCplrIQtaPj6au60_f2-mOYw,1
UCV0iizTBoOfdAFX_thfI9BA,UCpsKOkt5iWTbenzeuq7dsmQ,1
UCV0iizTBoOfdAFX_thfI9BA,UCr1emrogPKkKTs_WTtx71xg,1
UCV0iizTBoOfdAFX_thfI9BA,UCrJn_rbo_ENAdeqneS-RmRw,1
UCV0iizTBoOfdAFX_thfI9BA,UCsJJAvrVGupdmhOqgtDp8dg,1
UCV0iizTBoOfdAFX_thfI9BA,UCsSXdJct-nsS8DsABoEsaYA,1
UCV0iizTBoOfdAFX_thfI9BA,UCsUCN0Yq_UyTvKjOJLmNrnQ,1
UCV0iizTBoOfdAFX_thfI9BA,UCsjs5Hp_r86x1xbK6FAeqaA,1
UCV0iizTBoOfdAFX_thfI9BA,UCtNfIBnc5S5DbbQj_yxgJTw,1
UCV0iizTBoOfdAFX_thfI9BA,UCtUR3_CAiE7fCoZHM6cMfyQ,1
UCV0iizTBoOfdAFX_thfI9BA,UCueV9cTyTDwgQSec1x2dYgA,1
UCV0iizTBoOfdAFX_thfI9BA,UCujPF2nBgsTD62nWE3lcpIg,1
UCV0iizTBoOfdAFX_thfI9BA,UCut6b9S98nv84cVX89PmKzA,1
UCV0iizTBoOfdAFX_thfI9BA,UCvApqeCbLod-wejtT4CcVuA,1
UCV0iizTBoOfdAFX_thfI9BA,UCwO2SXr0ggzwg6QWWrr01nQ,1
UCV0iizTBoOfdAFX_thfI9BA,UCwW2OFy95P7ZBkOPxWkpvYg,1
UCV0iizTBoOfdAFX_thfI9BA,UCwha8rxULYMVtNwZWeSkE1A,1
UCV0iizTBoOfdAFX_thfI9BA,UCxff05WuyvwELNITi7bj7UA,1
UCV0iizTBoOfdAFX_thfI9BA,UCySYJU5kUh7X8gVt9la2ISA,1
UCV0iizTBoOfdAFX_thfI9BA,UCylqlpsh8ENNM1LqgQ1KbxA,1
UCV0iizTBoOfdAFX_thfI9BA,UCz3gu01bmjNv0DpRq-K3XYg,1
UCV0iizTBoOfdAFX_thfI9BA,UCzSfZlOVxBSs5ObD25ywxDQ,1
UCV0iizTBoOfdAFX_thfI9BA,UCzoL2l5H5eVlorWGH8AZfAg,1
UCWIZUtKJ636y-4TYrNvok0g,UCXSkL3ejZ8qWYyF_M7s_QKA,1
UCWIZUtKJ636y-4TYrNvok0g,UCXXh7yg5KUFIWylTiKVEFKQ,1
UCWIZUtKJ636y-4TYrNvok0g,UCXgr7vXlRrsaskPdo097kGA,1
UCWIZUtKJ636y-4TYrNvok0g,UCXr8_5WtGeipe4haOoQDgyQ,1
UCWIZUtKJ636y-4TYrNvok0g,UCYN4wSQ1Sx4_LurxLlW7MPg,1
UCWIZUtKJ636y-4TYrNvok0g,UCYwpX26TrCxq8TvbKGRYLXA,1
UCWIZUtKJ636y-4TYrNvok0g,UCZ51R_9Q9C0c8I3pAWhtmjQ,1
UCWIZUtKJ636y-4TYrNvok0g,UCZLG9qH0tUjNhEGFIUt0CYw,1
UCWIZUtKJ636y-4TYrNvok0g,UCcfdg8crmMJwEuLUsAhV7yg,1
UCWIZUtKJ636y-4TYrNvok0g,UCfM3nrxtTQMY5jFx1v1J4Gg,1
UCWIZUtKJ636y-4TYrNvok0g,UCgvw7xIdGFupzpt1Y_BFkEA,1
UCWIZUtKJ636y-4TYrNvok0g,UCh5ESQvtzyHDhCA7XyekCFA,1
UCWIZUtKJ636y-4TYrNvok0g,UChZknRmJkeGeQk0-mQuhDOg,1
UCWIZUtKJ636y-4TYrNvok0g,UChep9kVb5gQmpodEEl10Xlg,1
UCWIZUtKJ636y-4TYrNvok0g,UChgkn5Jt5tWKYMoEOuCjz3Q,1
UCWIZUtKJ636y-4TYrNvok0g,UChs3tU2BcKOT0CezykvAsGw,1
UCWIZUtKJ636y-4TYrNvok0g,UCi1b_TRQfgO1Z9O2gNGGWNA,1
UCWIZUtKJ636y-4TYrNvok0g,UCiGRBf2RNF0WRKhRVT7zFoA,1
UCWIZUtKJ636y-4TYrNvok0g,UCiMythXHsw7eQEMykCdmMUA,1
UCWIZUtKJ636y-4TYrNvok0g,UCipetjeiWj4CZB6EbyYziZg,1
UCWIZUtKJ636y-4TYrNvok0g,UCj-LL25XJnjxepPKCc3NGog,1
UCWIZUtKJ636y-4TYrNvok0g,UCjSKM9j0Q7HLDr1hD6D-TUw,1
UCWIZUtKJ636y-4TYrNvok0g,UCjmPuazZJzscrwvk0QR9RVw,1
UCWIZUtKJ636y-4TYrNvok0g,UCkd9W714-947dEE6ZOEBATA,1
UCWIZUtKJ636y-4TYrNvok0g,UCl0ekS9Tt0jJGtOEM18S63w,1
UCWIZUtKJ636y-4TYrNvok0g,UCljDbleJul41G1TzOjOZAVA,1
UCWIZUtKJ636y-4TYrNvok0g,UCmjppp6ujz3SAnULvP3sZMw,1
UCWIZUtKJ636y-4TYrNvok0g,UCmvOgzmmXbjUthHy-WJ52hQ,1
UCWIZUtKJ636y-4TYrNvok0g,UCp4iw5_5SmV9VGTFSNVGOmQ,1
UCWIZUtKJ636y-4TYrNvok0g,UCpIdtvoFHVLGASGB5ySqIEA,1
UCWIZUtKJ636y-4TYrNvok0g,UCpl8rF8uv_8uui-QRvuJaRA,1
UCWIZUtKJ636y-4TYrNvok0g,UCplrIQtaPj6au60_f2-mOYw,1
UCWIZUtKJ636y-4TYrNvok0g,UCpsKOkt5iWTbenzeuq7dsmQ,1
UCWIZUtKJ636y-4TYrNvok0g,UCr1emrogPKkKTs_WTtx71xg,1
UCWIZUtKJ636y-4TYrNvok0g,UCrJn_rbo_ENAdeqneS-RmRw,1
UCWIZUtKJ636y-4TYrNvok0g,UCsJJAvrVGupdmhOqgtDp8dg,1
UCWIZUtKJ636y-4TYrNvok0g,UCsSXdJct-nsS8DsABoEsaYA,1
UCWIZUtKJ636y-4TYrNvok0g,UCsUCN0Yq_UyTvKjOJLmNrnQ,1
UCWIZUtKJ636y-4TYrNvok0g,UCsjs5Hp_r86x1xbK6FAeqaA,1
UCWIZUtKJ636y-4TYrNvok0g,UCtNfIBnc5S5DbbQj_yxgJTw,1
UCWIZUtKJ636y-4TYrNvok0g,UCtUR3_CAiE7fCoZHM6cMfyQ,1
UCWIZUtKJ636y-4TYrNvok0g,UCueV9cTyTDwgQSec1x2dYgA,1
UCWIZUtKJ636y-4TYrNvok0g,UCujPF2nBgsTD62nWE3lcpIg,1
UCWIZUtKJ636y-4TYrNvok0g,UCut6b9S98nv84cVX89PmKzA,1
UCWIZUtKJ636y-4TYrNvok0g,UCvApqeCbLod-wejtT4CcVuA,1
UCWIZUtKJ636y-4TYrNvok0g,UCwO2SXr0ggzwg6QWWrr01nQ,1
UCWIZUtKJ636y-4TYrNvok0g,UCwW2OFy95P7ZBkOPxWkpvYg,1
UCWIZUtKJ636y-4TYrNvok0g,UCwha8rxULYMVtNwZWeSkE1A,1
UCWIZUtKJ636y-4TYrNvok0g,UCxff05WuyvwELNITi7bj7UA,1
UCWIZUtKJ636y-4TYrNvok0g,UCySYJU5kUh7X8gVt9la2ISA,1
UCWIZUtKJ636y-4TYrNvok0g,UCylqlpsh8ENNM1LqgQ1KbxA,1
UCWIZUtKJ636y-4TYrNvok0g,UCz3gu01bmjNv0DpRq-K3XYg,1
UCWIZUtKJ636y-4TYrNvok0g,UCzSfZlOVxBSs5ObD25ywxDQ,1
UCWIZUtKJ636y-4TYrNvok0g,UCzoL2l5H5eVlorWGH8AZfAg,1
UCXSkL3ejZ8qWYyF_M7s_QKA,UCXXh7yg5KUFIWylTiKVEFKQ,1
UCXSkL3ejZ8qWYyF_M7s_QKA,UCXgr7vXlRrsaskPdo097kGA,1
UCXSkL3ejZ8qWYyF_M7s_QKA,UCXr8_5WtGeipe4haOoQDgyQ,1
UCXSkL3ejZ8qWYyF_M7s_QKA,UCYN4wSQ1Sx4_LurxLlW7MPg,1
UCXSkL3ejZ8qWYyF_M7s_QKA,UCYwpX26TrCxq8TvbKGRYLXA,1
UCXSkL3ejZ8qWYyF_M7s_QKA,UCZ51R_9Q9C0c8I3pAWhtmjQ,1
UCXSkL3ejZ8qWYyF_M7s_QKA,UCZLG9qH0tUjNhEGFIUt0CYw,1
UCXSkL3ejZ8qWYyF_M7s_QKA,UCcfdg8crmMJwEuLUsAhV7yg,1
UCXSkL3ejZ8qWYyF_M7s_QKA,UCfM3nrxtTQMY5jFx1v1J4Gg,1
UCXSkL3ejZ8qWYyF_M7s_QKA,UCgvw7xIdGFupzpt1Y_BFkEA,1
UCXSkL3ejZ8qWYyF_M7s_QKA,UCh5ESQvtzyHDhCA7XyekCFA,1
UCXSkL3ejZ8qWYyF_M7s_QKA,UChZknRmJkeGeQk0-mQuhDOg,1
UCXSkL3ejZ8qWYyF_M7s_QKA,UChep9kVb5gQmpodEEl10Xlg,1
UCXSkL3ejZ8qWYyF_M7s_QKA,UChgkn5Jt5tWKYMoEOuCjz3Q,1
UCXSkL3ejZ8qWYyF_M7s_QKA,UChs3tU2BcKOT0CezykvAsGw,1
UCXSkL3ejZ8qWYyF_M7s_QKA,UCi1b_TRQfgO1Z9O2gNGGWNA,1
UCXSkL3ejZ8qWYyF_M7s_QKA,UCiGRBf2RNF0WRKhRVT7zFoA,1
UCXSkL3ejZ8qWYyF_M7s_QKA,UCiMythXHsw7eQEMykCdmMUA,1
UCXSkL3ejZ8qWYyF_M7s_QKA,UCipetjeiWj4CZB6EbyYziZg,1
UCXSkL3ejZ8qWYyF_M7s_QKA,UCj-LL25XJnjxepPKCc3NGog,1
UCXSkL3ejZ8qWYyF_M7s_QKA,UCjSKM9j0Q7HLDr1hD6D-TUw,1
UCXSkL3ejZ8qWYyF_M7s_QKA,UCjmPuazZJzscrwvk0QR9RVw,1
UCXSkL3ejZ8qWYyF_M7s_QKA,UCkd9W714-947dEE6ZOEBATA,1
UCXSkL3ejZ8qWYyF_M7s_QKA,UCl0ekS9Tt0jJGtOEM18S63w,1
UCXSkL3ejZ8qWYyF_M7s_QKA,UCljDbleJul41G1TzOjOZAVA,1
UCXSkL3ejZ8qWYyF_M7s_QKA,UCmjppp6ujz3SAnULvP3sZMw,1
UCXSkL3ejZ8qWYyF_M7s_QKA,UCmvOgzmmXbjUthHy-WJ52hQ,1
UCXSkL3ejZ8qWYyF_M7s_QKA,UCp4iw5_5SmV9VGTFSNVGOmQ,1
UCXSkL3ejZ8qWYyF_M7s_QKA,UCpIdtvoFHVLGASGB5ySqIEA,1
UCXSkL3ejZ8qWYyF_M7s_QKA,UCpl8rF8uv_8uui-QRvuJaRA,1
UCXSkL3ejZ8qWYyF_M7s_QKA,UCplrIQtaPj6au60_f2-mOYw,1
UCXSkL3ejZ8qWYyF_M7s_QKA,UCpsKOkt5iWTbenzeuq7dsmQ,1
UCXSkL3ejZ8qWYyF_M7s_QKA,UCr1emrogPKkKTs_WTtx71xg,1
UCXSkL3ejZ8qWYyF_M7s_QKA,UCrJn_rbo_ENAdeqneS-RmRw,1
UCXSkL3ejZ8qWYyF_M7s_QKA,UCsJJAvrVGupdmhOqgtDp8dg,1
UCXSkL3ejZ8qWYyF_M7s_QKA,UCsSXdJct-nsS8DsABoEsaYA,1
UCXSkL3ejZ8qWYyF_M7s_QKA,UCsUCN0Yq_UyTvKjOJLmNrnQ,1
UCXSkL3ejZ8qWYyF_M7s_QKA,UCsjs5Hp_r86x1xbK6FAeqaA,1
UCXSkL3ejZ8qWYyF_M7s_QKA,UCtNfIBnc5S5DbbQj_yxgJTw,1
UCXSkL3ejZ8qWYyF_M7s_QKA,UCtUR3_CAiE7fCoZHM6cMfyQ,1
UCXSkL3ejZ8qWYyF_M7s_QKA,UCueV9cTyTDwgQSec1x2dYgA,1
UCXSkL3ejZ8qWYyF_M7s_QKA,UCujPF2nBgsTD62nWE3lcpIg,1
UCXSkL3ejZ8qWYyF_M7s_QKA,UCut6b9S98nv84cVX89PmKzA,1
UCXSkL3ejZ8qWYyF_M7s_QKA,UCvApqeCbLod-wejtT4CcVuA,1
UCXSkL3ejZ8qWYyF_M7s_QKA,UCwO2SXr0ggzwg6QWWrr01nQ,1
UCXSkL3ejZ8qWYyF_M7s_QKA,UCwW2OFy95P7ZBkOPxWkpvYg,1
UCXSkL3ejZ8qWYyF_M7s_QKA,UCwha8rxULYMVtNwZWeSkE1A,1
UCXSkL3ejZ8qWYyF_M7s_QKA,UCxff05WuyvwELNITi7bj7UA,1
UCXSkL3ejZ8qWYyF_M7s_QKA,UCySYJU5kUh7X8gVt9la2ISA,1
UCXSkL3ejZ8qWYyF_M7s_QKA,UCylqlpsh8ENNM1LqgQ1KbxA,1
UCXSkL3ejZ8qWYyF_M7s_QKA,UCz3gu01bmjNv0DpRq-K3XYg,1
UCXSkL3ejZ8qWYyF_M7s_QKA,UCzSfZlOVxBSs5ObD25ywxDQ,1
UCXSkL3ejZ8qWYyF_M7s_QKA,UCzoL2l5H5eVlorWGH8AZfAg,1
UCXXh7yg5KUFIWylTiKVEFKQ,UCXgr7vXlRrsaskPdo097kGA,1
UCXXh7yg5KUFIWylTiKVEFKQ,UCXr8_5WtGeipe4haOoQDgyQ,1
UCXXh7yg5KUFIWylTiKVEFKQ,UCYN4wSQ1Sx4_LurxLlW7MPg,1
UCXXh7yg5KUFIWylTiKVEFKQ,UCYwpX26TrCxq8TvbKGRYLXA,1
UCXXh7yg5KUFIWylTiKVEFKQ,UCZ51R_9Q9C0c8I3pAWhtmjQ,1
UCXXh7yg5KUFIWylTiKVEFKQ,UCZLG9qH0tUjNhEGFIUt0CYw,1
UCXXh7yg5KUFIWylTiKVEFKQ,UCcfdg8crmMJwEuLUsAhV7yg,1
UCXXh7yg5KUFIWylTiKVEFKQ,UCfM3nrxtTQMY5jFx1v1J4Gg,1
UCXXh7yg5KUFIWylTiKVEFKQ,UCgvw7xIdGFupzpt1Y_BFkEA,1
UCXXh7yg5KUFIWylTiKVEFKQ,UCh5ESQvtzyHDhCA7XyekCFA,1
UCXXh7yg5KUFIWylTiKVEFKQ,UChZknRmJkeGeQk0-mQuhDOg,1
UCXXh7yg5KUFIWylTiKVEFKQ,UChep9kVb5gQmpodEEl10Xlg,1
UCXXh7yg5KUFIWylTiKVEFKQ,UChgkn5Jt5tWKYMoEOuCjz3Q,1
UCXXh7yg5KUFIWylTiKVEFKQ,UChs3tU2BcKOT0CezykvAsGw,1
UCXXh7yg5KUFIWylTiKVEFKQ,UCi1b_TRQfgO1Z9O2gNGGWNA,1
UCXXh7yg5KUFIWylTiKVEFKQ,UCiGRBf2RNF0WRKhRVT7zFoA,1
UCXXh7yg5KUFIWylTiKVEFKQ,UCiMythXHsw7eQEMykCdmMUA,1
UCXXh7yg5KUFIWylTiKVEFKQ,UCipetjeiWj4CZB6EbyYziZg,1
UCXXh7yg5KUFIWylTiKVEFKQ,UCj-LL25XJnjxepPKCc3NGog,1
UCXXh7yg5KUFIWylTiKVEFKQ,UCjSKM9j0Q7HLDr1hD6D-TUw,1
UCXXh7yg5KUFIWylTiKVEFKQ,UCjmPuazZJzscrwvk0QR9RVw,1
UCXXh7yg5KUFIWylTiKVEFKQ,UCkd9W714-947dEE6ZOEBATA,1
UCXXh7yg5KUFIWylTiKVEFKQ,UCl0ekS9Tt0jJGtOEM18S63w,1
UCXXh7yg5KUFIWylTiKVEFKQ,UCljDbleJul41G1TzOjOZAVA,1
UCXXh7yg5KUFIWylTiKVEFKQ,UCmjppp6ujz3SAnULvP3sZMw,1
UCXXh7yg5KUFIWylTiKVEFKQ,UCmvOgzmmXbjUthHy-WJ52hQ,1
UCXXh7yg5KUFIWylTiKVEFKQ,UCp4iw5_5SmV9VGTFSNVGOmQ,1
UCXXh7yg5KUFIWylTiKVEFKQ,UCpIdtvoFHVLGASGB5ySqIEA,1
UCXXh7yg5KUFIWylTiKVEFKQ,UCpl8rF8uv_8uui-QRvuJaRA,1
UCXXh7yg5KUFIWylTiKVEFKQ,UCplrIQtaPj6au60_f2-mOYw,1
UCXXh7yg5KUFIWylTiKVEFKQ,UCpsKOkt5iWTbenzeuq7dsmQ,1
UCXXh7yg5KUFIWylTiKVEFKQ,UCr1emrogPKkKTs_WTtx71xg,1
UCXXh7yg5KUFIWylTiKVEFKQ,UCrJn_rbo_ENAdeqneS-RmRw,1
UCXXh7yg5KUFIWylTiKVEFKQ,UCsJJAvrVGupdmhOqgtDp8dg,1
UCXXh7yg5KUFIWylTiKVEFKQ,UCsSXdJct-nsS8DsABoEsaYA,1
UCXXh7yg5KUFIWylTiKVEFKQ,UCsUCN0Yq_UyTvKjOJLmNrnQ,1
UCXXh7yg5KUFIWylTiKVEFKQ,UCsjs5Hp_r86x1xbK6FAeqaA,1
UCXXh7yg5KUFIWylTiKVEFKQ,UCtNfIBnc5S5DbbQj_yxgJTw,1
UCXXh7yg5KUFIWylTiKVEFKQ,UCtUR3_CAiE7fCoZHM6cMfyQ,1
UCXXh7yg5KUFIWylTiKVEFKQ,UCueV9cTyTDwgQSec1x2dYgA,1
UCXXh7yg5KUFIWylTiKVEFKQ,UCujPF2nBgsTD62nWE3lcpIg,1
UCXXh7yg5KUFIWylTiKVEFKQ,UCut6b9S98nv84cVX89PmKzA,1
UCXXh7yg5KUFIWylTiKVEFKQ,UCvApqeCbLod-wejtT4CcVuA,1
UCXXh7yg5KUFIWylTiKVEFKQ,UCwO2SXr0ggzwg6QWWrr01nQ,1
UCXXh7yg5KUFIWylTiKVEFKQ,UCwW2OFy95P7ZBkOPxWkpvYg,1
UCXXh7yg5KUFIWylTiKVEFKQ,UCwha8rxULYMVtNwZWeSkE1A,1
UCXXh7yg5KUFIWylTiKVEFKQ,UCxff05WuyvwELNITi7bj7UA,1
UCXXh7yg5KUFIWylTiKVEFKQ,UCySYJU5kUh7X8gVt9la2ISA,1
UCXXh7yg5KUFIWylTiKVEFKQ,UCylqlpsh8ENNM1LqgQ1KbxA,1
UCXXh7yg5KUFIWylTiKVEFKQ,UCz3gu01bmjNv0DpRq-K3XYg,1
UCXXh7yg5KUFIWylTiKVEFKQ,UCzSfZlOVxBSs5ObD25ywxDQ,1
UCXXh7yg5KUFIWylTiKVEFKQ,UCzoL2l5H5eVlorWGH8AZfAg,1
UCXgr7vXlRrsaskPdo097kGA,UCXr8_5WtGeipe4haOoQDgyQ,1
UCXgr7vXlRrsaskPdo097kGA,UCYN4wSQ1Sx4_LurxLlW7MPg,1
UCXgr7vXlRrsaskPdo097kGA,UCYwpX26TrCxq8TvbKGRYLXA,1
UCXgr7vXlRrsaskPdo097kGA,UCZ51R_9Q9C0c8I3pAWhtmjQ,1
UCXgr7vXlRrsaskPdo097kGA,UCZLG9qH0tUjNhEGFIUt0CYw,1
UCXgr7vXlRrsaskPdo097kGA,UCcfdg8crmMJwEuLUsAhV7yg,1
UCXgr7vXlRrsaskPdo097kGA,UCfM3nrxtTQMY5jFx1v1J4Gg,1
UCXgr7vXlRrsaskPdo097kGA,UCgvw7xIdGFupzpt1Y_BFkEA,1
UCXgr7vXlRrsaskPdo097kGA,UCh5ESQvtzyHDhCA7XyekCFA,1
UCXgr7vXlRrsaskPdo097kGA,UChZknRmJkeGeQk0-mQuhDOg,1
UCXgr7vXlRrsaskPdo097kGA,UChep9kVb5gQmpodEEl10Xlg,1
UCXgr7vXlRrsaskPdo097kGA,UChgkn5Jt5tWKYMoEOuCjz3Q,1
UCXgr7vXlRrsaskPdo097kGA,UChs3tU2BcKOT0CezykvAsGw,1
UCXgr7vXlRrsaskPdo097kGA,UCi1b_TRQfgO1Z9O2gNGGWNA,1
UCXgr7vXlRrsaskPdo097kGA,UCiGRBf2RNF0WRKhRVT7zFoA,1
UCXgr7vXlRrsaskPdo097kGA,UCiMythXHsw7eQEMykCdmMUA,1
UCXgr7vXlRrsaskPdo097kGA,UCipetjeiWj4CZB6EbyYziZg,1
UCXgr7vXlRrsaskPdo097kGA,UCj-LL25XJnjxepPKCc3NGog,1
UCXgr7vXlRrsaskPdo097kGA,UCjSKM9j0Q7HLDr1hD6D-TUw,1
UCXgr7vXlRrsaskPdo097kGA,UCjmPuazZJzscrwvk0QR9RVw,1
UCXgr7vXlRrsaskPdo097kGA,UCkd9W714-947dEE6ZOEBATA,1
UCXgr7vXlRrsaskPdo097kGA,UCl0ekS9Tt0jJGtOEM18S63w,1
UCXgr7vXlRrsaskPdo097kGA,UCljDbleJul41G1TzOjOZAVA,1
UCXgr7vXlRrsaskPdo097kGA,UCmjppp6ujz3SAnULvP3sZMw,1
UCXgr7vXlRrsaskPdo097kGA,UCmvOgzmmXbjUthHy-WJ52hQ,1
UCXgr7vXlRrsaskPdo097kGA,UCp4iw5_5SmV9VGTFSNVGOmQ,1
UCXgr7vXlRrsaskPdo097kGA,UCpIdtvoFHVLGASGB5ySqIEA,1
UCXgr7vXlRrsaskPdo097kGA,UCpl8rF8uv_8uui-QRvuJaRA,1
UCXgr7vXlRrsaskPdo097kGA,UCplrIQtaPj6au60_f2-mOYw,1
UCXgr7vXlRrsaskPdo097kGA,UCpsKOkt5iWTbenzeuq7dsmQ,1
UCXgr7vXlRrsaskPdo097kGA,UCr1emrogPKkKTs_WTtx71xg,1
UCXgr7vXlRrsaskPdo097kGA,UCrJn_rbo_ENAdeqneS-RmRw,1
UCXgr7vXlRrsaskPdo097kGA,UCsJJAvrVGupdmhOqgtDp8dg,1
UCXgr7vXlRrsaskPdo097kGA,UCsSXdJct-nsS8DsABoEsaYA,1
UCXgr7vXlRrsaskPdo097kGA,UCsUCN0Yq_UyTvKjOJLmNrnQ,1
UCXgr7vXlRrsaskPdo097kGA,UCsjs5Hp_r86x1xbK6FAeqaA,1
UCXgr7vXlRrsaskPdo097kGA,UCtNfIBnc5S5DbbQj_yxgJTw,1
UCXgr7vXlRrsaskPdo097kGA,UCtUR3_CAiE7fCoZHM6cMfyQ,1
UCXgr7vXlRrsaskPdo097kGA,UCueV9cTyTDwgQSec1x2dYgA,1
UCXgr7vXlRrsaskPdo097kGA,UCujPF2nBgsTD62nWE3lcpIg,1
UCXgr7vXlRrsaskPdo097kGA,UCut6b9S98nv84cVX89PmKzA,1
UCXgr7vXlRrsaskPdo097kGA,UCvApqeCbLod-wejtT4CcVuA,1
UCXgr7vXlRrsaskPdo097kGA,UCwO2SXr0ggzwg6QWWrr01nQ,1
UCXgr7vXlRrsaskPdo097kGA,UCwW2OFy95P7ZBkOPxWkpvYg,1
UCXgr7vXlRrsaskPdo097kGA,UCwha8rxULYMVtNwZWeSkE1A,1
UCXgr7vXlRrsaskPdo097kGA,UCxff05WuyvwELNITi7bj7UA,1
UCXgr7vXlRrsaskPdo097kGA,UCySYJU5kUh7X8gVt9la2ISA,1
UCXgr7vXlRrsaskPdo097kGA,UCylqlpsh8ENNM1LqgQ1KbxA,1
UCXgr7vXlRrsaskPdo097kGA,UCz3gu01bmjNv0DpRq-K3XYg,1
UCXgr7vXlRrsaskPdo097kGA,UCzSfZlOVxBSs5ObD25ywxDQ,1
UCXgr7vXlRrsaskPdo097kGA,UCzoL2l5H5eVlorWGH8AZfAg,1
UCXr8_5WtGeipe4haOoQDgyQ,UCYN4wSQ1Sx4_LurxLlW7MPg,1
UCXr8_5WtGeipe4haOoQDgyQ,UCYwpX26TrCxq8TvbKGRYLXA,1
UCXr8_5WtGeipe4haOoQDgyQ,UCZ51R_9Q9C0c8I3pAWhtmjQ,1
UCXr8_5WtGeipe4haOoQDgyQ,UCZLG9qH0tUjNhEGFIUt0CYw,1
UCXr8_5WtGeipe4haOoQDgyQ,UCcfdg8crmMJwEuLUsAhV7yg,1
UCXr8_5WtGeipe4haOoQDgyQ,UCfM3nrxtTQMY5jFx1v1J4Gg,1
UCXr8_5WtGeipe4haOoQDgyQ,UCgvw7xIdGFupzpt1Y_BFkEA,1
UCXr8_5WtGeipe4haOoQDgyQ,UCh5ESQvtzyHDhCA7XyekCFA,1
UCXr8_5WtGeipe4haOoQDgyQ,UChZknRmJkeGeQk0-mQuhDOg,1
UCXr8_5WtGeipe4haOoQDgyQ,UChep9kVb5gQmpodEEl10Xlg,1
UCXr8_5WtGeipe4haOoQDgyQ,UChgkn5Jt5tWKYMoEOuCjz3Q,1
UCXr8_5WtGeipe4haOoQDgyQ,UChs3tU2BcKOT0CezykvAsGw,1
UCXr8_5WtGeipe4haOoQDgyQ,UCi1b_TRQfgO1Z9O2gNGGWNA,1
UCXr8_5WtGeipe4haOoQDgyQ,UCiGRBf2RNF0WRKhRVT7zFoA,1
UCXr8_5WtGeipe4haOoQDgyQ,UCiMythXHsw7eQEMykCdmMUA,1
UCXr8_5WtGeipe4haOoQDgyQ,UCipetjeiWj4CZB6EbyYziZg,1
UCXr8_5WtGeipe4haOoQDgyQ,UCj-LL25XJnjxepPKCc3NGog,1
UCXr8_5WtGeipe4haOoQDgyQ,UCjSKM9j0Q7HLDr1hD6D-TUw,1
UCXr8_5WtGeipe4haOoQDgyQ,UCjmPuazZJzscrwvk0QR9RVw,1
UCXr8_5WtGeipe4haOoQDgyQ,UCkd9W714-947dEE6ZOEBATA,1
UCXr8_5WtGeipe4haOoQDgyQ,UCl0ekS9Tt0jJGtOEM18S63w,1
UCXr8_5WtGeipe4haOoQDgyQ,UCljDbleJul41G1TzOjOZAVA,1
UCXr8_5WtGeipe4haOoQDgyQ,UCmjppp6ujz3SAnULvP3sZMw,1
UCXr8_5WtGeipe4haOoQDgyQ,UCmvOgzmmXbjUthHy-WJ52hQ,1
UCXr8_5WtGeipe4haOoQDgyQ,UCp4iw5_5SmV9VGTFSNVGOmQ,1
UCXr8_5WtGeipe4haOoQDgyQ,UCpIdtvoFHVLGASGB5ySqIEA,1
UCXr8_5WtGeipe4haOoQDgyQ,UCpl8rF8uv_8uui-QRvuJaRA,1
UCXr8_5WtGeipe4haOoQDgyQ,UCplrIQtaPj6au60_f2-mOYw,1
UCXr8_5WtGeipe4haOoQDgyQ,UCpsKOkt5iWTbenzeuq7dsmQ,1
UCXr8_5WtGeipe4haOoQDgyQ,UCr1emrogPKkKTs_WTtx71xg,1
UCXr8_5WtGeipe4haOoQDgyQ,UCrJn_rbo_ENAdeqneS-RmRw,1
UCXr8_5WtGeipe4haOoQDgyQ,UCsJJAvrVGupdmhOqgtDp8dg,1
UCXr8_5WtGeipe4haOoQDgyQ,UCsSXdJct-nsS8DsABoEsaYA,1
UCXr8_5WtGeipe4haOoQDgyQ,UCsUCN0Yq_UyTvKjOJLmNrnQ,1
UCXr8_5WtGeipe4haOoQDgyQ,UCsjs5Hp_r86x1xbK6FAeqaA,1
UCXr8_5WtGeipe4haOoQDgyQ,UCtNfIBnc5S5DbbQj_yxgJTw,1
UCXr8_5WtGeipe4haOoQDgyQ,UCtUR3_CAiE7fCoZHM6cMfyQ,1
UCXr8_5WtGeipe4haOoQDgyQ,UCueV9cTyTDwgQSec1x2dYgA,1
UCXr8_5WtGeipe4haOoQDgyQ,UCujPF2nBgsTD62nWE3lcpIg,1
UCXr8_5WtGeipe4haOoQDgyQ,UCut6b9S98nv84cVX89PmKzA,1
UCXr8_5WtGeipe4haOoQDgyQ,UCvApqeCbLod-wejtT4CcVuA,1
UCXr8_5WtGeipe4haOoQDgyQ,UCwO2SXr0ggzwg6QWWrr01nQ,1
UCXr8_5WtGeipe4haOoQDgyQ,UCwW2OFy95P7ZBkOPxWkpvYg,1
UCXr8_5WtGeipe4haOoQDgyQ,UCwha8rxULYMVtNwZWeSkE1A,1
UCXr8_5WtGeipe4haOoQDgyQ,UCxff05WuyvwELNITi7bj7UA,1
UCXr8_5WtGeipe4haOoQDgyQ,UCySYJU5kUh7X8gVt9la2ISA,1
UCXr8_5WtGeipe4haOoQDgyQ,UCylqlpsh8ENNM1LqgQ1KbxA,1
UCXr8_5WtGeipe4haOoQDgyQ,UCz3gu01bmjNv0DpRq-K3XYg,1
UCXr8_5WtGeipe4haOoQDgyQ,UCzSfZlOVxBSs5ObD25ywxDQ,1
UCXr8_5WtGeipe4haOoQDgyQ,UCzoL2l5H5eVlorWGH8AZfAg,1
UCYN4wSQ1Sx4_LurxLlW7MPg,UCYwpX26TrCxq8TvbKGRYLXA,1
UCYN4wSQ1Sx4_LurxLlW7MPg,UCZ51R_9Q9C0c8I3pAWhtmjQ,1
UCYN4wSQ1Sx4_LurxLlW7MPg,UCZLG9qH0tUjNhEGFIUt0CYw,1
UCYN4wSQ1Sx4_LurxLlW7MPg,UCcfdg8crmMJwEuLUsAhV7yg,1
UCYN4wSQ1Sx4_LurxLlW7MPg,UCfM3nrxtTQMY5jFx1v1J4Gg,1
UCYN4wSQ1Sx4_LurxLlW7MPg,UCgvw7xIdGFupzpt1Y_BFkEA,1
UCYN4wSQ1Sx4_LurxLlW7MPg,UCh5ESQvtzyHDhCA7XyekCFA,1
UCYN4wSQ1Sx4_LurxLlW7MPg,UChZknRmJkeGeQk0-mQuhDOg,1
UCYN4wSQ1Sx4_LurxLlW7MPg,UChep9kVb5gQmpodEEl10Xlg,1
UCYN4wSQ1Sx4_LurxLlW7MPg,UChgkn5Jt5tWKYMoEOuCjz3Q,1
UCYN4wSQ1Sx4_LurxLlW7MPg,UChs3tU2BcKOT0CezykvAsGw,1
UCYN4wSQ1Sx4_LurxLlW7MPg,UCi1b_TRQfgO1Z9O2gNGGWNA,1
UCYN4wSQ1Sx4_LurxLlW7MPg,UCiGRBf2RNF0WRKhRVT7zFoA,1
UCYN4wSQ1Sx4_LurxLlW7MPg,UCiMythXHsw7eQEMykCdmMUA,1
UCYN4wSQ1Sx4_LurxLlW7MPg,UCipetjeiWj4CZB6EbyYziZg,1
UCYN4wSQ1Sx4_LurxLlW7MPg,UCj-LL25XJnjxepPKCc3NGog,1
UCYN4wSQ1Sx4_LurxLlW7MPg,UCjSKM9j0Q7HLDr1hD6D-TUw,1
UCYN4wSQ1Sx4_LurxLlW7MPg,UCjmPuazZJzscrwvk0QR9RVw,1
UCYN4wSQ1Sx4_LurxLlW7MPg,UCkd9W714-947dEE6ZOEBATA,1
UCYN4wSQ1Sx4_LurxLlW7MPg,UCl0ekS9Tt0jJGtOEM18S63w,1
UCYN4wSQ1Sx4_LurxLlW7MPg,UCljDbleJul41G1TzOjOZAVA,1
UCYN4wSQ1Sx4_LurxLlW7MPg,UCmjppp6ujz3SAnULvP3sZMw,1
UCYN4wSQ1Sx4_LurxLlW7MPg,UCmvOgzmmXbjUthHy-WJ52hQ,1
UCYN4wSQ1Sx4_LurxLlW7MPg,UCp4iw5_5SmV9VGTFSNVGOmQ,1
UCYN4wSQ1Sx4_LurxLlW7MPg,UCpIdtvoFHVLGASGB5ySqIEA,1
UCYN4wSQ1Sx4_LurxLlW7MPg,UCpl8rF8uv_8uui-QRvuJaRA,1
UCYN4wSQ1Sx4_LurxLlW7MPg,UCplrIQtaPj6au60_f2-mOYw,1
UCYN4wSQ1Sx4_LurxLlW7MPg,UCpsKOkt5iWTbenzeuq7dsmQ,1
UCYN4wSQ1Sx4_LurxLlW7MPg,UCr1emrogPKkKTs_WTtx71xg,1
UCYN4wSQ1Sx4_LurxLlW7MPg,UCrJn_rbo_ENAdeqneS-RmRw,1
UCYN4wSQ1Sx4_LurxLlW7MPg,UCsJJAvrVGupdmhOqgtDp8dg,1
UCYN4wSQ1Sx4_LurxLlW7MPg,UCsSXdJct-nsS8DsABoEsaYA,1
UCYN4wSQ1Sx4_LurxLlW7MPg,UCsUCN0Yq_UyTvKjOJLmNrnQ,1
UCYN4wSQ1Sx4_LurxLlW7MPg,UCsjs5Hp_r86x1xbK6FAeqaA,1
UCYN4wSQ1Sx4_LurxLlW7MPg,UCtNfIBnc5S5DbbQj_yxgJTw,1
UCYN4wSQ1Sx4_LurxLlW7MPg,UCtUR3_CAiE7fCoZHM6cMfyQ,1
UCYN4wSQ1Sx4_LurxLlW7MPg,UCueV9cTyTDwgQSec1x2dYgA,1
UCYN4wSQ1Sx4_LurxLlW7MPg,UCujPF2nBgsTD62nWE3lcpIg,1
UCYN4wSQ1Sx4_LurxLlW7MPg,UCut6b9S98nv84cVX89PmKzA,1
UCYN4wSQ1Sx4_LurxLlW7MPg,UCvApqeCbLod-wejtT4CcVuA,1
UCYN4wSQ1Sx4_LurxLlW7MPg,UCwO2SXr0ggzwg6QWWrr01nQ,1
UCYN4wSQ1Sx4_LurxLlW7MPg,UCwW2OFy95P7ZBkOPxWkpvYg,1
UCYN4wSQ1Sx4_LurxLlW7MPg,UCwha8rxULYMVtNwZWeSkE1A,1
UCYN4wSQ1Sx4_LurxLlW7MPg,UCxff05WuyvwELNITi7bj7UA,1
UCYN4wSQ1Sx4_LurxLlW7MPg,UCySYJU5kUh7X8gVt9la2ISA,1
UCYN4wSQ1Sx4_LurxLlW7MPg,UCylqlpsh8ENNM1LqgQ1KbxA,1
UCYN4wSQ1Sx4_LurxLlW7MPg,UCz3gu01bmjNv0DpRq-K3XYg,1
UCYN4wSQ1Sx4_LurxLlW7MPg,UCzSfZlOVxBSs5ObD25ywxDQ,1
UCYN4wSQ1Sx4_LurxLlW7MPg,UCzoL2l5H5eVlorWGH8AZfAg,1
UCYwpX26TrCxq8TvbKGRYLXA,UCZ51R_9Q9C0c8I3pAWhtmjQ,1
UCYwpX26TrCxq8TvbKGRYLXA,UCZLG9qH0tUjNhEGFIUt0CYw,1
UCYwpX26TrCxq8TvbKGRYLXA,UCcfdg8crmMJwEuLUsAhV7yg,1
UCYwpX26TrCxq8TvbKGRYLXA,UCfM3nrxtTQMY5jFx1v1J4Gg,1
UCYwpX26TrCxq8TvbKGRYLXA,UCgvw7xIdGFupzpt1Y_BFkEA,1
UCYwpX26TrCxq8TvbKGRYLXA,UCh5ESQvtzyHDhCA7XyekCFA,1
UCYwpX26TrCxq8TvbKGRYLXA,UChZknRmJkeGeQk0-mQuhDOg,1
UCYwpX26TrCxq8TvbKGRYLXA,UChep9kVb5gQmpodEEl10Xlg,1
UCYwpX26TrCxq8TvbKGRYLXA,UChgkn5Jt5tWKYMoEOuCjz3Q,1
UCYwpX26TrCxq8TvbKGRYLXA,UChs3tU2BcKOT0CezykvAsGw,1
UCYwpX26TrCxq8TvbKGRYLXA,UCi1b_TRQfgO1Z9O2gNGGWNA,1
UCYwpX26TrCxq8TvbKGRYLXA,UCiGRBf2RNF0WRKhRVT7zFoA,1
UCYwpX26TrCxq8TvbKGRYLXA,UCiMythXHsw7eQEMykCdmMUA,1
UCYwpX26TrCxq8TvbKGRYLXA,UCipetjeiWj4CZB6EbyYziZg,1
UCYwpX26TrCxq8TvbKGRYLXA,UCj-LL25XJnjxepPKCc3NGog,1
UCYwpX26TrCxq8TvbKGRYLXA,UCjSKM9j0Q7HLDr1hD6D-TUw,1
UCYwpX26TrCxq8TvbKGRYLXA,UCjmPuazZJzscrwvk0QR9RVw,1
UCYwpX26TrCxq8TvbKGRYLXA,UCkd9W714-947dEE6ZOEBATA,1
UCYwpX26TrCxq8TvbKGRYLXA,UCl0ekS9Tt0jJGtOEM18S63w,1
UCYwpX26TrCxq8TvbKGRYLXA,UCljDbleJul41G1TzOjOZAVA,1
UCYwpX26TrCxq8TvbKGRYLXA,UCmjppp6ujz3SAnULvP3sZMw,1
UCYwpX26TrCxq8TvbKGRYLXA,UCmvOgzmmXbjUthHy-WJ52hQ,1
UCYwpX26TrCxq8TvbKGRYLXA,UCp4iw5_5SmV9VGTFSNVGOmQ,1
UCYwpX26TrCxq8TvbKGRYLXA,UCpIdtvoFHVLGASGB5ySqIEA,1
UCYwpX26TrCxq8TvbKGRYLXA,UCpl8rF8uv_8uui-QRvuJaRA,1
UCYwpX26TrCxq8TvbKGRYLXA,UCplrIQtaPj6au60_f2-mOYw,1
UCYwpX26TrCxq8TvbKGRYLXA,UCpsKOkt5iWTbenzeuq7dsmQ,1
UCYwpX26TrCxq8TvbKGRYLXA,UCr1emrogPKkKTs_WTtx71xg,1
UCYwpX26TrCxq8TvbKGRYLXA,UCrJn_rbo_ENAdeqneS-RmRw,1
UCYwpX26TrCxq8TvbKGRYLXA,UCsJJAvrVGupdmhOqgtDp8dg,1
UCYwpX26TrCxq8TvbKGRYLXA,UCsSXdJct-nsS8DsABoEsaYA,1
UCYwpX26TrCxq8TvbKGRYLXA,UCsUCN0Yq_UyTvKjOJLmNrnQ,1
UCYwpX26TrCxq8TvbKGRYLXA,UCsjs5Hp_r86x1xbK6FAeqaA,1
UCYwpX26TrCxq8TvbKGRYLXA,UCtNfIBnc5S5DbbQj_yxgJTw,1
UCYwpX26TrCxq8TvbKGRYLXA,UCtUR3_CAiE7fCoZHM6cMfyQ,1
UCYwpX26TrCxq8TvbKGRYLXA,UCueV9cTyTDwgQSec1x2dYgA,1
UCYwpX26TrCxq8TvbKGRYLXA,UCujPF2nBgsTD62nWE3lcpIg,1
UCYwpX26TrCxq8TvbKGRYLXA,UCut6b9S98nv84cVX89PmKzA,1
UCYwpX26TrCxq8TvbKGRYLXA,UCvApqeCbLod-wejtT4CcVuA,1
UCYwpX26TrCxq8TvbKGRYLXA,UCwO2SXr0ggzwg6QWWrr01nQ,1
UCYwpX26TrCxq8TvbKGRYLXA,UCwW2OFy95P7ZBkOPxWkpvYg,1
UCYwpX26TrCxq8TvbKGRYLXA,UCwha8rxULYMVtNwZWeSkE1A,1
UCYwpX26TrCxq8TvbKGRYLXA,UCxff05WuyvwELNITi7bj7UA,1
UCYwpX26TrCxq8TvbKGRYLXA,UCySYJU5kUh7X8gVt9la2ISA,1
UCYwpX26TrCxq8TvbKGRYLXA,UCylqlpsh8ENNM1LqgQ1KbxA,1
UCYwpX26TrCxq8TvbKGRYLXA,UCz3gu01bmjNv0DpRq-K3XYg,1
UCYwpX26TrCxq8TvbKGRYLXA,UCzSfZlOVxBSs5ObD25ywxDQ,1
UCYwpX26TrCxq8TvbKGRYLXA,UCzoL2l5H5eVlorWGH8AZfAg,1
UCZ51R_9Q9C0c8I3pAWhtmjQ,UCZLG9qH0tUjNhEGFIUt0CYw,1
UCZ51R_9Q9C0c8I3pAWhtmjQ,UCcfdg8crmMJwEuLUsAhV7yg,1
UCZ51R_9Q9C0c8I3pAWhtmjQ,UCfM3nrxtTQMY5jFx1v1J4Gg,1
UCZ51R_9Q9C0c8I3pAWhtmjQ,UCgvw7xIdGFupzpt1Y_BFkEA,1
UCZ51R_9Q9C0c8I3pAWhtmjQ,UCh5ESQvtzyHDhCA7XyekCFA,1
UCZ51R_9Q9C0c8I3pAWhtmjQ,UChZknRmJkeGeQk0-mQuhDOg,1
UCZ51R_9Q9C0c8I3pAWhtmjQ,UChep9kVb5gQmpodEEl10Xlg,1
UCZ51R_9Q9C0c8I3pAWhtmjQ,UChgkn5Jt5tWKYMoEOuCjz3Q,1
UCZ51R_9Q9C0c8I3pAWhtmjQ,UChs3tU2BcKOT0CezykvAsGw,1
UCZ51R_9Q9C0c8I3pAWhtmjQ,UCi1b_TRQfgO1Z9O2gNGGWNA,1
UCZ51R_9Q9C0c8I3pAWhtmjQ,UCiGRBf2RNF0WRKhRVT7zFoA,1
UCZ51R_9Q9C0c8I3pAWhtmjQ,UCiMythXHsw7eQEMykCdmMUA,1
UCZ51R_9Q9C0c8I3pAWhtmjQ,UCipetjeiWj4CZB6EbyYziZg,1
UCZ51R_9Q9C0c8I3pAWhtmjQ,UCj-LL25XJnjxepPKCc3NGog,1
UCZ51R_9Q9C0c8I3pAWhtmjQ,UCjSKM9j0Q7HLDr1hD6D-TUw,1
UCZ51R_9Q9C0c8I3pAWhtmjQ,UCjmPuazZJzscrwvk0QR9RVw,1
UCZ51R_9Q9C0c8I3pAWhtmjQ,UCkd9W714-947dEE6ZOEBATA,1
UCZ51R_9Q9C0c8I3pAWhtmjQ,UCl0ekS9Tt0jJGtOEM18S63w,1
UCZ51R_9Q9C0c8I3pAWhtmjQ,UCljDbleJul41G1TzOjOZAVA,1
UCZ51R_9Q9C0c8I3pAWhtmjQ,UCmjppp6ujz3SAnULvP3sZMw,1
UCZ51R_9Q9C0c8I3pAWhtmjQ,UCmvOgzmmXbjUthHy-WJ52hQ,1
UCZ51R_9Q9C0c8I3pAWhtmjQ,UCp4iw5_5SmV9VGTFSNVGOmQ,1
UCZ51R_9Q9C0c8I3pAWhtmjQ,UCpIdtvoFHVLGASGB5ySqIEA,1
UCZ51R_9Q9C0c8I3pAWhtmjQ,UCpl8rF8uv_8uui-QRvuJaRA,1
UCZ51R_9Q9C0c8I3pAWhtmjQ,UCplrIQtaPj6au60_f2-mOYw,1
UCZ51R_9Q9C0c8I3pAWhtmjQ,UCpsKOkt5iWTbenzeuq7dsmQ,1
UCZ51R_9Q9C0c8I3pAWhtmjQ,UCr1emrogPKkKTs_WTtx71xg,1
UCZ51R_9Q9C0c8I3pAWhtmjQ,UCrJn_rbo_ENAdeqneS-RmRw,1
UCZ51R_9Q9C0c8I3pAWhtmjQ,UCsJJAvrVGupdmhOqgtDp8dg,1
UCZ51R_9Q9C0c8I3pAWhtmjQ,UCsSXdJct-nsS8DsABoEsaYA,1
UCZ51R_9Q9C0c8I3pAWhtmjQ,UCsUCN0Yq_UyTvKjOJLmNrnQ,1
UCZ51R_9Q9C0c8I3pAWhtmjQ,UCsjs5Hp_r86x1xbK6FAeqaA,1
UCZ51R_9Q9C0c8I3pAWhtmjQ,UCtNfIBnc5S5DbbQj_yxgJTw,1
UCZ51R_9Q9C0c8I3pAWhtmjQ,UCtUR3_CAiE7fCoZHM6cMfyQ,1
UCZ51R_9Q9C0c8I3pAWhtmjQ,UCueV9cTyTDwgQSec1x2dYgA,1
UCZ51R_9Q9C0c8I3pAWhtmjQ,UCujPF2nBgsTD62nWE3lcpIg,1
UCZ51R_9Q9C0c8I3pAWhtmjQ,UCut6b9S98nv84cVX89PmKzA,1
UCZ51R_9Q9C0c8I3pAWhtmjQ,UCvApqeCbLod-wejtT4CcVuA,1
UCZ51R_9Q9C0c8I3pAWhtmjQ,UCwO2SXr0ggzwg6QWWrr01nQ,1
UCZ51R_9Q9C0c8I3pAWhtmjQ,UCwW2OFy95P7ZBkOPxWkpvYg,1
UCZ51R_9Q9C0c8I3pAWhtmjQ,UCwha8rxULYMVtNwZWeSkE1A,1
UCZ51R_9Q9C0c8I3pAWhtmjQ,UCxff05WuyvwELNITi7bj7UA,1
UCZ51R_9Q9C0c8I3pAWhtmjQ,UCySYJU5kUh7X8gVt9la2ISA,1
UCZ51R_9Q9C0c8I3pAWhtmjQ,UCylqlpsh8ENNM1LqgQ1KbxA,1
UCZ51R_9Q9C0c8I3pAWhtmjQ,UCz3gu01bmjNv0DpRq-K3XYg,1
UCZ51R_9Q9C0c8I3pAWhtmjQ,UCzSfZlOVxBSs5ObD25ywxDQ,1
UCZ51R_9Q9C0c8I3pAWhtmjQ,UCzoL2l5H5eVlorWGH8AZfAg,1
UCZLG9qH0tUjNhEGFIUt0CYw,UCcfdg8crmMJwEuLUsAhV7yg,1
UCZLG9qH0tUjNhEGFIUt0CYw,UCfM3nrxtTQMY5jFx1v1J4Gg,1
UCZLG9qH0tUjNhEGFIUt0CYw,UCgvw7xIdGFupzpt1Y_BFkEA,1
UCZLG9qH0tUjNhEGFIUt0CYw,UCh5ESQvtzyHDhCA7XyekCFA,1
UCZLG9qH0tUjNhEGFIUt0CYw,UChZknRmJkeGeQk0-mQuhDOg,1
UCZLG9qH0tUjNhEGFIUt0CYw,UChep9kVb5gQmpodEEl10Xlg,1
UCZLG9qH0tUjNhEGFIUt0CYw,UChgkn5Jt5tWKYMoEOuCjz3Q,1
UCZLG9qH0tUjNhEGFIUt0CYw,UChs3tU2BcKOT0CezykvAsGw,1
UCZLG9qH0tUjNhEGFIUt0CYw,UCi1b_TRQfgO1Z9O2gNGGWNA,1
UCZLG9qH0tUjNhEGFIUt0CYw,UCiGRBf2RNF0WRKhRVT7zFoA,1
UCZLG9qH0tUjNhEGFIUt0CYw,UCiMythXHsw7eQEMykCdmMUA,1
UCZLG9qH0tUjNhEGFIUt0CYw,UCipetjeiWj4CZB6EbyYziZg,1
UCZLG9qH0tUjNhEGFIUt0CYw,UCj-LL25XJnjxepPKCc3NGog,1
UCZLG9qH0tUjNhEGFIUt0CYw,UCjSKM9j0Q7HLDr1hD6D-TUw,1
UCZLG9qH0tUjNhEGFIUt0CYw,UCjmPuazZJzscrwvk0QR9RVw,1
UCZLG9qH0tUjNhEGFIUt0CYw,UCkd9W714-947dEE6ZOEBATA,1
UCZLG9qH0tUjNhEGFIUt0CYw,UCl0ekS9Tt0jJGtOEM18S63w,1
UCZLG9qH0tUjNhEGFIUt0CYw,UCljDbleJul41G1TzOjOZAVA,1
UCZLG9qH0tUjNhEGFIUt0CYw,UCmjppp6ujz3SAnULvP3sZMw,1
UCZLG9qH0tUjNhEGFIUt0CYw,UCmvOgzmmXbjUthHy-WJ52hQ,1
UCZLG9qH0tUjNhEGFIUt0CYw,UCp4iw5_5SmV9VGTFSNVGOmQ,1
UCZLG9qH0tUjNhEGFIUt0CYw,UCpIdtvoFHVLGASGB5ySqIEA,1
UCZLG9qH0tUjNhEGFIUt0CYw,UCpl8rF8uv_8uui-QRvuJaRA,1
UCZLG9qH0tUjNhEGFIUt0CYw,UCplrIQtaPj6au60_f2-mOYw,1
UCZLG9qH0tUjNhEGFIUt0CYw,UCpsKOkt5iWTbenzeuq7dsmQ,1
UCZLG9qH0tUjNhEGFIUt0CYw,UCr1emrogPKkKTs_WTtx71xg,1
UCZLG9qH0tUjNhEGFIUt0CYw,UCrJn_rbo_ENAdeqneS-RmRw,1
UCZLG9qH0tUjNhEGFIUt0CYw,UCsJJAvrVGupdmhOqgtDp8dg,1
UCZLG9qH0tUjNhEGFIUt0CYw,UCsSXdJct-nsS8DsABoEsaYA,1
UCZLG9qH0tUjNhEGFIUt0CYw,UCsUCN0Yq_UyTvKjOJLmNrnQ,1
UCZLG9qH0tUjNhEGFIUt0CYw,UCsjs5Hp_r86x1xbK6FAeqaA,1
UCZLG9qH0tUjNhEGFIUt0CYw,UCtNfIBnc5S5DbbQj_yxgJTw,1
UCZLG9qH0tUjNhEGFIUt0CYw,UCtUR3_CAiE7fCoZHM6cMfyQ,1
UCZLG9qH0tUjNhEGFIUt0CYw,UCueV9cTyTDwgQSec1x2dYgA,1
UCZLG9qH0tUjNhEGFIUt0CYw,UCujPF2nBgsTD62nWE3lcpIg,1
UCZLG9qH0tUjNhEGFIUt0CYw,UCut6b9S98nv84cVX89PmKzA,1
UCZLG9qH0tUjNhEGFIUt0CYw,UCvApqeCbLod-wejtT4CcVuA,1
UCZLG9qH0tUjNhEGFIUt0CYw,UCwO2SXr0ggzwg6QWWrr01nQ,1
UCZLG9qH0tUjNhEGFIUt0CYw,UCwW2OFy95P7ZBkOPxWkpvYg,1
UCZLG9qH0tUjNhEGFIUt0CYw,UCwha8rxULYMVtNwZWeSkE1A,1
UCZLG9qH0tUjNhEGFIUt0CYw,UCxff05WuyvwELNITi7bj7UA,1
UCZLG9qH0tUjNhEGFIUt0CYw,UCySYJU5kUh7X8gVt9la2ISA,1
UCZLG9qH0tUjNhEGFIUt0CYw,UCylqlpsh8ENNM1LqgQ1KbxA,1
UCZLG9qH0tUjNhEGFIUt0CYw,UCz3gu01bmjNv0DpRq-K3XYg,1
UCZLG9qH0tUjNhEGFIUt0CYw,UCzSfZlOVxBSs5ObD25ywxDQ,1
UCZLG9qH0tUjNhEGFIUt0CYw,UCzoL2l5H5eVlorWGH8AZfAg,1
UCcfdg8crmMJwEuLUsAhV7yg,UCfM3nrxtTQMY5jFx1v1J4Gg,1
UCcfdg8crmMJwEuLUsAhV7yg,UCgvw7xIdGFupzpt1Y_BFkEA,1
UCcfdg8crmMJwEuLUsAhV7yg,UCh5ESQvtzyHDhCA7XyekCFA,1
UCcfdg8crmMJwEuLUsAhV7yg,UChZknRmJkeGeQk0-mQuhDOg,1
UCcfdg8crmMJwEuLUsAhV7yg,UChep9kVb5gQmpodEEl10Xlg,1
UCcfdg8crmMJwEuLUsAhV7yg,UChgkn5Jt5tWKYMoEOuCjz3Q,1
UCcfdg8crmMJwEuLUsAhV7yg,UChs3tU2BcKOT0CezykvAsGw,1
UCcfdg8crmMJwEuLUsAhV7yg,UCi1b_TRQfgO1Z9O2gNGGWNA,1
UCcfdg8crmMJwEuLUsAhV7yg,UCiGRBf2RNF0WRKhRVT7zFoA,1
UCcfdg8crmMJwEuLUsAhV7yg,UCiMythXHsw7eQEMykCdmMUA,1
UCcfdg8crmMJwEuLUsAhV7yg,UCipetjeiWj4CZB6EbyYziZg,1
UCcfdg8crmMJwEuLUsAhV7yg,UCj-LL25XJnjxepPKCc3NGog,1
UCcfdg8crmMJwEuLUsAhV7yg,UCjSKM9j0Q7HLDr1hD6D-TUw,1
UCcfdg8crmMJwEuLUsAhV7yg,UCjmPuazZJzscrwvk0QR9RVw,1
UCcfdg8crmMJwEuLUsAhV7yg,UCkd9W714-947dEE6ZOEBATA,1
UCcfdg8crmMJwEuLUsAhV7yg,UCl0ekS9Tt0jJGtOEM18S63w,1
UCcfdg8crmMJwEuLUsAhV7yg,UCljDbleJul41G1TzOjOZAVA,1
UCcfdg8crmMJwEuLUsAhV7yg,UCmjppp6ujz3SAnULvP3sZMw,1
UCcfdg8crmMJwEuLUsAhV7yg,UCmvOgzmmXbjUthHy-WJ52hQ,1
UCcfdg8crmMJwEuLUsAhV7yg,UCp4iw5_5SmV9VGTFSNVGOmQ,1
UCcfdg8crmMJwEuLUsAhV7yg,UCpIdtvoFHVLGASGB5ySqIEA,1
UCcfdg8crmMJwEuLUsAhV7yg,UCpl8rF8uv_8uui-QRvuJaRA,1
UCcfdg8crmMJwEuLUsAhV7yg,UCplrIQtaPj6au60_f2-mOYw,1
UCcfdg8crmMJwEuLUsAhV7yg,UCpsKOkt5iWTbenzeuq7dsmQ,1
UCcfdg8crmMJwEuLUsAhV7yg,UCr1emrogPKkKTs_WTtx71xg,1
UCcfdg8crmMJwEuLUsAhV7yg,UCrJn_rbo_ENAdeqneS-RmRw,1
UCcfdg8crmMJwEuLUsAhV7yg,UCsJJAvrVGupdmhOqgtDp8dg,1
UCcfdg8crmMJwEuLUsAhV7yg,UCsSXdJct-nsS8DsABoEsaYA,1
UCcfdg8crmMJwEuLUsAhV7yg,UCsUCN0Yq_UyTvKjOJLmNrnQ,1
UCcfdg8crmMJwEuLUsAhV7yg,UCsjs5Hp_r86x1xbK6FAeqaA,1
UCcfdg8crmMJwEuLUsAhV7yg,UCtNfIBnc5S5DbbQj_yxgJTw,1
UCcfdg8crmMJwEuLUsAhV7yg,UCtUR3_CAiE7fCoZHM6cMfyQ,1
UCcfdg8crmMJwEuLUsAhV7yg,UCueV9cTyTDwgQSec1x2dYgA,1
UCcfdg8crmMJwEuLUsAhV7yg,UCujPF2nBgsTD62nWE3lcpIg,1
UCcfdg8crmMJwEuLUsAhV7yg,UCut6b9S98nv84cVX89PmKzA,1
UCcfdg8crmMJwEuLUsAhV7yg,UCvApqeCbLod-wejtT4CcVuA,1
UCcfdg8crmMJwEuLUsAhV7yg,UCwO2SXr0ggzwg6QWWrr01nQ,1
UCcfdg8crmMJwEuLUsAhV7yg,UCwW2OFy95P7ZBkOPxWkpvYg,1
UCcfdg8crmMJwEuLUsAhV7yg,UCwha8rxULYMVtNwZWeSkE1A,1
UCcfdg8crmMJwEuLUsAhV7yg,UCxff05WuyvwELNITi7bj7UA,1
UCcfdg8crmMJwEuLUsAhV7yg,UCySYJU5kUh7X8gVt9la2ISA,1
UCcfdg8crmMJwEuLUsAhV7yg,UCylqlpsh8ENNM1LqgQ1KbxA,1
UCcfdg8crmMJwEuLUsAhV7yg,UCz3gu01bmjNv0DpRq-K3XYg,1
UCcfdg8crmMJwEuLUsAhV7yg,UCzSfZlOVxBSs5ObD25ywxDQ,1
UCcfdg8crmMJwEuLUsAhV7yg,UCzoL2l5H5eVlorWGH8AZfAg,1
UCfM3nrxtTQMY5jFx1v1J4Gg,UCgvw7xIdGFupzpt1Y_BFkEA,1
UCfM3nrxtTQMY5jFx1v1J4Gg,UCh5ESQvtzyHDhCA7XyekCFA,1
UCfM3nrxtTQMY5jFx1v1J4Gg,UChZknRmJkeGeQk0-mQuhDOg,1
UCfM3nrxtTQMY5jFx1v1J4Gg,UChep9kVb5gQmpodEEl10Xlg,1
UCfM3nrxtTQMY5jFx1v1J4Gg,UChgkn5Jt5tWKYMoEOuCjz3Q,1
UCfM3nrxtTQMY5jFx1v1J4Gg,UChs3tU2BcKOT0CezykvAsGw,1
UCfM3nrxtTQMY5jFx1v1J4Gg,UCi1b_TRQfgO1Z9O2gNGGWNA,1
UCfM3nrxtTQMY5jFx1v1J4Gg,UCiGRBf2RNF0WRKhRVT7zFoA,1
UCfM3nrxtTQMY5jFx1v1J4Gg,UCiMythXHsw7eQEMykCdmMUA,1
UCfM3nrxtTQMY5jFx1v1J4Gg,UCipetjeiWj4CZB6EbyYziZg,1
UCfM3nrxtTQMY5jFx1v1J4Gg,UCj-LL25XJnjxepPKCc3NGog,1
UCfM3nrxtTQMY5jFx1v1J4Gg,UCjSKM9j0Q7HLDr1hD6D-TUw,1
UCfM3nrxtTQMY5jFx1v1J4Gg,UCjmPuazZJzscrwvk0QR9RVw,1
UCfM3nrxtTQMY5jFx1v1J4Gg,UCkd9W714-947dEE6ZOEBATA,1
UCfM3nrxtTQMY5jFx1v1J4Gg,UCl0ekS9Tt0jJGtOEM18S63w,1
UCfM3nrxtTQMY5jFx1v1J4Gg,UCljDbleJul41G1TzOjOZAVA,1
UCfM3nrxtTQMY5jFx1v1J4Gg,UCmjppp6ujz3SAnULvP3sZMw,1
UCfM3nrxtTQMY5jFx1v1J4Gg,UCmvOgzmmXbjUthHy-WJ52hQ,1
UCfM3nrxtTQMY5jFx1v1J4Gg,UCp4iw5_5SmV9VGTFSNVGOmQ,1
UCfM3nrxtTQMY5jFx1v1J4Gg,UCpIdtvoFHVLGASGB5ySqIEA,1
UCfM3nrxtTQMY5jFx1v1J4Gg,UCpl8rF8uv_8uui-QRvuJaRA,1
UCfM3nrxtTQMY5jFx1v1J4Gg,UCplrIQtaPj6au60_f2-mOYw,1
UCfM3nrxtTQMY5jFx1v1J4Gg,UCpsKOkt5iWTbenzeuq7dsmQ,1
UCfM3nrxtTQMY5jFx1v1J4Gg,UCr1emrogPKkKTs_WTtx71xg,1
UCfM3nrxtTQMY5jFx1v1J4Gg,UCrJn_rbo_ENAdeqneS-RmRw,1
UCfM3nrxtTQMY5jFx1v1J4Gg,UCsJJAvrVGupdmhOqgtDp8dg,1
UCfM3nrxtTQMY5jFx1v1J4Gg,UCsSXdJct-nsS8DsABoEsaYA,1
UCfM3nrxtTQMY5jFx1v1J4Gg,UCsUCN0Yq_UyTvKjOJLmNrnQ,1
UCfM3nrxtTQMY5jFx1v1J4Gg,UCsjs5Hp_r86x1xbK6FAeqaA,1
UCfM3nrxtTQMY5jFx1v1J4Gg,UCtNfIBnc5S5DbbQj_yxgJTw,1
UCfM3nrxtTQMY5jFx1v1J4Gg,UCtUR3_CAiE7fCoZHM6cMfyQ,1
UCfM3nrxtTQMY5jFx1v1J4Gg,UCueV9cTyTDwgQSec1x2dYgA,1
UCfM3nrxtTQMY5jFx1v1J4Gg,UCujPF2nBgsTD62nWE3lcpIg,1
UCfM3nrxtTQMY5jFx1v1J4Gg,UCut6b9S98nv84cVX89PmKzA,1
UCfM3nrxtTQMY5jFx1v1J4Gg,UCvApqeCbLod-wejtT4CcVuA,1
UCfM3nrxtTQMY5jFx1v1J4Gg,UCwO2SXr0ggzwg6QWWrr01nQ,1
UCfM3nrxtTQMY5jFx1v1J4Gg,UCwW2OFy95P7ZBkOPxWkpvYg,1
UCfM3nrxtTQMY5jFx1v1J4Gg,UCwha8rxULYMVtNwZWeSkE1A,1
UCfM3nrxtTQMY5jFx1v1J4Gg,UCxff05WuyvwELNITi7bj7UA,1
UCfM3nrxtTQMY5jFx1v1J4Gg,UCySYJU5kUh7X8gVt9la2ISA,1
UCfM3nrxtTQMY5jFx1v1J4Gg,UCylqlpsh8ENNM1LqgQ1KbxA,1
UCfM3nrxtTQMY5jFx1v1J4Gg,UCz3gu01bmjNv0DpRq-K3XYg,1
UCfM3nrxtTQMY5jFx1v1J4Gg,UCzSfZlOVxBSs5ObD25ywxDQ,1
UCfM3nrxtTQMY5jFx1v1J4Gg,UCzoL2l5H5eVlorWGH8AZfAg,1
UCgvw7xIdGFupzpt1Y_BFkEA,UCh5ESQvtzyHDhCA7XyekCFA,1
UCgvw7xIdGFupzpt1Y_BFkEA,UChZknRmJkeGeQk0-mQuhDOg,1
UCgvw7xIdGFupzpt1Y_BFkEA,UChep9kVb5gQmpodEEl10Xlg,1
UCgvw7xIdGFupzpt1Y_BFkEA,UChgkn5Jt5tWKYMoEOuCjz3Q,1
UCgvw7xIdGFupzpt1Y_BFkEA,UChs3tU2BcKOT0CezykvAsGw,1
UCgvw7xIdGFupzpt1Y_BFkEA,UCi1b_TRQfgO1Z9O2gNGGWNA,1
UCgvw7xIdGFupzpt1Y_BFkEA,UCiGRBf2RNF0WRKhRVT7zFoA,1
UCgvw7xIdGFupzpt1Y_BFkEA,UCiMythXHsw7eQEMykCdmMUA,1
UCgvw7xIdGFupzpt1Y_BFkEA,UCipetjeiWj4CZB6EbyYziZg,1
UCgvw7xIdGFupzpt1Y_BFkEA,UCj-LL25XJnjxepPKCc3NGog,1
UCgvw7xIdGFupzpt1Y_BFkEA,UCjSKM9j0Q7HLDr1hD6D-TUw,1
UCgvw7xIdGFupzpt1Y_BFkEA,UCjmPuazZJzscrwvk0QR9RVw,1
UCgvw7xIdGFupzpt1Y_BFkEA,UCkd9W714-947dEE6ZOEBATA,1
UCgvw7xIdGFupzpt1Y_BFkEA,UCl0ekS9Tt0jJGtOEM18S63w,1
UCgvw7xIdGFupzpt1Y_BFkEA,UCljDbleJul41G1TzOjOZAVA,1
UCgvw7xIdGFupzpt1Y_BFkEA,UCmjppp6ujz3SAnULvP3sZMw,1
UCgvw7xIdGFupzpt1Y_BFkEA,UCmvOgzmmXbjUthHy-WJ52hQ,1
UCgvw7xIdGFupzpt1Y_BFkEA,UCp4iw5_5SmV9VGTFSNVGOmQ,1
UCgvw7xIdGFupzpt1Y_BFkEA,UCpIdtvoFHVLGASGB5ySqIEA,1
UCgvw7xIdGFupzpt1Y_BFkEA,UCpl8rF8uv_8uui-QRvuJaRA,1
UCgvw7xIdGFupzpt1Y_BFkEA,UCplrIQtaPj6au60_f2-mOYw,1
UCgvw7xIdGFupzpt1Y_BFkEA,UCpsKOkt5iWTbenzeuq7dsmQ,1
UCgvw7xIdGFupzpt1Y_BFkEA,UCr1emrogPKkKTs_WTtx71xg,1
UCgvw7xIdGFupzpt1Y_BFkEA,UCrJn_rbo_ENAdeqneS-RmRw,1
UCgvw7xIdGFupzpt1Y_BFkEA,UCsJJAvrVGupdmhOqgtDp8dg,1
UCgvw7xIdGFupzpt1Y_BFkEA,UCsSXdJct-nsS8DsABoEsaYA,1
UCgvw7xIdGFupzpt1Y_BFkEA,UCsUCN0Yq_UyTvKjOJLmNrnQ,1
UCgvw7xIdGFupzpt1Y_BFkEA,UCsjs5Hp_r86x1xbK6FAeqaA,1
UCgvw7xIdGFupzpt1Y_BFkEA,UCtNfIBnc5S5DbbQj_yxgJTw,1
UCgvw7xIdGFupzpt1Y_BFkEA,UCtUR3_CAiE7fCoZHM6cMfyQ,1
UCgvw7xIdGFupzpt1Y_BFkEA,UCueV9cTyTDwgQSec1x2dYgA,1
UCgvw7xIdGFupzpt1Y_BFkEA,UCujPF2nBgsTD62nWE3lcpIg,1
UCgvw7xIdGFupzpt1Y_BFkEA,UCut6b9S98nv84cVX89PmKzA,1
UCgvw7xIdGFupzpt1Y_BFkEA,UCvApqeCbLod-wejtT4CcVuA,1
UCgvw7xIdGFupzpt1Y_BFkEA,UCwO2SXr0ggzwg6QWWrr01nQ,1
UCgvw7xIdGFupzpt1Y_BFkEA,UCwW2OFy95P7ZBkOPxWkpvYg,1
UCgvw7xIdGFupzpt1Y_BFkEA,UCwha8rxULYMVtNwZWeSkE1A,1
UCgvw7xIdGFupzpt1Y_BFkEA,UCxff05WuyvwELNITi7bj7UA,1
UCgvw7xIdGFupzpt1Y_BFkEA,UCySYJU5kUh7X8gVt9la2ISA,1
UCgvw7xIdGFupzpt1Y_BFkEA,UCylqlpsh8ENNM1LqgQ1KbxA,1
UCgvw7xIdGFupzpt1Y_BFkEA,UCz3gu01bmjNv0DpRq-K3XYg,1
UCgvw7xIdGFupzpt1Y_BFkEA,UCzSfZlOVxBSs5ObD25ywxDQ,1
UCgvw7xIdGFupzpt1Y_BFkEA,UCzoL2l5H5eVlorWGH8AZfAg,1
UCh5ESQvtzyHDhCA7XyekCFA,UChZknRmJkeGeQk0-mQuhDOg,1
UCh5ESQvtzyHDhCA7XyekCFA,UChep9kVb5gQmpodEEl10Xlg,1
UCh5ESQvtzyHDhCA7XyekCFA,UChgkn5Jt5tWKYMoEOuCjz3Q,1
UCh5ESQvtzyHDhCA7XyekCFA,UChs3tU2BcKOT0CezykvAsGw,1
UCh5ESQvtzyHDhCA7XyekCFA,UCi1b_TRQfgO1Z9O2gNGGWNA,1
UCh5ESQvtzyHDhCA7XyekCFA,UCiGRBf2RNF0WRKhRVT7zFoA,1
UCh5ESQvtzyHDhCA7XyekCFA,UCiMythXHsw7eQEMykCdmMUA,1
UCh5ESQvtzyHDhCA7XyekCFA,UCipetjeiWj4CZB6EbyYziZg,1
UCh5ESQvtzyHDhCA7XyekCFA,UCj-LL25XJnjxepPKCc3NGog,1
UCh5ESQvtzyHDhCA7XyekCFA,UCjSKM9j0Q7HLDr1hD6D-TUw,1
UCh5ESQvtzyHDhCA7XyekCFA,UCjmPuazZJzscrwvk0QR9RVw,1
UCh5ESQvtzyHDhCA7XyekCFA,UCkd9W714-947dEE6ZOEBATA,1
UCh5ESQvtzyHDhCA7XyekCFA,UCl0ekS9Tt0jJGtOEM18S63w,1
UCh5ESQvtzyHDhCA7XyekCFA,UCljDbleJul41G1TzOjOZAVA,1
UCh5ESQvtzyHDhCA7XyekCFA,UCmjppp6ujz3SAnULvP3sZMw,1
UCh5ESQvtzyHDhCA7XyekCFA,UCmvOgzmmXbjUthHy-WJ52hQ,1
UCh5ESQvtzyHDhCA7XyekCFA,UCp4iw5_5SmV9VGTFSNVGOmQ,1
UCh5ESQvtzyHDhCA7XyekCFA,UCpIdtvoFHVLGASGB5ySqIEA,1
UCh5ESQvtzyHDhCA7XyekCFA,UCpl8rF8uv_8uui-QRvuJaRA,1
UCh5ESQvtzyHDhCA7XyekCFA,UCplrIQtaPj6au60_f2-mOYw,1
UCh5ESQvtzyHDhCA7XyekCFA,UCpsKOkt5iWTbenzeuq7dsmQ,1
UCh5ESQvtzyHDhCA7XyekCFA,UCr1emrogPKkKTs_WTtx71xg,1
UCh5ESQvtzyHDhCA7XyekCFA,UCrJn_rbo_ENAdeqneS-RmRw,1
UCh5ESQvtzyHDhCA7XyekCFA,UCsJJAvrVGupdmhOqgtDp8dg,1
UCh5ESQvtzyHDhCA7XyekCFA,UCsSXdJct-nsS8DsABoEsaYA,1
UCh5ESQvtzyHDhCA7XyekCFA,UCsUCN0Yq_UyTvKjOJLmNrnQ,1
UCh5ESQvtzyHDhCA7XyekCFA,UCsjs5Hp_r86x1xbK6FAeqaA,1
UCh5ESQvtzyHDhCA7XyekCFA,UCtNfIBnc5S5DbbQj_yxgJTw,1
UCh5ESQvtzyHDhCA7XyekCFA,UCtUR3_CAiE7fCoZHM6cMfyQ,1
UCh5ESQvtzyHDhCA7XyekCFA,UCueV9cTyTDwgQSec1x2dYgA,1
UCh5ESQvtzyHDhCA7XyekCFA,UCujPF2nBgsTD62nWE3lcpIg,1
UCh5ESQvtzyHDhCA7XyekCFA,UCut6b9S98nv84cVX89PmKzA,1
UCh5ESQvtzyHDhCA7XyekCFA,UCvApqeCbLod-wejtT4CcVuA,1
UCh5ESQvtzyHDhCA7XyekCFA,UCwO2SXr0ggzwg6QWWrr01nQ,1
UCh5ESQvtzyHDhCA7XyekCFA,UCwW2OFy95P7ZBkOPxWkpvYg,1
UCh5ESQvtzyHDhCA7XyekCFA,UCwha8rxULYMVtNwZWeSkE1A,1
UCh5ESQvtzyHDhCA7XyekCFA,UCxff05WuyvwELNITi7bj7UA,1
UCh5ESQvtzyHDhCA7XyekCFA,UCySYJU5kUh7X8gVt9la2ISA,1
UCh5ESQvtzyHDhCA7XyekCFA,UCylqlpsh8ENNM1LqgQ1KbxA,1
UCh5ESQvtzyHDhCA7XyekCFA,UCz3gu01bmjNv0DpRq-K3XYg,1
UCh5ESQvtzyHDhCA7XyekCFA,UCzSfZlOVxBSs5ObD25ywxDQ,1
UCh5ESQvtzyHDhCA7XyekCFA,UCzoL2l5H5eVlorWGH8AZfAg,1
UChZknRmJkeGeQk0-mQuhDOg,UChep9kVb5gQmpodEEl10Xlg,1
UChZknRmJkeGeQk0-mQuhDOg,UChgkn5Jt5tWKYMoEOuCjz3Q,1
UChZknRmJkeGeQk0-mQuhDOg,UChs3tU2BcKOT0CezykvAsGw,1
UChZknRmJkeGeQk0-mQuhDOg,UCi1b_TRQfgO1Z9O2gNGGWNA,1
UChZknRmJkeGeQk0-mQuhDOg,UCiGRBf2RNF0WRKhRVT7zFoA,1
UChZknRmJkeGeQk0-mQuhDOg,UCiMythXHsw7eQEMykCdmMUA,1
UChZknRmJkeGeQk0-mQuhDOg,UCipetjeiWj4CZB6EbyYziZg,1
UChZknRmJkeGeQk0-mQuhDOg,UCj-LL25XJnjxepPKCc3NGog,1
UChZknRmJkeGeQk0-mQuhDOg,UCjSKM9j0Q7HLDr1hD6D-TUw,1
UChZknRmJkeGeQk0-mQuhDOg,UCjmPuazZJzscrwvk0QR9RVw,1
UChZknRmJkeGeQk0-mQuhDOg,UCkd9W714-947dEE6ZOEBATA,1
UChZknRmJkeGeQk0-mQuhDOg,UCl0ekS9Tt0jJGtOEM18S63w,1
UChZknRmJkeGeQk0-mQuhDOg,UCljDbleJul41G1TzOjOZAVA,1
UChZknRmJkeGeQk0-mQuhDOg,UCmjppp6ujz3SAnULvP3sZMw,1
UChZknRmJkeGeQk0-mQuhDOg,UCmvOgzmmXbjUthHy-WJ52hQ,1
UChZknRmJkeGeQk0-mQuhDOg,UCp4iw5_5SmV9VGTFSNVGOmQ,1
UChZknRmJkeGeQk0-mQuhDOg,UCpIdtvoFHVLGASGB5ySqIEA,1
UChZknRmJkeGeQk0-mQuhDOg,UCpl8rF8uv_8uui-QRvuJaRA,1
UChZknRmJkeGeQk0-mQuhDOg,UCplrIQtaPj6au60_f2-mOYw,1
UChZknRmJkeGeQk0-mQuhDOg,UCpsKOkt5iWTbenzeuq7dsmQ,1
UChZknRmJkeGeQk0-mQuhDOg,UCr1emrogPKkKTs_WTtx71xg,1
UChZknRmJkeGeQk0-mQuhDOg,UCrJn_rbo_ENAdeqneS-RmRw,1
UChZknRmJkeGeQk0-mQuhDOg,UCsJJAvrVGupdmhOqgtDp8dg,1
UChZknRmJkeGeQk0-mQuhDOg,UCsSXdJct-nsS8DsABoEsaYA,1
UChZknRmJkeGeQk0-mQuhDOg,UCsUCN0Yq_UyTvKjOJLmNrnQ,1
UChZknRmJkeGeQk0-mQuhDOg,UCsjs5Hp_r86x1xbK6FAeqaA,1
UChZknRmJkeGeQk0-mQuhDOg,UCtNfIBnc5S5DbbQj_yxgJTw,1
UChZknRmJkeGeQk0-mQuhDOg,UCtUR3_CAiE7fCoZHM6cMfyQ,1
UChZknRmJkeGeQk0-mQuhDOg,UCueV9cTyTDwgQSec1x2dYgA,1
UChZknRmJkeGeQk0-mQuhDOg,UCujPF2nBgsTD62nWE3lcpIg,1
UChZknRmJkeGeQk0-mQuhDOg,UCut6b9S98nv84cVX89PmKzA,1
UChZknRmJkeGeQk0-mQuhDOg,UCvApqeCbLod-wejtT4CcVuA,1
UChZknRmJkeGeQk0-mQuhDOg,UCwO2SXr0ggzwg6QWWrr01nQ,1
UChZknRmJkeGeQk0-mQuhDOg,UCwW2OFy95P7ZBkOPxWkpvYg,1
UChZknRmJkeGeQk0-mQuhDOg,UCwha8rxULYMVtNwZWeSkE1A,1
UChZknRmJkeGeQk0-mQuhDOg,UCxff05WuyvwELNITi7bj7UA,1
UChZknRmJkeGeQk0-mQuhDOg,UCySYJU5kUh7X8gVt9la2ISA,1
UChZknRmJkeGeQk0-mQuhDOg,UCylqlpsh8ENNM1LqgQ1KbxA,1
UChZknRmJkeGeQk0-mQuhDOg,UCz3gu01bmjNv0DpRq-K3XYg,1
UChZknRmJkeGeQk0-mQuhDOg,UCzSfZlOVxBSs5ObD25ywxDQ,1
UChZknRmJkeGeQk0-mQuhDOg,UCzoL2l5H5eVlorWGH8AZfAg,1
UChep9kVb5gQmpodEEl10Xlg,UChgkn5Jt5tWKYMoEOuCjz3Q,1
UChep9kVb5gQmpodEEl10Xlg,UChs3tU2BcKOT0CezykvAsGw,1
UChep9kVb5gQmpodEEl10Xlg,UCi1b_TRQfgO1Z9O2gNGGWNA,1
UChep9kVb5gQmpodEEl10Xlg,UCiGRBf2RNF0WRKhRVT7zFoA,1
UChep9kVb5gQmpodEEl10Xlg,UCiMythXHsw7eQEMykCdmMUA,1
UChep9kVb5gQmpodEEl10Xlg,UCipetjeiWj4CZB6EbyYziZg,1
UChep9kVb5gQmpodEEl10Xlg,UCj-LL25XJnjxepPKCc3NGog,1
UChep9kVb5gQmpodEEl10Xlg,UCjSKM9j0Q7HLDr1hD6D-TUw,1
UChep9kVb5gQmpodEEl10Xlg,UCjmPuazZJzscrwvk0QR9RVw,1
UChep9kVb5gQmpodEEl10Xlg,UCkd9W714-947dEE6ZOEBATA,1
UChep9kVb5gQmpodEEl10Xlg,UCl0ekS9Tt0jJGtOEM18S63w,1
UChep9kVb5gQmpodEEl10Xlg,UCljDbleJul41G1TzOjOZAVA,1
UChep9kVb5gQmpodEEl10Xlg,UCmjppp6ujz3SAnULvP3sZMw,1
UChep9kVb5gQmpodEEl10Xlg,UCmvOgzmmXbjUthHy-WJ52hQ,1
UChep9kVb5gQmpodEEl10Xlg,UCp4iw5_5SmV9VGTFSNVGOmQ,1
UChep9kVb5gQmpodEEl10Xlg,UCpIdtvoFHVLGASGB5ySqIEA,1
UChep9kVb5gQmpodEEl10Xlg,UCpl8rF8uv_8uui-QRvuJaRA,1
UChep9kVb5gQmpodEEl10Xlg,UCplrIQtaPj6au60_f2-mOYw,1
UChep9kVb5gQmpodEEl10Xlg,UCpsKOkt5iWTbenzeuq7dsmQ,1
UChep9kVb5gQmpodEEl10Xlg,UCr1emrogPKkKTs_WTtx71xg,1
UChep9kVb5gQmpodEEl10Xlg,UCrJn_rbo_ENAdeqneS-RmRw,1
UChep9kVb5gQmpodEEl10Xlg,UCsJJAvrVGupdmhOqgtDp8dg,1
UChep9kVb5gQmpodEEl10Xlg,UCsSXdJct-nsS8DsABoEsaYA,1
UChep9kVb5gQmpodEEl10Xlg,UCsUCN0Yq_UyTvKjOJLmNrnQ,1
UChep9kVb5gQmpodEEl10Xlg,UCsjs5Hp_r86x1xbK6FAeqaA,1
UChep9kVb5gQmpodEEl10Xlg,UCtNfIBnc5S5DbbQj_yxgJTw,1
UChep9kVb5gQmpodEEl10Xlg,UCtUR3_CAiE7fCoZHM6cMfyQ,1
UChep9kVb5gQmpodEEl10Xlg,UCueV9cTyTDwgQSec1x2dYgA,1
UChep9kVb5gQmpodEEl10Xlg,UCujPF2nBgsTD62nWE3lcpIg,1
UChep9kVb5gQmpodEEl10Xlg,UCut6b9S98nv84cVX89PmKzA,1
UChep9kVb5gQmpodEEl10Xlg,UCvApqeCbLod-wejtT4CcVuA,1
UChep9kVb5gQmpodEEl10Xlg,UCwO2SXr0ggzwg6QWWrr01nQ,1
UChep9kVb5gQmpodEEl10Xlg,UCwW2OFy95P7ZBkOPxWkpvYg,1
UChep9kVb5gQmpodEEl10Xlg,UCwha8rxULYMVtNwZWeSkE1A,1
UChep9kVb5gQmpodEEl10Xlg,UCxff05WuyvwELNITi7bj7UA,1
UChep9kVb5gQmpodEEl10Xlg,UCySYJU5kUh7X8gVt9la2ISA,1
UChep9kVb5gQmpodEEl10Xlg,UCylqlpsh8ENNM1LqgQ1KbxA,1
UChep9kVb5gQmpodEEl10Xlg,UCz3gu01bmjNv0DpRq-K3XYg,1
UChep9kVb5gQmpodEEl10Xlg,UCzSfZlOVxBSs5ObD25ywxDQ,1
UChep9kVb5gQmpodEEl10Xlg,UCzoL2l5H5eVlorWGH8AZfAg,1
UChgkn5Jt5tWKYMoEOuCjz3Q,UChs3tU2BcKOT0CezykvAsGw,1
UChgkn5Jt5tWKYMoEOuCjz3Q,UCi1b_TRQfgO1Z9O2gNGGWNA,1
UChgkn5Jt5tWKYMoEOuCjz3Q,UCiGRBf2RNF0WRKhRVT7zFoA,1
UChgkn5Jt5tWKYMoEOuCjz3Q,UCiMythXHsw7eQEMykCdmMUA,1
UChgkn5Jt5tWKYMoEOuCjz3Q,UCipetjeiWj4CZB6EbyYziZg,1
UChgkn5Jt5tWKYMoEOuCjz3Q,UCj-LL25XJnjxepPKCc3NGog,1
UChgkn5Jt5tWKYMoEOuCjz3Q,UCjSKM9j0Q7HLDr1hD6D-TUw,1
UChgkn5Jt5tWKYMoEOuCjz3Q,UCjmPuazZJzscrwvk0QR9RVw,1
UChgkn5Jt5tWKYMoEOuCjz3Q,UCkd9W714-947dEE6ZOEBATA,1
UChgkn5Jt5tWKYMoEOuCjz3Q,UCl0ekS9Tt0jJGtOEM18S63w,1
UChgkn5Jt5tWKYMoEOuCjz3Q,UCljDbleJul41G1TzOjOZAVA,1
UChgkn5Jt5tWKYMoEOuCjz3Q,UCmjppp6ujz3SAnULvP3sZMw,1
UChgkn5Jt5tWKYMoEOuCjz3Q,UCmvOgzmmXbjUthHy-WJ52hQ,1
UChgkn5Jt5tWKYMoEOuCjz3Q,UCp4iw5_5SmV9VGTFSNVGOmQ,1
UChgkn5Jt5tWKYMoEOuCjz3Q,UCpIdtvoFHVLGASGB5ySqIEA,1
UChgkn5Jt5tWKYMoEOuCjz3Q,UCpl8rF8uv_8uui-QRvuJaRA,1
UChgkn5Jt5tWKYMoEOuCjz3Q,UCplrIQtaPj6au60_f2-mOYw,1
UChgkn5Jt5tWKYMoEOuCjz3Q,UCpsKOkt5iWTbenzeuq7dsmQ,1
UChgkn5Jt5tWKYMoEOuCjz3Q,UCr1emrogPKkKTs_WTtx71xg,1
UChgkn5Jt5tWKYMoEOuCjz3Q,UCrJn_rbo_ENAdeqneS-RmRw,1
UChgkn5Jt5tWKYMoEOuCjz3Q,UCsJJAvrVGupdmhOqgtDp8dg,1
UChgkn5Jt5tWKYMoEOuCjz3Q,UCsSXdJct-nsS8DsABoEsaYA,1
UChgkn5Jt5tWKYMoEOuCjz3Q,UCsUCN0Yq_UyTvKjOJLmNrnQ,1
UChgkn5Jt5tWKYMoEOuCjz3Q,UCsjs5Hp_r86x1xbK6FAeqaA,1
UChgkn5Jt5tWKYMoEOuCjz3Q,UCtNfIBnc5S5DbbQj_yxgJTw,1
UChgkn5Jt5tWKYMoEOuCjz3Q,UCtUR3_CAiE7fCoZHM6cMfyQ,1
UChgkn5Jt5tWKYMoEOuCjz3Q,UCueV9cTyTDwgQSec1x2dYgA,1
UChgkn5Jt5tWKYMoEOuCjz3Q,UCujPF2nBgsTD62nWE3lcpIg,1
UChgkn5Jt5tWKYMoEOuCjz3Q,UCut6b9S98nv84cVX89PmKzA,1
UChgkn5Jt5tWKYMoEOuCjz3Q,UCvApqeCbLod-wejtT4CcVuA,1
UChgkn5Jt5tWKYMoEOuCjz3Q,UCwO2SXr0ggzwg6QWWrr01nQ,1
UChgkn5Jt5tWKYMoEOuCjz3Q,UCwW2OFy95P7ZBkOPxWkpvYg,1
UChgkn5Jt5tWKYMoEOuCjz3Q,UCwha8rxULYMVtNwZWeSkE1A,1
UChgkn5Jt5tWKYMoEOuCjz3Q,UCxff05WuyvwELNITi7bj7UA,1
UChgkn5Jt5tWKYMoEOuCjz3Q,UCySYJU5kUh7X8gVt9la2ISA,1
UChgkn5Jt5tWKYMoEOuCjz3Q,UCylqlpsh8ENNM1LqgQ1KbxA,1
UChgkn5Jt5tWKYMoEOuCjz3Q,UCz3gu01bmjNv0DpRq-K3XYg,1
UChgkn5Jt5tWKYMoEOuCjz3Q,UCzSfZlOVxBSs5ObD25ywxDQ,1
UChgkn5Jt5tWKYMoEOuCjz3Q,UCzoL2l5H5eVlorWGH8AZfAg,1
UChs3tU2BcKOT0CezykvAsGw,UCi1b_TRQfgO1Z9O2gNGGWNA,1
UChs3tU2BcKOT0CezykvAsGw,UCiGRBf2RNF0WRKhRVT7zFoA,1
UChs3tU2BcKOT0CezykvAsGw,UCiMythXHsw7eQEMykCdmMUA,1
UChs3tU2BcKOT0CezykvAsGw,UCipetjeiWj4CZB6EbyYziZg,1
UChs3tU2BcKOT0CezykvAsGw,UCj-LL25XJnjxepPKCc3NGog,1
UChs3tU2BcKOT0CezykvAsGw,UCjSKM9j0Q7HLDr1hD6D-TUw,1
UChs3tU2BcKOT0CezykvAsGw,UCjmPuazZJzscrwvk0QR9RVw,1
UChs3tU2BcKOT0CezykvAsGw,UCkd9W714-947dEE6ZOEBATA,1
UChs3tU2BcKOT0CezykvAsGw,UCl0ekS9Tt0jJGtOEM18S63w,1
UChs3tU2BcKOT0CezykvAsGw,UCljDbleJul41G1TzOjOZAVA,1
UChs3tU2BcKOT0CezykvAsGw,UCmjppp6ujz3SAnULvP3sZMw,1
UChs3tU2BcKOT0CezykvAsGw,UCmvOgzmmXbjUthHy-WJ52hQ,1
UChs3tU2BcKOT0CezykvAsGw,UCp4iw5_5SmV9VGTFSNVGOmQ,1
UChs3tU2BcKOT0CezykvAsGw,UCpIdtvoFHVLGASGB5ySqIEA,1
UChs3tU2BcKOT0CezykvAsGw,UCpl8rF8uv_8uui-QRvuJaRA,1
UChs3tU2BcKOT0CezykvAsGw,UCplrIQtaPj6au60_f2-mOYw,1
UChs3tU2BcKOT0CezykvAsGw,UCpsKOkt5iWTbenzeuq7dsmQ,1
UChs3tU2BcKOT0CezykvAsGw,UCr1emrogPKkKTs_WTtx71xg,1
UChs3tU2BcKOT0CezykvAsGw,UCrJn_rbo_ENAdeqneS-RmRw,1
UChs3tU2BcKOT0CezykvAsGw,UCsJJAvrVGupdmhOqgtDp8dg,1
UChs3tU2BcKOT0CezykvAsGw,UCsSXdJct-nsS8DsABoEsaYA,1
UChs3tU2BcKOT0CezykvAsGw,UCsUCN0Yq_UyTvKjOJLmNrnQ,1
UChs3tU2BcKOT0CezykvAsGw,UCsjs5Hp_r86x1xbK6FAeqaA,1
UChs3tU2BcKOT0CezykvAsGw,UCtNfIBnc5S5DbbQj_yxgJTw,1
UChs3tU2BcKOT0CezykvAsGw,UCtUR3_CAiE7fCoZHM6cMfyQ,1
UChs3tU2BcKOT0CezykvAsGw,UCueV9cTyTDwgQSec1x2dYgA,1
UChs3tU2BcKOT0CezykvAsGw,UCujPF2nBgsTD62nWE3lcpIg,1
UChs3tU2BcKOT0CezykvAsGw,UCut6b9S98nv84cVX89PmKzA,1
UChs3tU2BcKOT0CezykvAsGw,UCvApqeCbLod-wejtT4CcVuA,1
UChs3tU2BcKOT0CezykvAsGw,UCwO2SXr0ggzwg6QWWrr01nQ,1
UChs3tU2BcKOT0CezykvAsGw,UCwW2OFy95P7ZBkOPxWkpvYg,1
UChs3tU2BcKOT0CezykvAsGw,UCwha8rxULYMVtNwZWeSkE1A,1
UChs3tU2BcKOT0CezykvAsGw,UCxff05WuyvwELNITi7bj7UA,1
UChs3tU2BcKOT0CezykvAsGw,UCySYJU5kUh7X8gVt9la2ISA,1
UChs3tU2BcKOT0CezykvAsGw,UCylqlpsh8ENNM1LqgQ1KbxA,1
UChs3tU2BcKOT0CezykvAsGw,UCz3gu01bmjNv0DpRq-K3XYg,1
UChs3tU2BcKOT0CezykvAsGw,UCzSfZlOVxBSs5ObD25ywxDQ,1
UChs3tU2BcKOT0CezykvAsGw,UCzoL2l5H5eVlorWGH8AZfAg,1
UCi1b_TRQfgO1Z9O2gNGGWNA,UCiGRBf2RNF0WRKhRVT7zFoA,1
UCi1b_TRQfgO1Z9O2gNGGWNA,UCiMythXHsw7eQEMykCdmMUA,1
UCi1b_TRQfgO1Z9O2gNGGWNA,UCipetjeiWj4CZB6EbyYziZg,1
UCi1b_TRQfgO1Z9O2gNGGWNA,UCj-LL25XJnjxepPKCc3NGog,1
UCi1b_TRQfgO1Z9O2gNGGWNA,UCjSKM9j0Q7HLDr1hD6D-TUw,1
UCi1b_TRQfgO1Z9O2gNGGWNA,UCjmPuazZJzscrwvk0QR9RVw,1
UCi1b_TRQfgO1Z9O2gNGGWNA,UCkd9W714-947dEE6ZOEBATA,1
UCi1b_TRQfgO1Z9O2gNGGWNA,UCl0ekS9Tt0jJGtOEM18S63w,1
UCi1b_TRQfgO1Z9O2gNGGWNA,UCljDbleJul41G1TzOjOZAVA,1
UCi1b_TRQfgO1Z9O2gNGGWNA,UCmjppp6ujz3SAnULvP3sZMw,1
UCi1b_TRQfgO1Z9O2gNGGWNA,UCmvOgzmmXbjUthHy-WJ52hQ,1
UCi1b_TRQfgO1Z9O2gNGGWNA,UCp4iw5_5SmV9VGTFSNVGOmQ,1
UCi1b_TRQfgO1Z9O2gNGGWNA,UCpIdtvoFHVLGASGB5ySqIEA,1
UCi1b_TRQfgO1Z9O2gNGGWNA,UCpl8rF8uv_8uui-QRvuJaRA,1
UCi1b_TRQfgO1Z9O2gNGGWNA,UCplrIQtaPj6au60_f2-mOYw,1
UCi1b_TRQfgO1Z9O2gNGGWNA,UCpsKOkt5iWTbenzeuq7dsmQ,1
UCi1b_TRQfgO1Z9O2gNGGWNA,UCr1emrogPKkKTs_WTtx71xg,1
UCi1b_TRQfgO1Z9O2gNGGWNA,UCrJn_rbo_ENAdeqneS-RmRw,1
UCi1b_TRQfgO1Z9O2gNGGWNA,UCsJJAvrVGupdmhOqgtDp8dg,1
UCi1b_TRQfgO1Z9O2gNGGWNA,UCsSXdJct-nsS8DsABoEsaYA,1
UCi1b_TRQfgO1Z9O2gNGGWNA,UCsUCN0Yq_UyTvKjOJLmNrnQ,1
UCi1b_TRQfgO1Z9O2gNGGWNA,UCsjs5Hp_r86x1xbK6FAeqaA,1
UCi1b_TRQfgO1Z9O2gNGGWNA,UCtNfIBnc5S5DbbQj_yxgJTw,1
UCi1b_TRQfgO1Z9O2gNGGWNA,UCtUR3_CAiE7fCoZHM6cMfyQ,1
UCi1b_TRQfgO1Z9O2gNGGWNA,UCueV9cTyTDwgQSec1x2dYgA,1
UCi1b_TRQfgO1Z9O2gNGGWNA,UCujPF2nBgsTD62nWE3lcpIg,1
UCi1b_TRQfgO1Z9O2gNGGWNA,UCut6b9S98nv84cVX89PmKzA,1
UCi1b_TRQfgO1Z9O2gNGGWNA,UCvApqeCbLod-wejtT4CcVuA,1
UCi1b_TRQfgO1Z9O2gNGGWNA,UCwO2SXr0ggzwg6QWWrr01nQ,1
UCi1b_TRQfgO1Z9O2gNGGWNA,UCwW2OFy95P7ZBkOPxWkpvYg,1
UCi1b_TRQfgO1Z9O2gNGGWNA,UCwha8rxULYMVtNwZWeSkE1A,1
UCi1b_TRQfgO1Z9O2gNGGWNA,UCxff05WuyvwELNITi7bj7UA,1
UCi1b_TRQfgO1Z9O2gNGGWNA,UCySYJU5kUh7X8gVt9la2ISA,1
UCi1b_TRQfgO1Z9O2gNGGWNA,UCylqlpsh8ENNM1LqgQ1KbxA,1
UCi1b_TRQfgO1Z9O2gNGGWNA,UCz3gu01bmjNv0DpRq-K3XYg,1
UCi1b_TRQfgO1Z9O2gNGGWNA,UCzSfZlOVxBSs5ObD25ywxDQ,1
UCi1b_TRQfgO1Z9O2gNGGWNA,UCzoL2l5H5eVlorWGH8AZfAg,1
UCiGRBf2RNF0WRKhRVT7zFoA,UCiMythXHsw7eQEMykCdmMUA,1
UCiGRBf2RNF0WRKhRVT7zFoA,UCipetjeiWj4CZB6EbyYziZg,1
UCiGRBf2RNF0WRKhRVT7zFoA,UCj-LL25XJnjxepPKCc3NGog,1
UCiGRBf2RNF0WRKhRVT7zFoA,UCjSKM9j0Q7HLDr1hD6D-TUw,1
UCiGRBf2RNF0WRKhRVT7zFoA,UCjmPuazZJzscrwvk0QR9RVw,1
UCiGRBf2RNF0WRKhRVT7zFoA,UCkd9W714-947dEE6ZOEBATA,1
UCiGRBf2RNF0WRKhRVT7zFoA,UCl0ekS9Tt0jJGtOEM18S63w,1
UCiGRBf2RNF0WRKhRVT7zFoA,UCljDbleJul41G1TzOjOZAVA,1
UCiGRBf2RNF0WRKhRVT7zFoA,UCmjppp6ujz3SAnULvP3sZMw,1
UCiGRBf2RNF0WRKhRVT7zFoA,UCmvOgzmmXbjUthHy-WJ52hQ,1
UCiGRBf2RNF0WRKhRVT7zFoA,UCp4iw5_5SmV9VGTFSNVGOmQ,1
UCiGRBf2RNF0WRKhRVT7zFoA,UCpIdtvoFHVLGASGB5ySqIEA,1
UCiGRBf2RNF0WRKhRVT7zFoA,UCpl8rF8uv_8uui-QRvuJaRA,1
UCiGRBf2RNF0WRKhRVT7zFoA,UCplrIQtaPj6au60_f2-mOYw,1
UCiGRBf2RNF0WRKhRVT7zFoA,UCpsKOkt5iWTbenzeuq7dsmQ,1
UCiGRBf2RNF0WRKhRVT7zFoA,UCr1emrogPKkKTs_WTtx71xg,1
UCiGRBf2RNF0WRKhRVT7zFoA,UCrJn_rbo_ENAdeqneS-RmRw,1
UCiGRBf2RNF0WRKhRVT7zFoA,UCsJJAvrVGupdmhOqgtDp8dg,1
UCiGRBf2RNF0WRKhRVT7zFoA,UCsSXdJct-nsS8DsABoEsaYA,1
UCiGRBf2RNF0WRKhRVT7zFoA,UCsUCN0Yq_UyTvKjOJLmNrnQ,1
UCiGRBf2RNF0WRKhRVT7zFoA,UCsjs5Hp_r86x1xbK6FAeqaA,1
UCiGRBf2RNF0WRKhRVT7zFoA,UCtNfIBnc5S5DbbQj_yxgJTw,1
UCiGRBf2RNF0WRKhRVT7zFoA,UCtUR3_CAiE7fCoZHM6cMfyQ,1
UCiGRBf2RNF0WRKhRVT7zFoA,UCueV9cTyTDwgQSec1x2dYgA,1
UCiGRBf2RNF0WRKhRVT7zFoA,UCujPF2nBgsTD62nWE3lcpIg,1
UCiGRBf2RNF0WRKhRVT7zFoA,UCut6b9S98nv84cVX89PmKzA,1
UCiGRBf2RNF0WRKhRVT7zFoA,UCvApqeCbLod-wejtT4CcVuA,1
UCiGRBf2RNF0WRKhRVT7zFoA,UCwO2SXr0ggzwg6QWWrr01nQ,1
UCiGRBf2RNF0WRKhRVT7zFoA,UCwW2OFy95P7ZBkOPxWkpvYg,1
UCiGRBf2RNF0WRKhRVT7zFoA,UCwha8rxULYMVtNwZWeSkE1A,1
UCiGRBf2RNF0WRKhRVT7zFoA,UCxff05WuyvwELNITi7bj7UA,1
UCiGRBf2RNF0WRKhRVT7zFoA,UCySYJU5kUh7X8gVt9la2ISA,1
UCiGRBf2RNF0WRKhRVT7zFoA,UCylqlpsh8ENNM1LqgQ1KbxA,1
UCiGRBf2RNF0WRKhRVT7zFoA,UCz3gu01bmjNv0DpRq-K3XYg,1
UCiGRBf2RNF0WRKhRVT7zFoA,UCzSfZlOVxBSs5ObD25ywxDQ,1
UCiGRBf2RNF0WRKhRVT7zFoA,UCzoL2l5H5eVlorWGH8AZfAg,1
UCiMythXHsw7eQEMykCdmMUA,UCipetjeiWj4CZB6EbyYziZg,1
UCiMythXHsw7eQEMykCdmMUA,UCj-LL25XJnjxepPKCc3NGog,1
UCiMythXHsw7eQEMykCdmMUA,UCjSKM9j0Q7HLDr1hD6D-TUw,1
UCiMythXHsw7eQEMykCdmMUA,UCjmPuazZJzscrwvk0QR9RVw,1
UCiMythXHsw7eQEMykCdmMUA,UCkd9W714-947dEE6ZOEBATA,1
UCiMythXHsw7eQEMykCdmMUA,UCl0ekS9Tt0jJGtOEM18S63w,1
UCiMythXHsw7eQEMykCdmMUA,UCljDbleJul41G1TzOjOZAVA,1
UCiMythXHsw7eQEMykCdmMUA,UCmjppp6ujz3SAnULvP3sZMw,1
UCiMythXHsw7eQEMykCdmMUA,UCmvOgzmmXbjUthHy-WJ52hQ,1
UCiMythXHsw7eQEMykCdmMUA,UCp4iw5_5SmV9VGTFSNVGOmQ,1
UCiMythXHsw7eQEMykCdmMUA,UCpIdtvoFHVLGASGB5ySqIEA,1
UCiMythXHsw7eQEMykCdmMUA,UCpl8rF8uv_8uui-QRvuJaRA,1
UCiMythXHsw7eQEMykCdmMUA,UCplrIQtaPj6au60_f2-mOYw,1
UCiMythXHsw7eQEMykCdmMUA,UCpsKOkt5iWTbenzeuq7dsmQ,1
UCiMythXHsw7eQEMykCdmMUA,UCr1emrogPKkKTs_WTtx71xg,1
UCiMythXHsw7eQEMykCdmMUA,UCrJn_rbo_ENAdeqneS-RmRw,1
UCiMythXHsw7eQEMykCdmMUA,UCsJJAvrVGupdmhOqgtDp8dg,1
UCiMythXHsw7eQEMykCdmMUA,UCsSXdJct-nsS8DsABoEsaYA,1
UCiMythXHsw7eQEMykCdmMUA,UCsUCN0Yq_UyTvKjOJLmNrnQ,1
UCiMythXHsw7eQEMykCdmMUA,UCsjs5Hp_r86x1xbK6FAeqaA,1
UCiMythXHsw7eQEMykCdmMUA,UCtNfIBnc5S5DbbQj_yxgJTw,1
UCiMythXHsw7eQEMykCdmMUA,UCtUR3_CAiE7fCoZHM6cMfyQ,1
UCiMythXHsw7eQEMykCdmMUA,UCueV9cTyTDwgQSec1x2dYgA,1
UCiMythXHsw7eQEMykCdmMUA,UCujPF2nBgsTD62nWE3lcpIg,1
UCiMythXHsw7eQEMykCdmMUA,UCut6b9S98nv84cVX89PmKzA,1
UCiMythXHsw7eQEMykCdmMUA,UCvApqeCbLod-wejtT4CcVuA,1
UCiMythXHsw7eQEMykCdmMUA,UCwO2SXr0ggzwg6QWWrr01nQ,1
UCiMythXHsw7eQEMykCdmMUA,UCwW2OFy95P7ZBkOPxWkpvYg,1
UCiMythXHsw7eQEMykCdmMUA,UCwha8rxULYMVtNwZWeSkE1A,1
UCiMythXHsw7eQEMykCdmMUA,UCxff05WuyvwELNITi7bj7UA,1
UCiMythXHsw7eQEMykCdmMUA,UCySYJU5kUh7X8gVt9la2ISA,1
UCiMythXHsw7eQEMykCdmMUA,UCylqlpsh8ENNM1LqgQ1KbxA,1
UCiMythXHsw7eQEMykCdmMUA,UCz3gu01bmjNv0DpRq-K3XYg,1
UCiMythXHsw7eQEMykCdmMUA,UCzSfZlOVxBSs5ObD25ywxDQ,1
UCiMythXHsw7eQEMykCdmMUA,UCzoL2l5H5eVlorWGH8AZfAg,1
UCipetjeiWj4CZB6EbyYziZg,UCj-LL25XJnjxepPKCc3NGog,1
UCipetjeiWj4CZB6EbyYziZg,UCjSKM9j0Q7HLDr1hD6D-TUw,1
UCipetjeiWj4CZB6EbyYziZg,UCjmPuazZJzscrwvk0QR9RVw,1
UCipetjeiWj4CZB6EbyYziZg,UCkd9W714-947dEE6ZOEBATA,1
UCipetjeiWj4CZB6EbyYziZg,UCl0ekS9Tt0jJGtOEM18S63w,1
UCipetjeiWj4CZB6EbyYziZg,UCljDbleJul41G1TzOjOZAVA,1
UCipetjeiWj4CZB6EbyYziZg,UCmjppp6ujz3SAnULvP3sZMw,1
UCipetjeiWj4CZB6EbyYziZg,UCmvOgzmmXbjUthHy-WJ52hQ,1
UCipetjeiWj4CZB6EbyYziZg,UCp4iw5_5SmV9VGTFSNVGOmQ,1
UCipetjeiWj4CZB6EbyYziZg,UCpIdtvoFHVLGASGB5ySqIEA,1
UCipetjeiWj4CZB6EbyYziZg,UCpl8rF8uv_8uui-QRvuJaRA,1
UCipetjeiWj4CZB6EbyYziZg,UCplrIQtaPj6au60_f2-mOYw,1
UCipetjeiWj4CZB6EbyYziZg,UCpsKOkt5iWTbenzeuq7dsmQ,1
UCipetjeiWj4CZB6EbyYziZg,UCr1emrogPKkKTs_WTtx71xg,1
UCipetjeiWj4CZB6EbyYziZg,UCrJn_rbo_ENAdeqneS-RmRw,1
UCipetjeiWj4CZB6EbyYziZg,UCsJJAvrVGupdmhOqgtDp8dg,1
UCipetjeiWj4CZB6EbyYziZg,UCsSXdJct-nsS8DsABoEsaYA,1
UCipetjeiWj4CZB6EbyYziZg,UCsUCN0Yq_UyTvKjOJLmNrnQ,1
UCipetjeiWj4CZB6EbyYziZg,UCsjs5Hp_r86x1xbK6FAeqaA,1
UCipetjeiWj4CZB6EbyYziZg,UCtNfIBnc5S5DbbQj_yxgJTw,1
UCipetjeiWj4CZB6EbyYziZg,UCtUR3_CAiE7fCoZHM6cMfyQ,1
UCipetjeiWj4CZB6EbyYziZg,UCueV9cTyTDwgQSec1x2dYgA,1
UCipetjeiWj4CZB6EbyYziZg,UCujPF2nBgsTD62nWE3lcpIg,1
UCipetjeiWj4CZB6EbyYziZg,UCut6b9S98nv84cVX89PmKzA,1
UCipetjeiWj4CZB6EbyYziZg,UCvApqeCbLod-wejtT4CcVuA,1
UCipetjeiWj4CZB6EbyYziZg,UCwO2SXr0ggzwg6QWWrr01nQ,1
UCipetjeiWj4CZB6EbyYziZg,UCwW2OFy95P7ZBkOPxWkpvYg,1
UCipetjeiWj4CZB6EbyYziZg,UCwha8rxULYMVtNwZWeSkE1A,1
UCipetjeiWj4CZB6EbyYziZg,UCxff05WuyvwELNITi7bj7UA,1
UCipetjeiWj4CZB6EbyYziZg,UCySYJU5kUh7X8gVt9la2ISA,1
UCipetjeiWj4CZB6EbyYziZg,UCylqlpsh8ENNM1LqgQ1KbxA,1
UCipetjeiWj4CZB6EbyYziZg,UCz3gu01bmjNv0DpRq-K3XYg,1
UCipetjeiWj4CZB6EbyYziZg,UCzSfZlOVxBSs5ObD25ywxDQ,1
UCipetjeiWj4CZB6EbyYziZg,UCzoL2l5H5eVlorWGH8AZfAg,1
UCj-LL25XJnjxepPKCc3NGog,UCjSKM9j0Q7HLDr1hD6D-TUw,1
UCj-LL25XJnjxepPKCc3NGog,UCjmPuazZJzscrwvk0QR9RVw,1
UCj-LL25XJnjxepPKCc3NGog,UCkd9W714-947dEE6ZOEBATA,1
UCj-LL25XJnjxepPKCc3NGog,UCl0ekS9Tt0jJGtOEM18S63w,1
UCj-LL25XJnjxepPKCc3NGog,UCljDbleJul41G1TzOjOZAVA,1
UCj-LL25XJnjxepPKCc3NGog,UCmjppp6ujz3SAnULvP3sZMw,1
UCj-LL25XJnjxepPKCc3NGog,UCmvOgzmmXbjUthHy-WJ52hQ,1
UCj-LL25XJnjxepPKCc3NGog,UCp4iw5_5SmV9VGTFSNVGOmQ,1
UCj-LL25XJnjxepPKCc3NGog,UCpIdtvoFHVLGASGB5ySqIEA,1
UCj-LL25XJnjxepPKCc3NGog,UCpl8rF8uv_8uui-QRvuJaRA,1
UCj-LL25XJnjxepPKCc3NGog,UCplrIQtaPj6au60_f2-mOYw,1
UCj-LL25XJnjxepPKCc3NGog,UCpsKOkt5iWTbenzeuq7dsmQ,1
UCj-LL25XJnjxepPKCc3NGog,UCr1emrogPKkKTs_WTtx71xg,1
UCj-LL25XJnjxepPKCc3NGog,UCrJn_rbo_ENAdeqneS-RmRw,1
UCj-LL25XJnjxepPKCc3NGog,UCsJJAvrVGupdmhOqgtDp8dg,1
UCj-LL25XJnjxepPKCc3NGog,UCsSXdJct-nsS8DsABoEsaYA,1
UCj-LL25XJnjxepPKCc3NGog,UCsUCN0Yq_UyTvKjOJLmNrnQ,1
UCj-LL25XJnjxepPKCc3NGog,UCsjs5Hp_r86x1xbK6FAeqaA,1
UCj-LL25XJnjxepPKCc3NGog,UCtNfIBnc5S5DbbQj_yxgJTw,1
UCj-LL25XJnjxepPKCc3NGog,UCtUR3_CAiE7fCoZHM6cMfyQ,1
UCj-LL25XJnjxepPKCc3NGog,UCueV9cTyTDwgQSec1x2dYgA,1
UCj-LL25XJnjxepPKCc3NGog,UCujPF2nBgsTD62nWE3lcpIg,1
UCj-LL25XJnjxepPKCc3NGog,UCut6b9S98nv84cVX89PmKzA,1
UCj-LL25XJnjxepPKCc3NGog,UCvApqeCbLod-wejtT4CcVuA,1
UCj-LL25XJnjxepPKCc3NGog,UCwO2SXr0ggzwg6QWWrr01nQ,1
UCj-LL25XJnjxepPKCc3NGog,UCwW2OFy95P7ZBkOPxWkpvYg,1
UCj-LL25XJnjxepPKCc3NGog,UCwha8rxULYMVtNwZWeSkE1A,1
UCj-LL25XJnjxepPKCc3NGog,UCxff05WuyvwELNITi7bj7UA,1
UCj-LL25XJnjxepPKCc3NGog,UCySYJU5kUh7X8gVt9la2ISA,1
UCj-LL25XJnjxepPKCc3NGog,UCylqlpsh8ENNM1LqgQ1KbxA,1
UCj-LL25XJnjxepPKCc3NGog,UCz3gu01bmjNv0DpRq-K3XYg,1
UCj-LL25XJnjxepPKCc3NGog,UCzSfZlOVxBSs5ObD25ywxDQ,1
UCj-LL25XJnjxepPKCc3NGog,UCzoL2l5H5eVlorWGH8AZfAg,1
UCjSKM9j0Q7HLDr1hD6D-TUw,UCjmPuazZJzscrwvk0QR9RVw,1
UCjSKM9j0Q7HLDr1hD6D-TUw,UCkd9W714-947dEE6ZOEBATA,1
UCjSKM9j0Q7HLDr1hD6D-TUw,UCl0ekS9Tt0jJGtOEM18S63w,1
UCjSKM9j0Q7HLDr1hD6D-TUw,UCljDbleJul41G1TzOjOZAVA,1
UCjSKM9j0Q7HLDr1hD6D-TUw,UCmjppp6ujz3SAnULvP3sZMw,1
UCjSKM9j0Q7HLDr1hD6D-TUw,UCmvOgzmmXbjUthHy-WJ52hQ,1
UCjSKM9j0Q7HLDr1hD6D-TUw,UCp4iw5_5SmV9VGTFSNVGOmQ,1
UCjSKM9j0Q7HLDr1hD6D-TUw,UCpIdtvoFHVLGASGB5ySqIEA,1
UCjSKM9j0Q7HLDr1hD6D-TUw,UCpl8rF8uv_8uui-QRvuJaRA,1
UCjSKM9j0Q7HLDr1hD6D-TUw,UCplrIQtaPj6au60_f2-mOYw,1
UCjSKM9j0Q7HLDr1hD6D-TUw,UCpsKOkt5iWTbenzeuq7dsmQ,1
UCjSKM9j0Q7HLDr1hD6D-TUw,UCr1emrogPKkKTs_WTtx71xg,1
UCjSKM9j0Q7HLDr1hD6D-TUw,UCrJn_rbo_ENAdeqneS-RmRw,1
UCjSKM9j0Q7HLDr1hD6D-TUw,UCsJJAvrVGupdmhOqgtDp8dg,1
UCjSKM9j0Q7HLDr1hD6D-TUw,UCsSXdJct-nsS8DsABoEsaYA,1
UCjSKM9j0Q7HLDr1hD6D-TUw,UCsUCN0Yq_UyTvKjOJLmNrnQ,1
UCjSKM9j0Q7HLDr1hD6D-TUw,UCsjs5Hp_r86x1xbK6FAeqaA,1
UCjSKM9j0Q7HLDr1hD6D-TUw,UCtNfIBnc5S5DbbQj_yxgJTw,1
UCjSKM9j0Q7HLDr1hD6D-TUw,UCtUR3_CAiE7fCoZHM6cMfyQ,1
UCjSKM9j0Q7HLDr1hD6D-TUw,UCueV9cTyTDwgQSec1x2dYgA,1
UCjSKM9j0Q7HLDr1hD6D-TUw,UCujPF2nBgsTD62nWE3lcpIg,1
UCjSKM9j0Q7HLDr1hD6D-TUw,UCut6b9S98nv84cVX89PmKzA,1
UCjSKM9j0Q7HLDr1hD6D-TUw,UCvApqeCbLod-wejtT4CcVuA,1
UCjSKM9j0Q7HLDr1hD6D-TUw,UCwO2SXr0ggzwg6QWWrr01nQ,1
UCjSKM9j0Q7HLDr1hD6D-TUw,UCwW2OFy95P7ZBkOPxWkpvYg,1
UCjSKM9j0Q7HLDr1hD6D-TUw,UCwha8rxULYMVtNwZWeSkE1A,1
UCjSKM9j0Q7HLDr1hD6D-TUw,UCxff05WuyvwELNITi7bj7UA,1
UCjSKM9j0Q7HLDr1hD6D-TUw,UCySYJU5kUh7X8gVt9la2ISA,1
UCjSKM9j0Q7HLDr1hD6D-TUw,UCylqlpsh8ENNM1LqgQ1KbxA,1
UCjSKM9j0Q7HLDr1hD6D-TUw,UCz3gu01bmjNv0DpRq-K3XYg,1
UCjSKM9j0Q7HLDr1hD6D-TUw,UCzSfZlOVxBSs5ObD25ywxDQ,1
UCjSKM9j0Q7HLDr1hD6D-TUw,UCzoL2l5H5eVlorWGH8AZfAg,1
UCjmPuazZJzscrwvk0QR9RVw,UCkd9W714-947dEE6ZOEBATA,1
UCjmPuazZJzscrwvk0QR9RVw,UCl0ekS9Tt0jJGtOEM18S63w,1
UCjmPuazZJzscrwvk0QR9RVw,UCljDbleJul41G1TzOjOZAVA,1
UCjmPuazZJzscrwvk0QR9RVw,UCmjppp6ujz3SAnULvP3sZMw,1
UCjmPuazZJzscrwvk0QR9RVw,UCmvOgzmmXbjUthHy-WJ52hQ,1
UCjmPuazZJzscrwvk0QR9RVw,UCp4iw5_5SmV9VGTFSNVGOmQ,1
UCjmPuazZJzscrwvk0QR9RVw,UCpIdtvoFHVLGASGB5ySqIEA,1
UCjmPuazZJzscrwvk0QR9RVw,UCpl8rF8uv_8uui-QRvuJaRA,1
UCjmPuazZJzscrwvk0QR9RVw,UCplrIQtaPj6au60_f2-mOYw,1
UCjmPuazZJzscrwvk0QR9RVw,UCpsKOkt5iWTbenzeuq7dsmQ,1
UCjmPuazZJzscrwvk0QR9RVw,UCr1emrogPKkKTs_WTtx71xg,1
UCjmPuazZJzscrwvk0QR9RVw,UCrJn_rbo_ENAdeqneS-RmRw,1
UCjmPuazZJzscrwvk0QR9RVw,UCsJJAvrVGupdmhOqgtDp8dg,1
UCjmPuazZJzscrwvk0QR9RVw,UCsSXdJct-nsS8DsABoEsaYA,1
UCjmPuazZJzscrwvk0QR9RVw,UCsUCN0Yq_UyTvKjOJLmNrnQ,1
UCjmPuazZJzscrwvk0QR9RVw,UCsjs5Hp_r86x1xbK6FAeqaA,1
UCjmPuazZJzscrwvk0QR9RVw,UCtNfIBnc5S5DbbQj_yxgJTw,1
UCjmPuazZJzscrwvk0QR9RVw,UCtUR3_CAiE7fCoZHM6cMfyQ,1
UCjmPuazZJzscrwvk0QR9RVw,UCueV9cTyTDwgQSec1x2dYgA,1
UCjmPuazZJzscrwvk0QR9RVw,UCujPF2nBgsTD62nWE3lcpIg,1
UCjmPuazZJzscrwvk0QR9RVw,UCut6b9S98nv84cVX89PmKzA,1
UCjmPuazZJzscrwvk0QR9RVw,UCvApqeCbLod-wejtT4CcVuA,1
UCjmPuazZJzscrwvk0QR9RVw,UCwO2SXr0ggzwg6QWWrr01nQ,1
UCjmPuazZJzscrwvk0QR9RVw,UCwW2OFy95P7ZBkOPxWkpvYg,1
UCjmPuazZJzscrwvk0QR9RVw,UCwha8rxULYMVtNwZWeSkE1A,1
UCjmPuazZJzscrwvk0QR9RVw,UCxff05WuyvwELNITi7bj7UA,1
UCjmPuazZJzscrwvk0QR9RVw,UCySYJU5kUh7X8gVt9la2ISA,1
UCjmPuazZJzscrwvk0QR9RVw,UCylqlpsh8ENNM1LqgQ1KbxA,1
UCjmPuazZJzscrwvk0QR9RVw,UCz3gu01bmjNv0DpRq-K3XYg,1
UCjmPuazZJzscrwvk0QR9RVw,UCzSfZlOVxBSs5ObD25ywxDQ,1
UCjmPuazZJzscrwvk0QR9RVw,UCzoL2l5H5eVlorWGH8AZfAg,1
UCkd9W714-947dEE6ZOEBATA,UCl0ekS9Tt0jJGtOEM18S63w,1
UCkd9W714-947dEE6ZOEBATA,UCljDbleJul41G1TzOjOZAVA,1
UCkd9W714-947dEE6ZOEBATA,UCmjppp6ujz3SAnULvP3sZMw,1
UCkd9W714-947dEE6ZOEBATA,UCmvOgzmmXbjUthHy-WJ52hQ,1
UCkd9W714-947dEE6ZOEBATA,UCp4iw5_5SmV9VGTFSNVGOmQ,1
UCkd9W714-947dEE6ZOEBATA,UCpIdtvoFHVLGASGB5ySqIEA,1
UCkd9W714-947dEE6ZOEBATA,UCpl8rF8uv_8uui-QRvuJaRA,1
UCkd9W714-947dEE6ZOEBATA,UCplrIQtaPj6au60_f2-mOYw,1
UCkd9W714-947dEE6ZOEBATA,UCpsKOkt5iWTbenzeuq7dsmQ,1
UCkd9W714-947dEE6ZOEBATA,UCr1emrogPKkKTs_WTtx71xg,1
UCkd9W714-947dEE6ZOEBATA,UCrJn_rbo_ENAdeqneS-RmRw,1
UCkd9W714-947dEE6ZOEBATA,UCsJJAvrVGupdmhOqgtDp8dg,1
UCkd9W714-947dEE6ZOEBATA,UCsSXdJct-nsS8DsABoEsaYA,1
UCkd9W714-947dEE6ZOEBATA,UCsUCN0Yq_UyTvKjOJLmNrnQ,1
UCkd9W714-947dEE6ZOEBATA,UCsjs5Hp_r86x1xbK6FAeqaA,1
UCkd9W714-947dEE6ZOEBATA,UCtNfIBnc5S5DbbQj_yxgJTw,1
UCkd9W714-947dEE6ZOEBATA,UCtUR3_CAiE7fCoZHM6cMfyQ,1
UCkd9W714-947dEE6ZOEBATA,UCueV9cTyTDwgQSec1x2dYgA,1
UCkd9W714-947dEE6ZOEBATA,UCujPF2nBgsTD62nWE3lcpIg,1
UCkd9W714-947dEE6ZOEBATA,UCut6b9S98nv84cVX89PmKzA,1
UCkd9W714-947dEE6ZOEBATA,UCvApqeCbLod-wejtT4CcVuA,1
UCkd9W714-947dEE6ZOEBATA,UCwO2SXr0ggzwg6QWWrr01nQ,1
UCkd9W714-947dEE6ZOEBATA,UCwW2OFy95P7ZBkOPxWkpvYg,1
UCkd9W714-947dEE6ZOEBATA,UCwha8rxULYMVtNwZWeSkE1A,1
UCkd9W714-947dEE6ZOEBATA,UCxff05WuyvwELNITi7bj7UA,1
UCkd9W714-947dEE6ZOEBATA,UCySYJU5kUh7X8gVt9la2ISA,1
UCkd9W714-947dEE6ZOEBATA,UCylqlpsh8ENNM1LqgQ1KbxA,1
UCkd9W714-947dEE6ZOEBATA,UCz3gu01bmjNv0DpRq-K3XYg,1
UCkd9W714-947dEE6ZOEBATA,UCzSfZlOVxBSs5ObD25ywxDQ,1
UCkd9W714-947dEE6ZOEBATA,UCzoL2l5H5eVlorWGH8AZfAg,1
UCl0ekS9Tt0jJGtOEM18S63w,UCljDbleJul41G1TzOjOZAVA,1
UCl0ekS9Tt0jJGtOEM18S63w,UCmjppp6ujz3SAnULvP3sZMw,1
UCl0ekS9Tt0jJGtOEM18S63w,UCmvOgzmmXbjUthHy-WJ52hQ,1
UCl0ekS9Tt0jJGtOEM18S63w,UCp4iw5_5SmV9VGTFSNVGOmQ,1
UCl0ekS9Tt0jJGtOEM18S63w,UCpIdtvoFHVLGASGB5ySqIEA,1
UCl0ekS9Tt0jJGtOEM18S63w,UCpl8rF8uv_8uui-QRvuJaRA,1
UCl0ekS9Tt0jJGtOEM18S63w,UCplrIQtaPj6au60_f2-mOYw,1
UCl0ekS9Tt0jJGtOEM18S63w,UCpsKOkt5iWTbenzeuq7dsmQ,1
UCl0ekS9Tt0jJGtOEM18S63w,UCr1emrogPKkKTs_WTtx71xg,1
UCl0ekS9Tt0jJGtOEM18S63w,UCrJn_rbo_ENAdeqneS-RmRw,1
UCl0ekS9Tt0jJGtOEM18S63w,UCsJJAvrVGupdmhOqgtDp8dg,1
UCl0ekS9Tt0jJGtOEM18S63w,UCsSXdJct-nsS8DsABoEsaYA,1
UCl0ekS9Tt0jJGtOEM18S63w,UCsUCN0Yq_UyTvKjOJLmNrnQ,1
UCl0ekS9Tt0jJGtOEM18S63w,UCsjs5Hp_r86x1xbK6FAeqaA,1
UCl0ekS9Tt0jJGtOEM18S63w,UCtNfIBnc5S5DbbQj_yxgJTw,1
UCl0ekS9Tt0jJGtOEM18S63w,UCtUR3_CAiE7fCoZHM6cMfyQ,1
UCl0ekS9Tt0jJGtOEM18S63w,UCueV9cTyTDwgQSec1x2dYgA,1
UCl0ekS9Tt0jJGtOEM18S63w,UCujPF2nBgsTD62nWE3lcpIg,1
UCl0ekS9Tt0jJGtOEM18S63w,UCut6b9S98nv84cVX89PmKzA,1
UCl0ekS9Tt0jJGtOEM18S63w,UCvApqeCbLod-wejtT4CcVuA,1
UCl0ekS9Tt0jJGtOEM18S63w,UCwO2SXr0ggzwg6QWWrr01nQ,1
UCl0ekS9Tt0jJGtOEM18S63w,UCwW2OFy95P7ZBkOPxWkpvYg,1
UCl0ekS9Tt0jJGtOEM18S63w,UCwha8rxULYMVtNwZWeSkE1A,1
UCl0ekS9Tt0jJGtOEM18S63w,UCxff05WuyvwELNITi7bj7UA,1
UCl0ekS9Tt0jJGtOEM18S63w,UCySYJU5kUh7X8gVt9la2ISA,1
UCl0ekS9Tt0jJGtOEM18S63w,UCylqlpsh8ENNM1LqgQ1KbxA,1
UCl0ekS9Tt0jJGtOEM18S63w,UCz3gu01bmjNv0DpRq-K3XYg,1
UCl0ekS9Tt0jJGtOEM18S63w,UCzSfZlOVxBSs5ObD25ywxDQ,1
UCl0ekS9Tt0jJGtOEM18S63w,UCzoL2l5H5eVlorWGH8AZfAg,1
UCljDbleJul41G1TzOjOZAVA,UCmjppp6ujz3SAnULvP3sZMw,1
UCljDbleJul41G1TzOjOZAVA,UCmvOgzmmXbjUthHy-WJ52hQ,1
UCljDbleJul41G1TzOjOZAVA,UCp4iw5_5SmV9VGTFSNVGOmQ,1
UCljDbleJul41G1TzOjOZAVA,UCpIdtvoFHVLGASGB5ySqIEA,1
UCljDbleJul41G1TzOjOZAVA,UCpl8rF8uv_8uui-QRvuJaRA,1
UCljDbleJul41G1TzOjOZAVA,UCplrIQtaPj6au60_f2-mOYw,1
UCljDbleJul41G1TzOjOZAVA,UCpsKOkt5iWTbenzeuq7dsmQ,1
UCljDbleJul41G1TzOjOZAVA,UCr1emrogPKkKTs_WTtx71xg,1
UCljDbleJul41G1TzOjOZAVA,UCrJn_rbo_ENAdeqneS-RmRw,1
UCljDbleJul41G1TzOjOZAVA,UCsJJAvrVGupdmhOqgtDp8dg,1
UCljDbleJul41G1TzOjOZAVA,UCsSXdJct-nsS8DsABoEsaYA,1
UCljDbleJul41G1TzOjOZAVA,UCsUCN0Yq_UyTvKjOJLmNrnQ,1
UCljDbleJul41G1TzOjOZAVA,UCsjs5Hp_r86x1xbK6FAeqaA,1
UCljDbleJul41G1TzOjOZAVA,UCtNfIBnc5S5DbbQj_yxgJTw,1
UCljDbleJul41G1TzOjOZAVA,UCtUR3_CAiE7fCoZHM6cMfyQ,1
UCljDbleJul41G1TzOjOZAVA,UCueV9cTyTDwgQSec1x2dYgA,1
UCljDbleJul41G1TzOjOZAVA,UCujPF2nBgsTD62nWE3lcpIg,1
UCljDbleJul41G1TzOjOZAVA,UCut6b9S98nv84cVX89PmKzA,1
UCljDbleJul41G1TzOjOZAVA,UCvApqeCbLod-wejtT4CcVuA,1
UCljDbleJul41G1TzOjOZAVA,UCwO2SXr0ggzwg6QWWrr01nQ,1
UCljDbleJul41G1TzOjOZAVA,UCwW2OFy95P7ZBkOPxWkpvYg,1
UCljDbleJul41G1TzOjOZAVA,UCwha8rxULYMVtNwZWeSkE1A,1
UCljDbleJul41G1TzOjOZAVA,UCxff05WuyvwELNITi7bj7UA,1
UCljDbleJul41G1TzOjOZAVA,UCySYJU5kUh7X8gVt9la2ISA,1
UCljDbleJul41G1TzOjOZAVA,UCylqlpsh8ENNM1LqgQ1KbxA,1
UCljDbleJul41G1TzOjOZAVA,UCz3gu01bmjNv0DpRq-K3XYg,1
UCljDbleJul41G1TzOjOZAVA,UCzSfZlOVxBSs5ObD25ywxDQ,1
UCljDbleJul41G1TzOjOZAVA,UCzoL2l5H5eVlorWGH8AZfAg,1
UCmjppp6ujz3SAnULvP3sZMw,UCmvOgzmmXbjUthHy-WJ52hQ,1
UCmjppp6ujz3SAnULvP3sZMw,UCp4iw5_5SmV9VGTFSNVGOmQ,1
UCmjppp6ujz3SAnULvP3sZMw,UCpIdtvoFHVLGASGB5ySqIEA,1
UCmjppp6ujz3SAnULvP3sZMw,UCpl8rF8uv_8uui-QRvuJaRA,1
UCmjppp6ujz3SAnULvP3sZMw,UCplrIQtaPj6au60_f2-mOYw,1
UCmjppp6ujz3SAnULvP3sZMw,UCpsKOkt5iWTbenzeuq7dsmQ,1
UCmjppp6ujz3SAnULvP3sZMw,UCr1emrogPKkKTs_WTtx71xg,1
UCmjppp6ujz3SAnULvP3sZMw,UCrJn_rbo_ENAdeqneS-RmRw,1
UCmjppp6ujz3SAnULvP3sZMw,UCsJJAvrVGupdmhOqgtDp8dg,1
UCmjppp6ujz3SAnULvP3sZMw,UCsSXdJct-nsS8DsABoEsaYA,1
UCmjppp6ujz3SAnULvP3sZMw,UCsUCN0Yq_UyTvKjOJLmNrnQ,1
UCmjppp6ujz3SAnULvP3sZMw,UCsjs5Hp_r86x1xbK6FAeqaA,1
UCmjppp6ujz3SAnULvP3sZMw,UCtNfIBnc5S5DbbQj_yxgJTw,1
UCmjppp6ujz3SAnULvP3sZMw,UCtUR3_CAiE7fCoZHM6cMfyQ,1
UCmjppp6ujz3SAnULvP3sZMw,UCueV9cTyTDwgQSec1x2dYgA,1
UCmjppp6ujz3SAnULvP3sZMw,UCujPF2nBgsTD62nWE3lcpIg,1
UCmjppp6ujz3SAnULvP3sZMw,UCut6b9S98nv84cVX89PmKzA,1
UCmjppp6ujz3SAnULvP3sZMw,UCvApqeCbLod-wejtT4CcVuA,1
UCmjppp6ujz3SAnULvP3sZMw,UCwO2SXr0ggzwg6QWWrr01nQ,1
UCmjppp6ujz3SAnULvP3sZMw,UCwW2OFy95P7ZBkOPxWkpvYg,1
UCmjppp6ujz3SAnULvP3sZMw,UCwha8rxULYMVtNwZWeSkE1A,1
UCmjppp6ujz3SAnULvP3sZMw,UCxff05WuyvwELNITi7bj7UA,1
UCmjppp6ujz3SAnULvP3sZMw,UCySYJU5kUh7X8gVt9la2ISA,1
UCmjppp6ujz3SAnULvP3sZMw,UCylqlpsh8ENNM1LqgQ1KbxA,1
UCmjppp6ujz3SAnULvP3sZMw,UCz3gu01bmjNv0DpRq-K3XYg,1
UCmjppp6ujz3SAnULvP3sZMw,UCzSfZlOVxBSs5ObD25ywxDQ,1
UCmjppp6ujz3SAnULvP3sZMw,UCzoL2l5H5eVlorWGH8AZfAg,1
UCmvOgzmmXbjUthHy-WJ52hQ,UCp4iw5_5SmV9VGTFSNVGOmQ,1
UCmvOgzmmXbjUthHy-WJ52hQ,UCpIdtvoFHVLGASGB5ySqIEA,1
UCmvOgzmmXbjUthHy-WJ52hQ,UCpl8rF8uv_8uui-QRvuJaRA,1
UCmvOgzmmXbjUthHy-WJ52hQ,UCplrIQtaPj6au60_f2-mOYw,1
UCmvOgzmmXbjUthHy-WJ52hQ,UCpsKOkt5iWTbenzeuq7dsmQ,1
UCmvOgzmmXbjUthHy-WJ52hQ,UCr1emrogPKkKTs_WTtx71xg,1
UCmvOgzmmXbjUthHy-WJ52hQ,UCrJn_rbo_ENAdeqneS-RmRw,1
UCmvOgzmmXbjUthHy-WJ52hQ,UCsJJAvrVGupdmhOqgtDp8dg,1
UCmvOgzmmXbjUthHy-WJ52hQ,UCsSXdJct-nsS8DsABoEsaYA,1
UCmvOgzmmXbjUthHy-WJ52hQ,UCsUCN0Yq_UyTvKjOJLmNrnQ,1
UCmvOgzmmXbjUthHy-WJ52hQ,UCsjs5Hp_r86x1xbK6FAeqaA,1
UCmvOgzmmXbjUthHy-WJ52hQ,UCtNfIBnc5S5DbbQj_yxgJTw,1
UCmvOgzmmXbjUthHy-WJ52hQ,UCtUR3_CAiE7fCoZHM6cMfyQ,1
UCmvOgzmmXbjUthHy-WJ52hQ,UCueV9cTyTDwgQSec1x2dYgA,1
UCmvOgzmmXbjUthHy-WJ52hQ,UCujPF2nBgsTD62nWE3lcpIg,1
UCmvOgzmmXbjUthHy-WJ52hQ,UCut6b9S98nv84cVX89PmKzA,1
UCmvOgzmmXbjUthHy-WJ52hQ,UCvApqeCbLod-wejtT4CcVuA,1
UCmvOgzmmXbjUthHy-WJ52hQ,UCwO2SXr0ggzwg6QWWrr01nQ,1
UCmvOgzmmXbjUthHy-WJ52hQ,UCwW2OFy95P7ZBkOPxWkpvYg,1
UCmvOgzmmXbjUthHy-WJ52hQ,UCwha8rxULYMVtNwZWeSkE1A,1
UCmvOgzmmXbjUthHy-WJ52hQ,UCxff05WuyvwELNITi7bj7UA,1
UCmvOgzmmXbjUthHy-WJ52hQ,UCySYJU5kUh7X8gVt9la2ISA,1
UCmvOgzmmXbjUthHy-WJ52hQ,UCylqlpsh8ENNM1LqgQ1KbxA,1
UCmvOgzmmXbjUthHy-WJ52hQ,UCz3gu01bmjNv0DpRq-K3XYg,1
UCmvOgzmmXbjUthHy-WJ52hQ,UCzSfZlOVxBSs5ObD25ywxDQ,1
UCmvOgzmmXbjUthHy-WJ52hQ,UCzoL2l5H5eVlorWGH8AZfAg,1
UCp4iw5_5SmV9VGTFSNVGOmQ,UCpIdtvoFHVLGASGB5ySqIEA,1
UCp4iw5_5SmV9VGTFSNVGOmQ,UCpl8rF8uv_8uui-QRvuJaRA,1
UCp4iw5_5SmV9VGTFSNVGOmQ,UCplrIQtaPj6au60_f2-mOYw,1
UCp4iw5_5SmV9VGTFSNVGOmQ,UCpsKOkt5iWTbenzeuq7dsmQ,1
UCp4iw5_5SmV9VGTFSNVGOmQ,UCr1emrogPKkKTs_WTtx71xg,1
UCp4iw5_5SmV9VGTFSNVGOmQ,UCrJn_rbo_ENAdeqneS-RmRw,1
UCp4iw5_5SmV9VGTFSNVGOmQ,UCsJJAvrVGupdmhOqgtDp8dg,1
UCp4iw5_5SmV9VGTFSNVGOmQ,UCsSXdJct-nsS8DsABoEsaYA,1
UCp4iw5_5SmV9VGTFSNVGOmQ,UCsUCN0Yq_UyTvKjOJLmNrnQ,1
UCp4iw5_5SmV9VGTFSNVGOmQ,UCsjs5Hp_r86x1xbK6FAeqaA,1
UCp4iw5_5SmV9VGTFSNVGOmQ,UCtNfIBnc5S5DbbQj_yxgJTw,1
UCp4iw5_5SmV9VGTFSNVGOmQ,UCtUR3_CAiE7fCoZHM6cMfyQ,1
UCp4iw5_5SmV9VGTFSNVGOmQ,UCueV9cTyTDwgQSec1x2dYgA,1
UCp4iw5_5SmV9VGTFSNVGOmQ,UCujPF2nBgsTD62nWE3lcpIg,1
UCp4iw5_5SmV9VGTFSNVGOmQ,UCut6b9S98nv84cVX89PmKzA,1
UCp4iw5_5SmV9VGTFSNVGOmQ,UCvApqeCbLod-wejtT4CcVuA,1
UCp4iw5_5SmV9VGTFSNVGOmQ,UCwO2SXr0ggzwg6QWWrr01nQ,1
UCp4iw5_5SmV9VGTFSNVGOmQ,UCwW2OFy95P7ZBkOPxWkpvYg,1
UCp4iw5_5SmV9VGTFSNVGOmQ,UCwha8rxULYMVtNwZWeSkE1A,1
UCp4iw5_5SmV9VGTFSNVGOmQ,UCxff05WuyvwELNITi7bj7UA,1
UCp4iw5_5SmV9VGTFSNVGOmQ,UCySYJU5kUh7X8gVt9la2ISA,1
UCp4iw5_5SmV9VGTFSNVGOmQ,UCylqlpsh8ENNM1LqgQ1KbxA,1
UCp4iw5_5SmV9VGTFSNVGOmQ,UCz3gu01bmjNv0DpRq-K3XYg,1
UCp4iw5_5SmV9VGTFSNVGOmQ,UCzSfZlOVxBSs5ObD25ywxDQ,1
UCp4iw5_5SmV9VGTFSNVGOmQ,UCzoL2l5H5eVlorWGH8AZfAg,1
UCpIdtvoFHVLGASGB5ySqIEA,UCpl8rF8uv_8uui-QRvuJaRA,1
UCpIdtvoFHVLGASGB5ySqIEA,UCplrIQtaPj6au60_f2-mOYw,1
UCpIdtvoFHVLGASGB5ySqIEA,UCpsKOkt5iWTbenzeuq7dsmQ,1
UCpIdtvoFHVLGASGB5ySqIEA,UCr1emrogPKkKTs_WTtx71xg,1
UCpIdtvoFHVLGASGB5ySqIEA,UCrJn_rbo_ENAdeqneS-RmRw,1
UCpIdtvoFHVLGASGB5ySqIEA,UCsJJAvrVGupdmhOqgtDp8dg,1
UCpIdtvoFHVLGASGB5ySqIEA,UCsSXdJct-nsS8DsABoEsaYA,1
UCpIdtvoFHVLGASGB5ySqIEA,UCsUCN0Yq_UyTvKjOJLmNrnQ,1
UCpIdtvoFHVLGASGB5ySqIEA,UCsjs5Hp_r86x1xbK6FAeqaA,1
UCpIdtvoFHVLGASGB5ySqIEA,UCtNfIBnc5S5DbbQj_yxgJTw,1
UCpIdtvoFHVLGASGB5ySqIEA,UCtUR3_CAiE7fCoZHM6cMfyQ,1
UCpIdtvoFHVLGASGB5ySqIEA,UCueV9cTyTDwgQSec1x2dYgA,1
UCpIdtvoFHVLGASGB5ySqIEA,UCujPF2nBgsTD62nWE3lcpIg,1
UCpIdtvoFHVLGASGB5ySqIEA,UCut6b9S98nv84cVX89PmKzA,1
UCpIdtvoFHVLGASGB5ySqIEA,UCvApqeCbLod-wejtT4CcVuA,1
UCpIdtvoFHVLGASGB5ySqIEA,UCwO2SXr0ggzwg6QWWrr01nQ,1
UCpIdtvoFHVLGASGB5ySqIEA,UCwW2OFy95P7ZBkOPxWkpvYg,1
UCpIdtvoFHVLGASGB5ySqIEA,UCwha8rxULYMVtNwZWeSkE1A,1
UCpIdtvoFHVLGASGB5ySqIEA,UCxff05WuyvwELNITi7bj7UA,1
UCpIdtvoFHVLGASGB5ySqIEA,UCySYJU5kUh7X8gVt9la2ISA,1
UCpIdtvoFHVLGASGB5ySqIEA,UCylqlpsh8ENNM1LqgQ1KbxA,1
UCpIdtvoFHVLGASGB5ySqIEA,UCz3gu01bmjNv0DpRq-K3XYg,1
UCpIdtvoFHVLGASGB5ySqIEA,UCzSfZlOVxBSs5ObD25ywxDQ,1
UCpIdtvoFHVLGASGB5ySqIEA,UCzoL2l5H5eVlorWGH8AZfAg,1
UCpl8rF8uv_8uui-QRvuJaRA,UCplrIQtaPj6au60_f2-mOYw,1
UCpl8rF8uv_8uui-QRvuJaRA,UCpsKOkt5iWTbenzeuq7dsmQ,1
UCpl8rF8uv_8uui-QRvuJaRA,UCr1emrogPKkKTs_WTtx71xg,1
UCpl8rF8uv_8uui-QRvuJaRA,UCrJn_rbo_ENAdeqneS-RmRw,1
UCpl8rF8uv_8uui-QRvuJaRA,UCsJJAvrVGupdmhOqgtDp8dg,1
UCpl8rF8uv_8uui-QRvuJaRA,UCsSXdJct-nsS8DsABoEsaYA,1
UCpl8rF8uv_8uui-QRvuJaRA,UCsUCN0Yq_UyTvKjOJLmNrnQ,1
UCpl8rF8uv_8uui-QRvuJaRA,UCsjs5Hp_r86x1xbK6FAeqaA,1
UCpl8rF8uv_8uui-QRvuJaRA,UCtNfIBnc5S5DbbQj_yxgJTw,1
UCpl8rF8uv_8uui-QRvuJaRA,UCtUR3_CAiE7fCoZHM6cMfyQ,1
UCpl8rF8uv_8uui-QRvuJaRA,UCueV9cTyTDwgQSec1x2dYgA,1
UCpl8rF8uv_8uui-QRvuJaRA,UCujPF2nBgsTD62nWE3lcpIg,1
UCpl8rF8uv_8uui-QRvuJaRA,UCut6b9S98nv84cVX89PmKzA,1
UCpl8rF8uv_8uui-QRvuJaRA,UCvApqeCbLod-wejtT4CcVuA,1
UCpl8rF8uv_8uui-QRvuJaRA,UCwO2SXr0ggzwg6QWWrr01nQ,1
UCpl8rF8uv_8uui-QRvuJaRA,UCwW2OFy95P7ZBkOPxWkpvYg,1
UCpl8rF8uv_8uui-QRvuJaRA,UCwha8rxULYMVtNwZWeSkE1A,1
UCpl8rF8uv_8uui-QRvuJaRA,UCxff05WuyvwELNITi7bj7UA,1
UCpl8rF8uv_8uui-QRvuJaRA,UCySYJU5kUh7X8gVt9la2ISA,1
UCpl8rF8uv_8uui-QRvuJaRA,UCylqlpsh8ENNM1LqgQ1KbxA,1
UCpl8rF8uv_8uui-QRvuJaRA,UCz3gu01bmjNv0DpRq-K3XYg,1
UCpl8rF8uv_8uui-QRvuJaRA,UCzSfZlOVxBSs5ObD25ywxDQ,1
UCpl8rF8uv_8uui-QRvuJaRA,UCzoL2l5H5eVlorWGH8AZfAg,1
UCplrIQtaPj6au60_f2-mOYw,UCpsKOkt5iWTbenzeuq7dsmQ,1
UCplrIQtaPj6au60_f2-mOYw,UCr1emrogPKkKTs_WTtx71xg,1
UCplrIQtaPj6au60_f2-mOYw,UCrJn_rbo_ENAdeqneS-RmRw,1
UCplrIQtaPj6au60_f2-mOYw,UCsJJAvrVGupdmhOqgtDp8dg,1
UCplrIQtaPj6au60_f2-mOYw,UCsSXdJct-nsS8DsABoEsaYA,1
UCplrIQtaPj6au60_f2-mOYw,UCsUCN0Yq_UyTvKjOJLmNrnQ,1
UCplrIQtaPj6au60_f2-mOYw,UCsjs5Hp_r86x1xbK6FAeqaA,1
UCplrIQtaPj6au60_f2-mOYw,UCtNfIBnc5S5DbbQj_yxgJTw,1
UCplrIQtaPj6au60_f2-mOYw,UCtUR3_CAiE7fCoZHM6cMfyQ,1
UCplrIQtaPj6au60_f2-mOYw,UCueV9cTyTDwgQSec1x2dYgA,1
UCplrIQtaPj6au60_f2-mOYw,UCujPF2nBgsTD62nWE3lcpIg,1
UCplrIQtaPj6au60_f2-mOYw,UCut6b9S98nv84cVX89PmKzA,1
UCplrIQtaPj6au60_f2-mOYw,UCvApqeCbLod-wejtT4CcVuA,1
UCplrIQtaPj6au60_f2-mOYw,UCwO2SXr0ggzwg6QWWrr01nQ,1
UCplrIQtaPj6au60_f2-mOYw,UCwW2OFy95P7ZBkOPxWkpvYg,1
UCplrIQtaPj6au60_f2-mOYw,UCwha8rxULYMVtNwZWeSkE1A,1
UCplrIQtaPj6au60_f2-mOYw,UCxff05WuyvwELNITi7bj7UA,1
UCplrIQtaPj6au60_f2-mOYw,UCySYJU5kUh7X8gVt9la2ISA,1
UCplrIQtaPj6au60_f2-mOYw,UCylqlpsh8ENNM1LqgQ1KbxA,1
UCplrIQtaPj6au60_f2-mOYw,UCz3gu01bmjNv0DpRq-K3XYg,1
UCplrIQtaPj6au60_f2-mOYw,UCzSfZlOVxBSs5ObD25ywxDQ,1
UCplrIQtaPj6au60_f2-mOYw,UCzoL2l5H5eVlorWGH8AZfAg,1
UCpsKOkt5iWTbenzeuq7dsmQ,UCr1emrogPKkKTs_WTtx71xg,1
UCpsKOkt5iWTbenzeuq7dsmQ,UCrJn_rbo_ENAdeqneS-RmRw,1
UCpsKOkt5iWTbenzeuq7dsmQ,UCsJJAvrVGupdmhOqgtDp8dg,1
UCpsKOkt5iWTbenzeuq7dsmQ,UCsSXdJct-nsS8DsABoEsaYA,1
UCpsKOkt5iWTbenzeuq7dsmQ,UCsUCN0Yq_UyTvKjOJLmNrnQ,1
UCpsKOkt5iWTbenzeuq7dsmQ,UCsjs5Hp_r86x1xbK6FAeqaA,1
UCpsKOkt5iWTbenzeuq7dsmQ,UCtNfIBnc5S5DbbQj_yxgJTw,1
UCpsKOkt5iWTbenzeuq7dsmQ,UCtUR3_CAiE7fCoZHM6cMfyQ,1
UCpsKOkt5iWTbenzeuq7dsmQ,UCueV9cTyTDwgQSec1x2dYgA,1
UCpsKOkt5iWTbenzeuq7dsmQ,UCujPF2nBgsTD62nWE3lcpIg,1
UCpsKOkt5iWTbenzeuq7dsmQ,UCut6b9S98nv84cVX89PmKzA,1
UCpsKOkt5iWTbenzeuq7dsmQ,UCvApqeCbLod-wejtT4CcVuA,1
UCpsKOkt5iWTbenzeuq7dsmQ,UCwO2SXr0ggzwg6QWWrr01nQ,1
UCpsKOkt5iWTbenzeuq7dsmQ,UCwW2OFy95P7ZBkOPxWkpvYg,1
UCpsKOkt5iWTbenzeuq7dsmQ,UCwha8rxULYMVtNwZWeSkE1A,1
UCpsKOkt5iWTbenzeuq7dsmQ,UCxff05WuyvwELNITi7bj7UA,1
UCpsKOkt5iWTbenzeuq7dsmQ,UCySYJU5kUh7X8gVt9la2ISA,1
UCpsKOkt5iWTbenzeuq7dsmQ,UCz3gu01bmjNv0DpRq-K3XYg,1
UCpsKOkt5iWTbenzeuq7dsmQ,UCzSfZlOVxBSs5ObD25ywxDQ,1
UCpsKOkt5iWTbenzeuq7dsmQ,UCzoL2l5H5eVlorWGH8AZfAg,1
UCr1emrogPKkKTs_WTtx71xg,UCrJn_rbo_ENAdeqneS-RmRw,1
UCr1emrogPKkKTs_WTtx71xg,UCsJJAvrVGupdmhOqgtDp8dg,1
UCr1emrogPKkKTs_WTtx71xg,UCsSXdJct-nsS8DsABoEsaYA,1
UCr1emrogPKkKTs_WTtx71xg,UCsUCN0Yq_UyTvKjOJLmNrnQ,1
UCr1emrogPKkKTs_WTtx71xg,UCsjs5Hp_r86x1xbK6FAeqaA,1
UCr1emrogPKkKTs_WTtx71xg,UCtNfIBnc5S5DbbQj_yxgJTw,1
UCr1emrogPKkKTs_WTtx71xg,UCtUR3_CAiE7fCoZHM6cMfyQ,1
UCr1emrogPKkKTs_WTtx71xg,UCueV9cTyTDwgQSec1x2dYgA,1
UCr1emrogPKkKTs_WTtx71xg,UCujPF2nBgsTD62nWE3lcpIg,1
UCr1emrogPKkKTs_WTtx71xg,UCut6b9S98nv84cVX89PmKzA,1
UCr1emrogPKkKTs_WTtx71xg,UCvApqeCbLod-wejtT4CcVuA,1
UCr1emrogPKkKTs_WTtx71xg,UCwO2SXr0ggzwg6QWWrr01nQ,1
UCr1emrogPKkKTs_WTtx71xg,UCwW2OFy95P7ZBkOPxWkpvYg,1
UCr1emrogPKkKTs_WTtx71xg,UCwha8rxULYMVtNwZWeSkE1A,1
UCr1emrogPKkKTs_WTtx71xg,UCxff05WuyvwELNITi7bj7UA,1
UCr1emrogPKkKTs_WTtx71xg,UCySYJU5kUh7X8gVt9la2ISA,1
UCr1emrogPKkKTs_WTtx71xg,UCylqlpsh8ENNM1LqgQ1KbxA,1
UCr1emrogPKkKTs_WTtx71xg,UCz3gu01bmjNv0DpRq-K3XYg,1
UCr1emrogPKkKTs_WTtx71xg,UCzSfZlOVxBSs5ObD25ywxDQ,1
UCr1emrogPKkKTs_WTtx71xg,UCzoL2l5H5eVlorWGH8AZfAg,1
UCrJn_rbo_ENAdeqneS-RmRw,UCsJJAvrVGupdmhOqgtDp8dg,1
UCrJn_rbo_ENAdeqneS-RmRw,UCsSXdJct-nsS8DsABoEsaYA,1
UCrJn_rbo_ENAdeqneS-RmRw,UCsUCN0Yq_UyTvKjOJLmNrnQ,1
UCrJn_rbo_ENAdeqneS-RmRw,UCsjs5Hp_r86x1xbK6FAeqaA,1
UCrJn_rbo_ENAdeqneS-RmRw,UCtNfIBnc5S5DbbQj_yxgJTw,1
UCrJn_rbo_ENAdeqneS-RmRw,UCtUR3_CAiE7fCoZHM6cMfyQ,1
UCrJn_rbo_ENAdeqneS-RmRw,UCueV9cTyTDwgQSec1x2dYgA,1
UCrJn_rbo_ENAdeqneS-RmRw,UCujPF2nBgsTD62nWE3lcpIg,1
UCrJn_rbo_ENAdeqneS-RmRw,UCut6b9S98nv84cVX89PmKzA,1
UCrJn_rbo_ENAdeqneS-RmRw,UCvApqeCbLod-wejtT4CcVuA,1
UCrJn_rbo_ENAdeqneS-RmRw,UCwO2SXr0ggzwg6QWWrr01nQ,1
UCrJn_rbo_ENAdeqneS-RmRw,UCwW2OFy95P7ZBkOPxWkpvYg,1
UCrJn_rbo_ENAdeqneS-RmRw,UCwha8rxULYMVtNwZWeSkE1A,1
UCrJn_rbo_ENAdeqneS-RmRw,UCxff05WuyvwELNITi7bj7UA,1
UCrJn_rbo_ENAdeqneS-RmRw,UCySYJU5kUh7X8gVt9la2ISA,1
UCrJn_rbo_ENAdeqneS-RmRw,UCylqlpsh8ENNM1LqgQ1KbxA,1
UCrJn_rbo_ENAdeqneS-RmRw,UCz3gu01bmjNv0DpRq-K3XYg,1
UCrJn_rbo_ENAdeqneS-RmRw,UCzSfZlOVxBSs5ObD25ywxDQ,1
UCrJn_rbo_ENAdeqneS-RmRw,UCzoL2l5H5eVlorWGH8AZfAg,1
UCsJJAvrVGupdmhOqgtDp8dg,UCsSXdJct-nsS8DsABoEsaYA,1
UCsJJAvrVGupdmhOqgtDp8dg,UCsUCN0Yq_UyTvKjOJLmNrnQ,1
UCsJJAvrVGupdmhOqgtDp8dg,UCsjs5Hp_r86x1xbK6FAeqaA,1
UCsJJAvrVGupdmhOqgtDp8dg,UCtNfIBnc5S5DbbQj_yxgJTw,1
UCsJJAvrVGupdmhOqgtDp8dg,UCtUR3_CAiE7fCoZHM6cMfyQ,1
UCsJJAvrVGupdmhOqgtDp8dg,UCueV9cTyTDwgQSec1x2dYgA,1
UCsJJAvrVGupdmhOqgtDp8dg,UCujPF2nBgsTD62nWE3lcpIg,1
UCsJJAvrVGupdmhOqgtDp8dg,UCut6b9S98nv84cVX89PmKzA,1
UCsJJAvrVGupdmhOqgtDp8dg,UCvApqeCbLod-wejtT4CcVuA,1
UCsJJAvrVGupdmhOqgtDp8dg,UCwO2SXr0ggzwg6QWWrr01nQ,1
UCsJJAvrVGupdmhOqgtDp8dg,UCwW2OFy95P7ZBkOPxWkpvYg,1
UCsJJAvrVGupdmhOqgtDp8dg,UCwha8rxULYMVtNwZWeSkE1A,1
UCsJJAvrVGupdmhOqgtDp8dg,UCxff05WuyvwELNITi7bj7UA,1
UCsJJAvrVGupdmhOqgtDp8dg,UCySYJU5kUh7X8gVt9la2ISA,1
UCsJJAvrVGupdmhOqgtDp8dg,UCylqlpsh8ENNM1LqgQ1KbxA,1
UCsJJAvrVGupdmhOqgtDp8dg,UCz3gu01bmjNv0DpRq-K3XYg,1
UCsJJAvrVGupdmhOqgtDp8dg,UCzSfZlOVxBSs5ObD25ywxDQ,1
UCsJJAvrVGupdmhOqgtDp8dg,UCzoL2l5H5eVlorWGH8AZfAg,1
UCsSXdJct-nsS8DsABoEsaYA,UCsUCN0Yq_UyTvKjOJLmNrnQ,1
UCsSXdJct-nsS8DsABoEsaYA,UCsjs5Hp_r86x1xbK6FAeqaA,1
UCsSXdJct-nsS8DsABoEsaYA,UCtNfIBnc5S5DbbQj_yxgJTw,1
UCsSXdJct-nsS8DsABoEsaYA,UCtUR3_CAiE7fCoZHM6cMfyQ,1
UCsSXdJct-nsS8DsABoEsaYA,UCueV9cTyTDwgQSec1x2dYgA,1
UCsSXdJct-nsS8DsABoEsaYA,UCujPF2nBgsTD62nWE3lcpIg,1
UCsSXdJct-nsS8DsABoEsaYA,UCut6b9S98nv84cVX89PmKzA,1
UCsSXdJct-nsS8DsABoEsaYA,UCvApqeCbLod-wejtT4CcVuA,1
UCsSXdJct-nsS8DsABoEsaYA,UCwO2SXr0ggzwg6QWWrr01nQ,1
UCsSXdJct-nsS8DsABoEsaYA,UCwW2OFy95P7ZBkOPxWkpvYg,1
UCsSXdJct-nsS8DsABoEsaYA,UCwha8rxULYMVtNwZWeSkE1A,1
UCsSXdJct-nsS8DsABoEsaYA,UCxff05WuyvwELNITi7bj7UA,1
UCsSXdJct-nsS8DsABoEsaYA,UCySYJU5kUh7X8gVt9la2ISA,1
UCsSXdJct-nsS8DsABoEsaYA,UCylqlpsh8ENNM1LqgQ1KbxA,1
UCsSXdJct-nsS8DsABoEsaYA,UCz3gu01bmjNv0DpRq-K3XYg,1
UCsSXdJct-nsS8DsABoEsaYA,UCzSfZlOVxBSs5ObD25ywxDQ,1
UCsSXdJct-nsS8DsABoEsaYA,UCzoL2l5H5eVlorWGH8AZfAg,1
UCsUCN0Yq_UyTvKjOJLmNrnQ,UCsjs5Hp_r86x1xbK6FAeqaA,1
UCsUCN0Yq_UyTvKjOJLmNrnQ,UCtNfIBnc5S5DbbQj_yxgJTw,1
UCsUCN0Yq_UyTvKjOJLmNrnQ,UCtUR3_CAiE7fCoZHM6cMfyQ,1
UCsUCN0Yq_UyTvKjOJLmNrnQ,UCueV9cTyTDwgQSec1x2dYgA,1
UCsUCN0Yq_UyTvKjOJLmNrnQ,UCujPF2nBgsTD62nWE3lcpIg,1
UCsUCN0Yq_UyTvKjOJLmNrnQ,UCut6b9S98nv84cVX89PmKzA,1
UCsUCN0Yq_UyTvKjOJLmNrnQ,UCvApqeCbLod-wejtT4CcVuA,1
UCsUCN0Yq_UyTvKjOJLmNrnQ,UCwO2SXr0ggzwg6QWWrr01nQ,1
UCsUCN0Yq_UyTvKjOJLmNrnQ,UCwW2OFy95P7ZBkOPxWkpvYg,1
UCsUCN0Yq_UyTvKjOJLmNrnQ,UCwha8rxULYMVtNwZWeSkE1A,1
UCsUCN0Yq_UyTvKjOJLmNrnQ,UCxff05WuyvwELNITi7bj7UA,1
UCsUCN0Yq_UyTvKjOJLmNrnQ,UCySYJU5kUh7X8gVt9la2ISA,1
UCsUCN0Yq_UyTvKjOJLmNrnQ,UCylqlpsh8ENNM1LqgQ1KbxA,1
UCsUCN0Yq_UyTvKjOJLmNrnQ,UCz3gu01bmjNv0DpRq-K3XYg,1
UCsUCN0Yq_UyTvKjOJLmNrnQ,UCzSfZlOVxBSs5ObD25ywxDQ,1
UCsUCN0Yq_UyTvKjOJLmNrnQ,UCzoL2l5H5eVlorWGH8AZfAg,1
UCsjs5Hp_r86x1xbK6FAeqaA,UCtNfIBnc5S5DbbQj_yxgJTw,1
UCsjs5Hp_r86x1xbK6FAeqaA,UCtUR3_CAiE7fCoZHM6cMfyQ,1
UCsjs5Hp_r86x1xbK6FAeqaA,UCueV9cTyTDwgQSec1x2dYgA,1
UCsjs5Hp_r86x1xbK6FAeqaA,UCujPF2nBgsTD62nWE3lcpIg,1
UCsjs5Hp_r86x1xbK6FAeqaA,UCut6b9S98nv84cVX89PmKzA,1
UCsjs5Hp_r86x1xbK6FAeqaA,UCvApqeCbLod-wejtT4CcVuA,1
UCsjs5Hp_r86x1xbK6FAeqaA,UCwO2SXr0ggzwg6QWWrr01nQ,1
UCsjs5Hp_r86x1xbK6FAeqaA,UCwW2OFy95P7ZBkOPxWkpvYg,1
UCsjs5Hp_r86x1xbK6FAeqaA,UCwha8rxULYMVtNwZWeSkE1A,1
UCsjs5Hp_r86x1xbK6FAeqaA,UCxff05WuyvwELNITi7bj7UA,1
UCsjs5Hp_r86x1xbK6FAeqaA,UCySYJU5kUh7X8gVt9la2ISA,1
UCsjs5Hp_r86x1xbK6FAeqaA,UCylqlpsh8ENNM1LqgQ1KbxA,1
UCsjs5Hp_r86x1xbK6FAeqaA,UCz3gu01bmjNv0DpRq-K3XYg,1
UCsjs5Hp_r86x1xbK6FAeqaA,UCzSfZlOVxBSs5ObD25ywxDQ,1
UCsjs5Hp_r86x1xbK6FAeqaA,UCzoL2l5H5eVlorWGH8AZfAg,1
UCtNfIBnc5S5DbbQj_yxgJTw,UCtUR3_CAiE7fCoZHM6cMfyQ,1
UCtNfIBnc5S5DbbQj_yxgJTw,UCueV9cTyTDwgQSec1x2dYgA,1
UCtNfIBnc5S5DbbQj_yxgJTw,UCujPF2nBgsTD62nWE3lcpIg,1
UCtNfIBnc5S5DbbQj_yxgJTw,UCut6b9S98nv84cVX89PmKzA,1
UCtNfIBnc5S5DbbQj_yxgJTw,UCvApqeCbLod-wejtT4CcVuA,1
UCtNfIBnc5S5DbbQj_yxgJTw,UCwO2SXr0ggzwg6QWWrr01nQ,1
UCtNfIBnc5S5DbbQj_yxgJTw,UCwW2OFy95P7ZBkOPxWkpvYg,1
UCtNfIBnc5S5DbbQj_yxgJTw,UCwha8rxULYMVtNwZWeSkE1A,1
UCtNfIBnc5S5DbbQj_yxgJTw,UCxff05WuyvwELNITi7bj7UA,1
UCtNfIBnc5S5DbbQj_yxgJTw,UCySYJU5kUh7X8gVt9la2ISA,1
UCtNfIBnc5S5DbbQj_yxgJTw,UCylqlpsh8ENNM1LqgQ1KbxA,1
UCtNfIBnc5S5DbbQj_yxgJTw,UCz3gu01bmjNv0DpRq-K3XYg,1
UCtNfIBnc5S5DbbQj_yxgJTw,UCzSfZlOVxBSs5ObD25ywxDQ,1
UCtNfIBnc5S5DbbQj_yxgJTw,UCzoL2l5H5eVlorWGH8AZfAg,1
UCtUR3_CAiE7fCoZHM6cMfyQ,UCueV9cTyTDwgQSec1x2dYgA,1
UCtUR3_CAiE7fCoZHM6cMfyQ,UCujPF2nBgsTD62nWE3lcpIg,1
UCtUR3_CAiE7fCoZHM6cMfyQ,UCut6b9S98nv84cVX89PmKzA,1
UCtUR3_CAiE7fCoZHM6cMfyQ,UCvApqeCbLod-wejtT4CcVuA,1
UCtUR3_CAiE7fCoZHM6cMfyQ,UCwO2SXr0ggzwg6QWWrr01nQ,1
UCtUR3_CAiE7fCoZHM6cMfyQ,UCwW2OFy95P7ZBkOPxWkpvYg,1
UCtUR3_CAiE7fCoZHM6cMfyQ,UCwha8rxULYMVtNwZWeSkE1A,1
UCtUR3_CAiE7fCoZHM6cMfyQ,UCxff05WuyvwELNITi7bj7UA,1
UCtUR3_CAiE7fCoZHM6cMfyQ,UCySYJU5kUh7X8gVt9la2ISA,1
UCtUR3_CAiE7fCoZHM6cMfyQ,UCylqlpsh8ENNM1LqgQ1KbxA,1
UCtUR3_CAiE7fCoZHM6cMfyQ,UCz3gu01bmjNv0DpRq-K3XYg,1
UCtUR3_CAiE7fCoZHM6cMfyQ,UCzSfZlOVxBSs5ObD25ywxDQ,1
UCtUR3_CAiE7fCoZHM6cMfyQ,UCzoL2l5H5eVlorWGH8AZfAg,1
UCueV9cTyTDwgQSec1x2dYgA,UCujPF2nBgsTD62nWE3lcpIg,1
UCueV9cTyTDwgQSec1x2dYgA,UCut6b9S98nv84cVX89PmKzA,1
UCueV9cTyTDwgQSec1x2dYgA,UCvApqeCbLod-wejtT4CcVuA,1
UCueV9cTyTDwgQSec1x2dYgA,UCwO2SXr0ggzwg6QWWrr01nQ,1
UCueV9cTyTDwgQSec1x2dYgA,UCwW2OFy95P7ZBkOPxWkpvYg,1
UCueV9cTyTDwgQSec1x2dYgA,UCwha8rxULYMVtNwZWeSkE1A,1
UCueV9cTyTDwgQSec1x2dYgA,UCxff05WuyvwELNITi7bj7UA,1
UCueV9cTyTDwgQSec1x2dYgA,UCySYJU5kUh7X8gVt9la2ISA,1
UCueV9cTyTDwgQSec1x2dYgA,UCylqlpsh8ENNM1LqgQ1KbxA,1
UCueV9cTyTDwgQSec1x2dYgA,UCz3gu01bmjNv0DpRq-K3XYg,1
UCueV9cTyTDwgQSec1x2dYgA,UCzSfZlOVxBSs5ObD25ywxDQ,1
UCueV9cTyTDwgQSec1x2dYgA,UCzoL2l5H5eVlorWGH8AZfAg,1
UCujPF2nBgsTD62nWE3lcpIg,UCut6b9S98nv84cVX89PmKzA,1
UCujPF2nBgsTD62nWE3lcpIg,UCvApqeCbLod-wejtT4CcVuA,1
UCujPF2nBgsTD62nWE3lcpIg,UCwO2SXr0ggzwg6QWWrr01nQ,1
UCujPF2nBgsTD62nWE3lcpIg,UCwW2OFy95P7ZBkOPxWkpvYg,1
UCujPF2nBgsTD62nWE3lcpIg,UCwha8rxULYMVtNwZWeSkE1A,1
UCujPF2nBgsTD62nWE3lcpIg,UCxff05WuyvwELNITi7bj7UA,1
UCujPF2nBgsTD62nWE3lcpIg,UCySYJU5kUh7X8gVt9la2ISA,1
UCujPF2nBgsTD62nWE3lcpIg,UCylqlpsh8ENNM1LqgQ1KbxA,1
UCujPF2nBgsTD62nWE3lcpIg,UCz3gu01bmjNv0DpRq-K3XYg,1
UCujPF2nBgsTD62nWE3lcpIg,UCzSfZlOVxBSs5ObD25ywxDQ,1
UCujPF2nBgsTD62nWE3lcpIg,UCzoL2l5H5eVlorWGH8AZfAg,1
UCut6b9S98nv84cVX89PmKzA,UCvApqeCbLod-wejtT4CcVuA,1
UCut6b9S98nv84cVX89PmKzA,UCwO2SXr0ggzwg6QWWrr01nQ,1
UCut6b9S98nv84cVX89PmKzA,UCwW2OFy95P7ZBkOPxWkpvYg,1
UCut6b9S98nv84cVX89PmKzA,UCwha8rxULYMVtNwZWeSkE1A,1
UCut6b9S98nv84cVX89PmKzA,UCxff05WuyvwELNITi7bj7UA,1
UCut6b9S98nv84cVX89PmKzA,UCySYJU5kUh7X8gVt9la2ISA,1
UCut6b9S98nv84cVX89PmKzA,UCylqlpsh8ENNM1LqgQ1KbxA,1
UCut6b9S98nv84cVX89PmKzA,UCz3gu01bmjNv0DpRq-K3XYg,1
UCut6b9S98nv84cVX89PmKzA,UCzSfZlOVxBSs5ObD25ywxDQ,1
UCut6b9S98nv84cVX89PmKzA,UCzoL2l5H5eVlorWGH8AZfAg,1
UCvApqeCbLod-wejtT4CcVuA,UCwO2SXr0ggzwg6QWWrr01nQ,1
UCvApqeCbLod-wejtT4CcVuA,UCwW2OFy95P7ZBkOPxWkpvYg,1
UCvApqeCbLod-wejtT4CcVuA,UCwha8rxULYMVtNwZWeSkE1A,1
UCvApqeCbLod-wejtT4CcVuA,UCxff05WuyvwELNITi7bj7UA,1
UCvApqeCbLod-wejtT4CcVuA,UCySYJU5kUh7X8gVt9la2ISA,1
UCvApqeCbLod-wejtT4CcVuA,UCylqlpsh8ENNM1LqgQ1KbxA,1
UCvApqeCbLod-wejtT4CcVuA,UCz3gu01bmjNv0DpRq-K3XYg,1
UCvApqeCbLod-wejtT4CcVuA,UCzSfZlOVxBSs5ObD25ywxDQ,1
UCvApqeCbLod-wejtT4CcVuA,UCzoL2l5H5eVlorWGH8AZfAg,1
UCwO2SXr0ggzwg6QWWrr01nQ,UCwW2OFy95P7ZBkOPxWkpvYg,1
UCwO2SXr0ggzwg6QWWrr01nQ,UCwha8rxULYMVtNwZWeSkE1A,1
UCwO2SXr0ggzwg6QWWrr01nQ,UCxff05WuyvwELNITi7bj7UA,1
UCwO2SXr0ggzwg6QWWrr01nQ,UCySYJU5kUh7X8gVt9la2ISA,1
UCwO2SXr0ggzwg6QWWrr01nQ,UCylqlpsh8ENNM1LqgQ1KbxA,1
UCwO2SXr0ggzwg6QWWrr01nQ,UCz3gu01bmjNv0DpRq-K3XYg,1
UCwO2SXr0ggzwg6QWWrr01nQ,UCzSfZlOVxBSs5ObD25ywxDQ,1
UCwO2SXr0ggzwg6QWWrr01nQ,UCzoL2l5H5eVlorWGH8AZfAg,1
UCwW2OFy95P7ZBkOPxWkpvYg,UCwha8rxULYMVtNwZWeSkE1A,1
UCwW2OFy95P7ZBkOPxWkpvYg,UCxff05WuyvwELNITi7bj7UA,1
UCwW2OFy95P7ZBkOPxWkpvYg,UCySYJU5kUh7X8gVt9la2ISA,1
UCwW2OFy95P7ZBkOPxWkpvYg,UCylqlpsh8ENNM1LqgQ1KbxA,1
UCwW2OFy95P7ZBkOPxWkpvYg,UCz3gu01bmjNv0DpRq-K3XYg,1
UCwW2OFy95P7ZBkOPxWkpvYg,UCzSfZlOVxBSs5ObD25ywxDQ,1
UCwW2OFy95P7ZBkOPxWkpvYg,UCzoL2l5H5eVlorWGH8AZfAg,1
UCwha8rxULYMVtNwZWeSkE1A,UCxff05WuyvwELNITi7bj7UA,1
UCwha8rxULYMVtNwZWeSkE1A,UCySYJU5kUh7X8gVt9la2ISA,1
UCwha8rxULYMVtNwZWeSkE1A,UCylqlpsh8ENNM1LqgQ1KbxA,1
UCwha8rxULYMVtNwZWeSkE1A,UCz3gu01bmjNv0DpRq-K3XYg,1
UCwha8rxULYMVtNwZWeSkE1A,UCzSfZlOVxBSs5ObD25ywxDQ,1
UCwha8rxULYMVtNwZWeSkE1A,UCzoL2l5H5eVlorWGH8AZfAg,1
UCxff05WuyvwELNITi7bj7UA,UCySYJU5kUh7X8gVt9la2ISA,1
UCxff05WuyvwELNITi7bj7UA,UCylqlpsh8ENNM1LqgQ1KbxA,1
UCxff05WuyvwELNITi7bj7UA,UCz3gu01bmjNv0DpRq-K3XYg,1
UCxff05WuyvwELNITi7bj7UA,UCzSfZlOVxBSs5ObD25ywxDQ,1
UCxff05WuyvwELNITi7bj7UA,UCzoL2l5H5eVlorWGH8AZfAg,1
UCySYJU5kUh7X8gVt9la2ISA,UCylqlpsh8ENNM1LqgQ1KbxA,1
UCySYJU5kUh7X8gVt9la2ISA,UCz3gu01bmjNv0DpRq-K3XYg,1
UCySYJU5kUh7X8gVt9la2ISA,UCzSfZlOVxBSs5ObD25ywxDQ,1
UCySYJU5kUh7X8gVt9la2ISA,UCzoL2l5H5eVlorWGH8AZfAg,1
UCylqlpsh8ENNM1LqgQ1KbxA,UCz3gu01bmjNv0DpRq-K3XYg,1
UCylqlpsh8ENNM1LqgQ1KbxA,UCzSfZlOVxBSs5ObD25ywxDQ,1
UCylqlpsh8ENNM1LqgQ1KbxA,UCzoL2l5H5eVlorWGH8AZfAg,1
UCz3gu01bmjNv0DpRq-K3XYg,UCzSfZlOVxBSs5ObD25ywxDQ,1
UCz3gu01bmjNv0DpRq-K3XYg,UCzoL2l5H5eVlorWGH8AZfAg,1
UCzSfZlOVxBSs5ObD25ywxDQ,UCzoL2l5H5eVlorWGH8AZfAg,1
UC094EFEmMSdwVa8NQjjYBXg,UC3iIU62XKUOWuqL8BqBzj9A,1
UC094EFEmMSdwVa8NQjjYBXg,UC5PrBbmUlQolwqmiru7yZhw,1
UC094EFEmMSdwVa8NQjjYBXg,UC9Wp6vL5oCU37qC3Aj94WZA,1
UC094EFEmMSdwVa8NQjjYBXg,UCGm3gRBEHGRJYmtCryZLtDw,1
UC094EFEmMSdwVa8NQjjYBXg,UCHu8x4MVkayU6VgwVKd--MQ,1
UC094EFEmMSdwVa8NQjjYBXg,UCsUCN0Yq_UyTvKjOJLmNrnQ,1
UC3iIU62XKUOWuqL8BqBzj9A,UC5PrBbmUlQolwqmiru7yZhw,1
UC3iIU62XKUOWuqL8BqBzj9A,UC9Wp6vL5oCU37qC3Aj94WZA,1
UC3iIU62XKUOWuqL8BqBzj9A,UCGm3gRBEHGRJYmtCryZLtDw,1
UC3iIU62XKUOWuqL8BqBzj9A,UCHu8x4MVkayU6VgwVKd--MQ,1
UC3iIU62XKUOWuqL8BqBzj9A,UCsUCN0Yq_UyTvKjOJLmNrnQ,1
UC5PrBbmUlQolwqmiru7yZhw,UC9Wp6vL5oCU37qC3Aj94WZA,1
UC5PrBbmUlQolwqmiru7yZhw,UCGm3gRBEHGRJYmtCryZLtDw,1
UC5PrBbmUlQolwqmiru7yZhw,UCHu8x4MVkayU6VgwVKd--MQ,1
UC5PrBbmUlQolwqmiru7yZhw,UCsUCN0Yq_UyTvKjOJLmNrnQ,1
UC9Wp6vL5oCU37qC3Aj94WZA,UCGm3gRBEHGRJYmtCryZLtDw,1
UC9Wp6vL5oCU37qC3Aj94WZA,UCHu8x4MVkayU6VgwVKd--MQ,1
UC9Wp6vL5oCU37qC3Aj94WZA,UCsUCN0Yq_UyTvKjOJLmNrnQ,1
UCGm3gRBEHGRJYmtCryZLtDw,UCHu8x4MVkayU6VgwVKd--MQ,1
UCGm3gRBEHGRJYmtCryZLtDw,UCsUCN0Yq_UyTvKjOJLmNrnQ,1
UCHu8x4MVkayU6VgwVKd--MQ,UCsUCN0Yq_UyTvKjOJLmNrnQ,1
UC0RpuMwkDKJYqgKHtsJRuWQ,UC0aEyakBPqcBkVJiErfSupQ,1
UC0RpuMwkDKJYqgKHtsJRuWQ,UC5PyGvSfFM--OVKmQ3COu6g,1
UC0RpuMwkDKJYqgKHtsJRuWQ,UC5fvhAfm89JH8eDFdvc0xYw,1
UC0RpuMwkDKJYqgKHtsJRuWQ,UCFOxCyF926Y9eHhMeVoWLzw,1
UC0RpuMwkDKJYqgKHtsJRuWQ,UCGqKxQS-z3NZzZF-2w338AA,1
UC0RpuMwkDKJYqgKHtsJRuWQ,UCHMQ_lDhibZ-XZ_3fo6oxwg,1
UC0RpuMwkDKJYqgKHtsJRuWQ,UCIUhbSCy3-SGRe5UtqM4fzQ,1
UC0RpuMwkDKJYqgKHtsJRuWQ,UCIp19h9igblA2YKfSLPDAug,1
UC0RpuMwkDKJYqgKHtsJRuWQ,UCRcSR3Lvn9DZAmJpVPANfZQ,1
UC0RpuMwkDKJYqgKHtsJRuWQ,UCRznz9-N3Qc1w-qNdLSIY2Q,1
UC0RpuMwkDKJYqgKHtsJRuWQ,UCSTAUWVc1_82DHYeqOsqEFA,1
UC0RpuMwkDKJYqgKHtsJRuWQ,UCXmrpc6Li0spcKxtS0Q_ptg,1
UC0RpuMwkDKJYqgKHtsJRuWQ,UCY7Hq7F9Lnucf-Yr6JkHZNw,1
UC0RpuMwkDKJYqgKHtsJRuWQ,UC_ljZ1hZXR9pzexFz87P5ZA,1
UC0RpuMwkDKJYqgKHtsJRuWQ,UCaT6M2zp7X6r6Whd8Vv3kHQ,1
UC0RpuMwkDKJYqgKHtsJRuWQ,UCgLrWFdYitoP-b7-PxtUr-w,1
UC0RpuMwkDKJYqgKHtsJRuWQ,UCgLurCo-e019HGODcjXHWCw,1
UC0RpuMwkDKJYqgKHtsJRuWQ,UCi-vPdnpQreC7BkFs40mJGA,1
UC0RpuMwkDKJYqgKHtsJRuWQ,UCqilIa8r7iek5sGYg_q6ofA,1
UC0RpuMwkDKJYqgKHtsJRuWQ,UCs_5qeqdku9tGAq22y3OcuQ,1
UC0RpuMwkDKJYqgKHtsJRuWQ,UCtMBF_1O2jY2INlb_luuB_A,1
UC0RpuMwkDKJYqgKHtsJRuWQ,UCwUAv3_LpWVtTIi7lkmTL7A,1
UC0RpuMwkDKJYqgKHtsJRuWQ,UCxKR3RA8T-kxMgq_2WWhRcQ,1
UC0RpuMwkDKJYqgKHtsJRuWQ,UCyzf29IYjNw67gGIfsjgtxA,1
UC0aEyakBPqcBkVJiErfSupQ,UC5PyGvSfFM--OVKmQ3COu6g,1
UC0aEyakBPqcBkVJiErfSupQ,UC5fvhAfm89JH8eDFdvc0xYw,1
UC0aEyakBPqcBkVJiErfSupQ,UCFOxCyF926Y9eHhMeVoWLzw,1
UC0aEyakBPqcBkVJiErfSupQ,UCGqKxQS-z3NZzZF-2w338AA,1
UC0aEyakBPqcBkVJiErfSupQ,UCHMQ_lDhibZ-XZ_3fo6oxwg,1
UC0aEyakBPqcBkVJiErfSupQ,UCIUhbSCy3-SGRe5UtqM4fzQ,1
UC0aEyakBPqcBkVJiErfSupQ,UCIp19h9igblA2YKfSLPDAug,1
UC0aEyakBPqcBkVJiErfSupQ,UCRcSR3Lvn9DZAmJpVPANfZQ,1
UC0aEyakBPqcBkVJiErfSupQ,UCRznz9-N3Qc1w-qNdLSIY2Q,1
UC0aEyakBPqcBkVJiErfSupQ,UCSTAUWVc1_82DHYeqOsqEFA,1
UC0aEyakBPqcBkVJiErfSupQ,UCXmrpc6Li0spcKxtS0Q_ptg,1
UC0aEyakBPqcBkVJiErfSupQ,UCY7Hq7F9Lnucf-Yr6JkHZNw,1
UC0aEyakBPqcBkVJiErfSupQ,UC_ljZ1hZXR9pzexFz87P5ZA,1
UC0aEyakBPqcBkVJiErfSupQ,UCaT6M2zp7X6r6Whd8Vv3kHQ,1
UC0aEyakBPqcBkVJiErfSupQ,UCgLrWFdYitoP-b7-PxtUr-w,1
UC0aEyakBPqcBkVJiErfSupQ,UCgLurCo-e019HGODcjXHWCw,1
UC0aEyakBPqcBkVJiErfSupQ,UCi-vPdnpQreC7BkFs40mJGA,1
UC0aEyakBPqcBkVJiErfSupQ,UCqilIa8r7iek5sGYg_q6ofA,1
UC0aEyakBPqcBkVJiErfSupQ,UCs_5qeqdku9tGAq22y3OcuQ,1
UC0aEyakBPqcBkVJiErfSupQ,UCtMBF_1O2jY2INlb_luuB_A,1
UC0aEyakBPqcBkVJiErfSupQ,UCwUAv3_LpWVtTIi7lkmTL7A,1
UC0aEyakBPqcBkVJiErfSupQ,UCxKR3RA8T-kxMgq_2WWhRcQ,1
UC0aEyakBPqcBkVJiErfSupQ,UCyzf29IYjNw67gGIfsjgtxA,1
UC5PyGvSfFM--OVKmQ3COu6g,UC5fvhAfm89JH8eDFdvc0xYw,1
UC5PyGvSfFM--OVKmQ3COu6g,UCFOxCyF926Y9eHhMeVoWLzw,1
UC5PyGvSfFM--OVKmQ3COu6g,UCGqKxQS-z3NZzZF-2w338AA,1
UC5PyGvSfFM--OVKmQ3COu6g,UCHMQ_lDhibZ-XZ_3fo6oxwg,1
UC5PyGvSfFM--OVKmQ3COu6g,UCIUhbSCy3-SGRe5UtqM4fzQ,1
UC5PyGvSfFM--OVKmQ3COu6g,UCIp19h9igblA2YKfSLPDAug,1
UC5PyGvSfFM--OVKmQ3COu6g,UCRcSR3Lvn9DZAmJpVPANfZQ,1
UC5PyGvSfFM--OVKmQ3COu6g,UCRznz9-N3Qc1w-qNdLSIY2Q,1
UC5PyGvSfFM--OVKmQ3COu6g,UCSTAUWVc1_82DHYeqOsqEFA,1
UC5PyGvSfFM--OVKmQ3COu6g,UCXmrpc6Li0spcKxtS0Q_ptg,1
UC5PyGvSfFM--OVKmQ3COu6g,UCY7Hq7F9Lnucf-Yr6JkHZNw,1
UC5PyGvSfFM--OVKmQ3COu6g,UC_ljZ1hZXR9pzexFz87P5ZA,1
UC5PyGvSfFM--OVKmQ3COu6g,UCaT6M2zp7X6r6Whd8Vv3kHQ,1
UC5PyGvSfFM--OVKmQ3COu6g,UCgLrWFdYitoP-b7-PxtUr-w,1
UC5PyGvSfFM--OVKmQ3COu6g,UCgLurCo-e019HGODcjXHWCw,1
UC5PyGvSfFM--OVKmQ3COu6g,UCi-vPdnpQreC7BkFs40mJGA,1
UC5PyGvSfFM--OVKmQ3COu6g,UCqilIa8r7iek5sGYg_q6ofA,1
UC5PyGvSfFM--OVKmQ3COu6g,UCs_5qeqdku9tGAq22y3OcuQ,1
UC5PyGvSfFM--OVKmQ3COu6g,UCtMBF_1O2jY2INlb_luuB_A,1
UC5PyGvSfFM--OVKmQ3COu6g,UCwUAv3_LpWVtTIi7lkmTL7A,1
UC5PyGvSfFM--OVKmQ3COu6g,UCxKR3RA8T-kxMgq_2WWhRcQ,1
UC5PyGvSfFM--OVKmQ3COu6g,UCyzf29IYjNw67gGIfsjgtxA,1
UC5fvhAfm89JH8eDFdvc0xYw,UCFOxCyF926Y9eHhMeVoWLzw,1
UC5fvhAfm89JH8eDFdvc0xYw,UCGqKxQS-z3NZzZF-2w338AA,1
UC5fvhAfm89JH8eDFdvc0xYw,UCHMQ_lDhibZ-XZ_3fo6oxwg,1
UC5fvhAfm89JH8eDFdvc0xYw,UCIUhbSCy3-SGRe5UtqM4fzQ,1
UC5fvhAfm89JH8eDFdvc0xYw,UCIp19h9igblA2YKfSLPDAug,1
UC5fvhAfm89JH8eDFdvc0xYw,UCRcSR3Lvn9DZAmJpVPANfZQ,1
UC5fvhAfm89JH8eDFdvc0xYw,UCRznz9-N3Qc1w-qNdLSIY2Q,1
UC5fvhAfm89JH8eDFdvc0xYw,UCSTAUWVc1_82DHYeqOsqEFA,1
UC5fvhAfm89JH8eDFdvc0xYw,UCXmrpc6Li0spcKxtS0Q_ptg,1
UC5fvhAfm89JH8eDFdvc0xYw,UCY7Hq7F9Lnucf-Yr6JkHZNw,1
UC5fvhAfm89JH8eDFdvc0xYw,UC_ljZ1hZXR9pzexFz87P5ZA,1
UC5fvhAfm89JH8eDFdvc0xYw,UCaT6M2zp7X6r6Whd8Vv3kHQ,1
UC5fvhAfm89JH8eDFdvc0xYw,UCgLrWFdYitoP-b7-PxtUr-w,1
UC5fvhAfm89JH8eDFdvc0xYw,UCgLurCo-e019HGODcjXHWCw,1
UC5fvhAfm89JH8eDFdvc0xYw,UCi-vPdnpQreC7BkFs40mJGA,1
UC5fvhAfm89JH8eDFdvc0xYw,UCqilIa8r7iek5sGYg_q6ofA,1
UC5fvhAfm89JH8eDFdvc0xYw,UCs_5qeqdku9tGAq22y3OcuQ,1
UC5fvhAfm89JH8eDFdvc0xYw,UCtMBF_1O2jY2INlb_luuB_A,1
UC5fvhAfm89JH8eDFdvc0xYw,UCwUAv3_LpWVtTIi7lkmTL7A,1
UC5fvhAfm89JH8eDFdvc0xYw,UCxKR3RA8T-kxMgq_2WWhRcQ,1
UC5fvhAfm89JH8eDFdvc0xYw,UCyzf29IYjNw67gGIfsjgtxA,1
UCFOxCyF926Y9eHhMeVoWLzw,UCGqKxQS-z3NZzZF-2w338AA,1
UCFOxCyF926Y9eHhMeVoWLzw,UCHMQ_lDhibZ-XZ_3fo6oxwg,1
UCFOxCyF926Y9eHhMeVoWLzw,UCIUhbSCy3-SGRe5UtqM4fzQ,1
UCFOxCyF926Y9eHhMeVoWLzw,UCIp19h9igblA2YKfSLPDAug,1
UCFOxCyF926Y9eHhMeVoWLzw,UCRcSR3Lvn9DZAmJpVPANfZQ,1
UCFOxCyF926Y9eHhMeVoWLzw,UCRznz9-N3Qc1w-qNdLSIY2Q,1
UCFOxCyF926Y9eHhMeVoWLzw,UCSTAUWVc1_82DHYeqOsqEFA,1
UCFOxCyF926Y9eHhMeVoWLzw,UCXmrpc6Li0spcKxtS0Q_ptg,1
UCFOxCyF926Y9eHhMeVoWLzw,UCY7Hq7F9Lnucf-Yr6JkHZNw,1
UCFOxCyF926Y9eHhMeVoWLzw,UC_ljZ1hZXR9pzexFz87P5ZA,1
UCFOxCyF926Y9eHhMeVoWLzw,UCaT6M2zp7X6r6Whd8Vv3kHQ,1
UCFOxCyF926Y9eHhMeVoWLzw,UCgLrWFdYitoP-b7-PxtUr-w,1
UCFOxCyF926Y9eHhMeVoWLzw,UCgLurCo-e019HGODcjXHWCw,1
UCFOxCyF926Y9eHhMeVoWLzw,UCi-vPdnpQreC7BkFs40mJGA,1
UCFOxCyF926Y9eHhMeVoWLzw,UCqilIa8r7iek5sGYg_q6ofA,1
UCFOxCyF926Y9eHhMeVoWLzw,UCs_5qeqdku9tGAq22y3OcuQ,1
UCFOxCyF926Y9eHhMeVoWLzw,UCtMBF_1O2jY2INlb_luuB_A,1
UCFOxCyF926Y9eHhMeVoWLzw,UCwUAv3_LpWVtTIi7lkmTL7A,1
UCFOxCyF926Y9eHhMeVoWLzw,UCxKR3RA8T-kxMgq_2WWhRcQ,1
UCFOxCyF926Y9eHhMeVoWLzw,UCyzf29IYjNw67gGIfsjgtxA,1
UCGqKxQS-z3NZzZF-2w338AA,UCHMQ_lDhibZ-XZ_3fo6oxwg,1
UCGqKxQS-z3NZzZF-2w338AA,UCIUhbSCy3-SGRe5UtqM4fzQ,1
UCGqKxQS-z3NZzZF-2w338AA,UCIp19h9igblA2YKfSLPDAug,1
UCGqKxQS-z3NZzZF-2w338AA,UCRcSR3Lvn9DZAmJpVPANfZQ,1
UCGqKxQS-z3NZzZF-2w338AA,UCRznz9-N3Qc1w-qNdLSIY2Q,1
UCGqKxQS-z3NZzZF-2w338AA,UCSTAUWVc1_82DHYeqOsqEFA,1
UCGqKxQS-z3NZzZF-2w338AA,UCXmrpc6Li0spcKxtS0Q_ptg,1
UCGqKxQS-z3NZzZF-2w338AA,UCY7Hq7F9Lnucf-Yr6JkHZNw,1
UCGqKxQS-z3NZzZF-2w338AA,UC_ljZ1hZXR9pzexFz87P5ZA,1
UCGqKxQS-z3NZzZF-2w338AA,UCaT6M2zp7X6r6Whd8Vv3kHQ,1
UCGqKxQS-z3NZzZF-2w338AA,UCgLrWFdYitoP-b7-PxtUr-w,1
UCGqKxQS-z3NZzZF-2w338AA,UCgLurCo-e019HGODcjXHWCw,1
UCGqKxQS-z3NZzZF-2w338AA,UCi-vPdnpQreC7BkFs40mJGA,1
UCGqKxQS-z3NZzZF-2w338AA,UCqilIa8r7iek5sGYg_q6ofA,1
UCGqKxQS-z3NZzZF-2w338AA,UCs_5qeqdku9tGAq22y3OcuQ,1
UCGqKxQS-z3NZzZF-2w338AA,UCtMBF_1O2jY2INlb_luuB_A,1
UCGqKxQS-z3NZzZF-2w338AA,UCwUAv3_LpWVtTIi7lkmTL7A,1
UCGqKxQS-z3NZzZF-2w338AA,UCxKR3RA8T-kxMgq_2WWhRcQ,1
UCGqKxQS-z3NZzZF-2w338AA,UCyzf29IYjNw67gGIfsjgtxA,1
UCHMQ_lDhibZ-XZ_3fo6oxwg,UCIUhbSCy3-SGRe5UtqM4fzQ,1
UCHMQ_lDhibZ-XZ_3fo6oxwg,UCIp19h9igblA2YKfSLPDAug,1
UCHMQ_lDhibZ-XZ_3fo6oxwg,UCRcSR3Lvn9DZAmJpVPANfZQ,1
UCHMQ_lDhibZ-XZ_3fo6oxwg,UCRznz9-N3Qc1w-qNdLSIY2Q,1
UCHMQ_lDhibZ-XZ_3fo6oxwg,UCSTAUWVc1_82DHYeqOsqEFA,1
UCHMQ_lDhibZ-XZ_3fo6oxwg,UCXmrpc6Li0spcKxtS0Q_ptg,1
UCHMQ_lDhibZ-XZ_3fo6oxwg,UCY7Hq7F9Lnucf-Yr6JkHZNw,1
UCHMQ_lDhibZ-XZ_3fo6oxwg,UC_ljZ1hZXR9pzexFz87P5ZA,1
UCHMQ_lDhibZ-XZ_3fo6oxwg,UCaT6M2zp7X6r6Whd8Vv3kHQ,1
UCHMQ_lDhibZ-XZ_3fo6oxwg,UCgLrWFdYitoP-b7-PxtUr-w,1
UCHMQ_lDhibZ-XZ_3fo6oxwg,UCgLurCo-e019HGODcjXHWCw,1
UCHMQ_lDhibZ-XZ_3fo6oxwg,UCi-vPdnpQreC7BkFs40mJGA,1
UCHMQ_lDhibZ-XZ_3fo6oxwg,UCqilIa8r7iek5sGYg_q6ofA,1
UCHMQ_lDhibZ-XZ_3fo6oxwg,UCs_5qeqdku9tGAq22y3OcuQ,1
UCHMQ_lDhibZ-XZ_3fo6oxwg,UCtMBF_1O2jY2INlb_luuB_A,1
UCHMQ_lDhibZ-XZ_3fo6oxwg,UCwUAv3_LpWVtTIi7lkmTL7A,1
UCHMQ_lDhibZ-XZ_3fo6oxwg,UCxKR3RA8T-kxMgq_2WWhRcQ,1
UCHMQ_lDhibZ-XZ_3fo6oxwg,UCyzf29IYjNw67gGIfsjgtxA,1
UCIUhbSCy3-SGRe5UtqM4fzQ,UCIp19h9igblA2YKfSLPDAug,1
UCIUhbSCy3-SGRe5UtqM4fzQ,UCRcSR3Lvn9DZAmJpVPANfZQ,1
UCIUhbSCy3-SGRe5UtqM4fzQ,UCRznz9-N3Qc1w-qNdLSIY2Q,1
UCIUhbSCy3-SGRe5UtqM4fzQ,UCSTAUWVc1_82DHYeqOsqEFA,1
UCIUhbSCy3-SGRe5UtqM4fzQ,UCXmrpc6Li0spcKxtS0Q_ptg,1
UCIUhbSCy3-SGRe5UtqM4fzQ,UCY7Hq7F9Lnucf-Yr6JkHZNw,1
UCIUhbSCy3-SGRe5UtqM4fzQ,UC_ljZ1hZXR9pzexFz87P5ZA,1
UCIUhbSCy3-SGRe5UtqM4fzQ,UCaT6M2zp7X6r6Whd8Vv3kHQ,1
UCIUhbSCy3-SGRe5UtqM4fzQ,UCgLrWFdYitoP-b7-PxtUr-w,1
UCIUhbSCy3-SGRe5UtqM4fzQ,UCgLurCo-e019HGODcjXHWCw,1
UCIUhbSCy3-SGRe5UtqM4fzQ,UCi-vPdnpQreC7BkFs40mJGA,1
UCIUhbSCy3-SGRe5UtqM4fzQ,UCqilIa8r7iek5sGYg_q6ofA,1
UCIUhbSCy3-SGRe5UtqM4fzQ,UCs_5qeqdku9tGAq22y3OcuQ,1
UCIUhbSCy3-SGRe5UtqM4fzQ,UCtMBF_1O2jY2INlb_luuB_A,1
UCIUhbSCy3-SGRe5UtqM4fzQ,UCwUAv3_LpWVtTIi7lkmTL7A,1
UCIUhbSCy3-SGRe5UtqM4fzQ,UCxKR3RA8T-kxMgq_2WWhRcQ,1
UCIUhbSCy3-SGRe5UtqM4fzQ,UCyzf29IYjNw67gGIfsjgtxA,1
UCIp19h9igblA2YKfSLPDAug,UCRcSR3Lvn9DZAmJpVPANfZQ,1
UCIp19h9igblA2YKfSLPDAug,UCRznz9-N3Qc1w-qNdLSIY2Q,1
UCIp19h9igblA2YKfSLPDAug,UCSTAUWVc1_82DHYeqOsqEFA,1
UCIp19h9igblA2YKfSLPDAug,UCXmrpc6Li0spcKxtS0Q_ptg,1
UCIp19h9igblA2YKfSLPDAug,UCY7Hq7F9Lnucf-Yr6JkHZNw,1
UCIp19h9igblA2YKfSLPDAug,UC_ljZ1hZXR9pzexFz87P5ZA,1
UCIp19h9igblA2YKfSLPDAug,UCaT6M2zp7X6r6Whd8Vv3kHQ,1
UCIp19h9igblA2YKfSLPDAug,UCgLrWFdYitoP-b7-PxtUr-w,1
UCIp19h9igblA2YKfSLPDAug,UCgLurCo-e019HGODcjXHWCw,1
UCIp19h9igblA2YKfSLPDAug,UCi-vPdnpQreC7BkFs40mJGA,1
UCIp19h9igblA2YKfSLPDAug,UCqilIa8r7iek5sGYg_q6ofA,1
UCIp19h9igblA2YKfSLPDAug,UCs_5qeqdku9tGAq22y3OcuQ,1
UCIp19h9igblA2YKfSLPDAug,UCtMBF_1O2jY2INlb_luuB_A,1
UCIp19h9igblA2YKfSLPDAug,UCwUAv3_LpWVtTIi7lkmTL7A,1
UCIp19h9igblA2YKfSLPDAug,UCxKR3RA8T-kxMgq_2WWhRcQ,1
UCIp19h9igblA2YKfSLPDAug,UCyzf29IYjNw67gGIfsjgtxA,1
UCRcSR3Lvn9DZAmJpVPANfZQ,UCRznz9-N3Qc1w-qNdLSIY2Q,1
UCRcSR3Lvn9DZAmJpVPANfZQ,UCSTAUWVc1_82DHYeqOsqEFA,1
UCRcSR3Lvn9DZAmJpVPANfZQ,UCXmrpc6Li0spcKxtS0Q_ptg,1
UCRcSR3Lvn9DZAmJpVPANfZQ,UCY7Hq7F9Lnucf-Yr6JkHZNw,1
UCRcSR3Lvn9DZAmJpVPANfZQ,UC_ljZ1hZXR9pzexFz87P5ZA,1
UCRcSR3Lvn9DZAmJpVPANfZQ,UCaT6M2zp7X6r6Whd8Vv3kHQ,1
UCRcSR3Lvn9DZAmJpVPANfZQ,UCgLrWFdYitoP-b7-PxtUr-w,1
UCRcSR3Lvn9DZAmJpVPANfZQ,UCgLurCo-e019HGODcjXHWCw,1
UCRcSR3Lvn9DZAmJpVPANfZQ,UCi-vPdnpQreC7BkFs40mJGA,1
UCRcSR3Lvn9DZAmJpVPANfZQ,UCqilIa8r7iek5sGYg_q6ofA,1
UCRcSR3Lvn9DZAmJpVPANfZQ,UCs_5qeqdku9tGAq22y3OcuQ,1
UCRcSR3Lvn9DZAmJpVPANfZQ,UCtMBF_1O2jY2INlb_luuB_A,1
UCRcSR3Lvn9DZAmJpVPANfZQ,UCwUAv3_LpWVtTIi7lkmTL7A,1
UCRcSR3Lvn9DZAmJpVPANfZQ,UCxKR3RA8T-kxMgq_2WWhRcQ,1
UCRcSR3Lvn9DZAmJpVPANfZQ,UCyzf29IYjNw67gGIfsjgtxA,1
UCRznz9-N3Qc1w-qNdLSIY2Q,UCSTAUWVc1_82DHYeqOsqEFA,1
UCRznz9-N3Qc1w-qNdLSIY2Q,UCXmrpc6Li0spcKxtS0Q_ptg,1
UCRznz9-N3Qc1w-qNdLSIY2Q,UCY7Hq7F9Lnucf-Yr6JkHZNw,1
UCRznz9-N3Qc1w-qNdLSIY2Q,UC_ljZ1hZXR9pzexFz87P5ZA,1
UCRznz9-N3Qc1w-qNdLSIY2Q,UCaT6M2zp7X6r6Whd8Vv3kHQ,1
UCRznz9-N3Qc1w-qNdLSIY2Q,UCgLrWFdYitoP-b7-PxtUr-w,1
UCRznz9-N3Qc1w-qNdLSIY2Q,UCgLurCo-e019HGODcjXHWCw,1
UCRznz9-N3Qc1w-qNdLSIY2Q,UCi-vPdnpQreC7BkFs40mJGA,1
UCRznz9-N3Qc1w-qNdLSIY2Q,UCqilIa8r7iek5sGYg_q6ofA,1
UCRznz9-N3Qc1w-qNdLSIY2Q,UCs_5qeqdku9tGAq22y3OcuQ,1
UCRznz9-N3Qc1w-qNdLSIY2Q,UCtMBF_1O2jY2INlb_luuB_A,1
UCRznz9-N3Qc1w-qNdLSIY2Q,UCwUAv3_LpWVtTIi7lkmTL7A,1
UCRznz9-N3Qc1w-qNdLSIY2Q,UCxKR3RA8T-kxMgq_2WWhRcQ,1
UCRznz9-N3Qc1w-qNdLSIY2Q,UCyzf29IYjNw67gGIfsjgtxA,1
UCSTAUWVc1_82DHYeqOsqEFA,UCXmrpc6Li0spcKxtS0Q_ptg,1
UCSTAUWVc1_82DHYeqOsqEFA,UCY7Hq7F9Lnucf-Yr6JkHZNw,1
UCSTAUWVc1_82DHYeqOsqEFA,UC_ljZ1hZXR9pzexFz87P5ZA,1
UCSTAUWVc1_82DHYeqOsqEFA,UCaT6M2zp7X6r6Whd8Vv3kHQ,1
UCSTAUWVc1_82DHYeqOsqEFA,UCgLrWFdYitoP-b7-PxtUr-w,1
UCSTAUWVc1_82DHYeqOsqEFA,UCgLurCo-e019HGODcjXHWCw,1
UCSTAUWVc1_82DHYeqOsqEFA,UCi-vPdnpQreC7BkFs40mJGA,1
UCSTAUWVc1_82DHYeqOsqEFA,UCqilIa8r7iek5sGYg_q6ofA,1
UCSTAUWVc1_82DHYeqOsqEFA,UCs_5qeqdku9tGAq22y3OcuQ,1
UCSTAUWVc1_82DHYeqOsqEFA,UCtMBF_1O2jY2INlb_luuB_A,1
UCSTAUWVc1_82DHYeqOsqEFA,UCwUAv3_LpWVtTIi7lkmTL7A,1
UCSTAUWVc1_82DHYeqOsqEFA,UCxKR3RA8T-kxMgq_2WWhRcQ,1
UCSTAUWVc1_82DHYeqOsqEFA,UCyzf29IYjNw67gGIfsjgtxA,1
UCXmrpc6Li0spcKxtS0Q_ptg,UCY7Hq7F9Lnucf-Yr6JkHZNw,1
UCXmrpc6Li0spcKxtS0Q_ptg,UC_ljZ1hZXR9pzexFz87P5ZA,1
UCXmrpc6Li0spcKxtS0Q_ptg,UCaT6M2zp7X6r6Whd8Vv3kHQ,1
UCXmrpc6Li0spcKxtS0Q_ptg,UCgLrWFdYitoP-b7-PxtUr-w,1
UCXmrpc6Li0spcKxtS0Q_ptg,UCgLurCo-e019HGODcjXHWCw,1
UCXmrpc6Li0spcKxtS0Q_ptg,UCi-vPdnpQreC7BkFs40mJGA,1
UCXmrpc6Li0spcKxtS0Q_ptg,UCqilIa8r7iek5sGYg_q6ofA,1
UCXmrpc6Li0spcKxtS0Q_ptg,UCs_5qeqdku9tGAq22y3OcuQ,1
UCXmrpc6Li0spcKxtS0Q_ptg,UCtMBF_1O2jY2INlb_luuB_A,1
UCXmrpc6Li0spcKxtS0Q_ptg,UCwUAv3_LpWVtTIi7lkmTL7A,1
UCXmrpc6Li0spcKxtS0Q_ptg,UCxKR3RA8T-kxMgq_2WWhRcQ,1
UCXmrpc6Li0spcKxtS0Q_ptg,UCyzf29IYjNw67gGIfsjgtxA,1
UCY7Hq7F9Lnucf-Yr6JkHZNw,UC_ljZ1hZXR9pzexFz87P5ZA,1
UCY7Hq7F9Lnucf-Yr6JkHZNw,UCaT6M2zp7X6r6Whd8Vv3kHQ,1
UCY7Hq7F9Lnucf-Yr6JkHZNw,UCgLrWFdYitoP-b7-PxtUr-w,1
UCY7Hq7F9Lnucf-Yr6JkHZNw,UCgLurCo-e019HGODcjXHWCw,1
UCY7Hq7F9Lnucf-Yr6JkHZNw,UCi-vPdnpQreC7BkFs40mJGA,1
UCY7Hq7F9Lnucf-Yr6JkHZNw,UCqilIa8r7iek5sGYg_q6ofA,1
UCY7Hq7F9Lnucf-Yr6JkHZNw,UCs_5qeqdku9tGAq22y3OcuQ,1
UCY7Hq7F9Lnucf-Yr6JkHZNw,UCtMBF_1O2jY2INlb_luuB_A,1
UCY7Hq7F9Lnucf-Yr6JkHZNw,UCwUAv3_LpWVtTIi7lkmTL7A,1
UCY7Hq7F9Lnucf-Yr6JkHZNw,UCxKR3RA8T-kxMgq_2WWhRcQ,1
UCY7Hq7F9Lnucf-Yr6JkHZNw,UCyzf29IYjNw67gGIfsjgtxA,1
UC_ljZ1hZXR9pzexFz87P5ZA,UCaT6M2zp7X6r6Whd8Vv3kHQ,1
UC_ljZ1hZXR9pzexFz87P5ZA,UCgLrWFdYitoP-b7-PxtUr-w,1
UC_ljZ1hZXR9pzexFz87P5ZA,UCgLurCo-e019HGODcjXHWCw,1
UC_ljZ1hZXR9pzexFz87P5ZA,UCi-vPdnpQreC7BkFs40mJGA,1
UC_ljZ1hZXR9pzexFz87P5ZA,UCqilIa8r7iek5sGYg_q6ofA,1
UC_ljZ1hZXR9pzexFz87P5ZA,UCs_5qeqdku9tGAq22y3OcuQ,1
UC_ljZ1hZXR9pzexFz87P5ZA,UCtMBF_1O2jY2INlb_luuB_A,1
UC_ljZ1hZXR9pzexFz87P5ZA,UCwUAv3_LpWVtTIi7lkmTL7A,1
UC_ljZ1hZXR9pzexFz87P5ZA,UCxKR3RA8T-kxMgq_2WWhRcQ,1
UC_ljZ1hZXR9pzexFz87P5ZA,UCyzf29IYjNw67gGIfsjgtxA,1
UCaT6M2zp7X6r6Whd8Vv3kHQ,UCgLrWFdYitoP-b7-PxtUr-w,1
UCaT6M2zp7X6r6Whd8Vv3kHQ,UCgLurCo-e019HGODcjXHWCw,1
UCaT6M2zp7X6r6Whd8Vv3kHQ,UCi-vPdnpQreC7BkFs40mJGA,1
UCaT6M2zp7X6r6Whd8Vv3kHQ,UCqilIa8r7iek5sGYg_q6ofA,1
UCaT6M2zp7X6r6Whd8Vv3kHQ,UCs_5qeqdku9tGAq22y3OcuQ,1
UCaT6M2zp7X6r6Whd8Vv3kHQ,UCtMBF_1O2jY2INlb_luuB_A,1
UCaT6M2zp7X6r6Whd8Vv3kHQ,UCwUAv3_LpWVtTIi7lkmTL7A,1
UCaT6M2zp7X6r6Whd8Vv3kHQ,UCxKR3RA8T-kxMgq_2WWhRcQ,1
UCaT6M2zp7X6r6Whd8Vv3kHQ,UCyzf29IYjNw67gGIfsjgtxA,1
UCgLrWFdYitoP-b7-PxtUr-w,UCgLurCo-e019HGODcjXHWCw,1
UCgLrWFdYitoP-b7-PxtUr-w,UCi-vPdnpQreC7BkFs40mJGA,1
UCgLrWFdYitoP-b7-PxtUr-w,UCqilIa8r7iek5sGYg_q6ofA,1
UCgLrWFdYitoP-b7-PxtUr-w,UCs_5qeqdku9tGAq22y3OcuQ,1
UCgLrWFdYitoP-b7-PxtUr-w,UCtMBF_1O2jY2INlb_luuB_A,1
UCgLrWFdYitoP-b7-PxtUr-w,UCwUAv3_LpWVtTIi7lkmTL7A,1
UCgLrWFdYitoP-b7-PxtUr-w,UCxKR3RA8T-kxMgq_2WWhRcQ,1
UCgLrWFdYitoP-b7-PxtUr-w,UCyzf29IYjNw67gGIfsjgtxA,1
UCgLurCo-e019HGODcjXHWCw,UCi-vPdnpQreC7BkFs40mJGA,1
UCgLurCo-e019HGODcjXHWCw,UCqilIa8r7iek5sGYg_q6ofA,1
UCgLurCo-e019HGODcjXHWCw,UCs_5qeqdku9tGAq22y3OcuQ,1
UCgLurCo-e019HGODcjXHWCw,UCtMBF_1O2jY2INlb_luuB_A,1
UCgLurCo-e019HGODcjXHWCw,UCwUAv3_LpWVtTIi7lkmTL7A,1
UCgLurCo-e019HGODcjXHWCw,UCxKR3RA8T-kxMgq_2WWhRcQ,1
UCgLurCo-e019HGODcjXHWCw,UCyzf29IYjNw67gGIfsjgtxA,1
UCi-vPdnpQreC7BkFs40mJGA,UCqilIa8r7iek5sGYg_q6ofA,1
UCi-vPdnpQreC7BkFs40mJGA,UCs_5qeqdku9tGAq22y3OcuQ,1
UCi-vPdnpQreC7BkFs40mJGA,UCtMBF_1O2jY2INlb_luuB_A,1
UCi-vPdnpQreC7BkFs40mJGA,UCwUAv3_LpWVtTIi7lkmTL7A,1
UCi-vPdnpQreC7BkFs40mJGA,UCxKR3RA8T-kxMgq_2WWhRcQ,1
UCi-vPdnpQreC7BkFs40mJGA,UCyzf29IYjNw67gGIfsjgtxA,1
UCqilIa8r7iek5sGYg_q6ofA,UCs_5qeqdku9tGAq22y3OcuQ,1
UCqilIa8r7iek5sGYg_q6ofA,UCtMBF_1O2jY2INlb_luuB_A,1
UCqilIa8r7iek5sGYg_q6ofA,UCwUAv3_LpWVtTIi7lkmTL7A,1
UCqilIa8r7iek5sGYg_q6ofA,UCxKR3RA8T-kxMgq_2WWhRcQ,1
UCqilIa8r7iek5sGYg_q6ofA,UCyzf29IYjNw67gGIfsjgtxA,1
UCs_5qeqdku9tGAq22y3OcuQ,UCtMBF_1O2jY2INlb_luuB_A,1
UCs_5qeqdku9tGAq22y3OcuQ,UCwUAv3_LpWVtTIi7lkmTL7A,1
UCs_5qeqdku9tGAq22y3OcuQ,UCxKR3RA8T-kxMgq_2WWhRcQ,1
UCs_5qeqdku9tGAq22y3OcuQ,UCyzf29IYjNw67gGIfsjgtxA,1
UCtMBF_1O2jY2INlb_luuB_A,UCwUAv3_LpWVtTIi7lkmTL7A,1
UCtMBF_1O2jY2INlb_luuB_A,UCxKR3RA8T-kxMgq_2WWhRcQ,1
UCtMBF_1O2jY2INlb_luuB_A,UCyzf29IYjNw67gGIfsjgtxA,1
UCwUAv3_LpWVtTIi7lkmTL7A,UCxKR3RA8T-kxMgq_2WWhRcQ,1
UCwUAv3_LpWVtTIi7lkmTL7A,UCyzf29IYjNw67gGIfsjgtxA,1
UCxKR3RA8T-kxMgq_2WWhRcQ,UCyzf29IYjNw67gGIfsjgtxA,1
UC1Y7x3h0c95Z8kUhi-Tzaeg,UC7IMsCxfZyWN7YQo8-JYa6Q,1
UC1Y7x3h0c95Z8kUhi-Tzaeg,UC8xlJWNHz1V_W6q3fbuQH8g,1
UC1Y7x3h0c95Z8kUhi-Tzaeg,UCAV7QIjYhbDJaycQycM_0eQ,1
UC1Y7x3h0c95Z8kUhi-Tzaeg,UCGX_UbAQOXGZknv5iqklwTA,1
UC1Y7x3h0c95Z8kUhi-Tzaeg,UCHTGCgY2l-DQJIvlA_cpa_Q,1
UC1Y7x3h0c95Z8kUhi-Tzaeg,UCN2N_wYOw6fMwCeSzdXLPIw,1
UC1Y7x3h0c95Z8kUhi-Tzaeg,UCNIeXbV_mEwpa412h1aqUWw,1
UC1Y7x3h0c95Z8kUhi-Tzaeg,UCPZueDLrCS4BmTBRMA4q0fA,1
UC1Y7x3h0c95Z8kUhi-Tzaeg,UCVQf0tzL7xRzFJsABVVULpg,1
UC1Y7x3h0c95Z8kUhi-Tzaeg,UCbYoNG5J3Au5BqtbXogfEFw,1
UC1Y7x3h0c95Z8kUhi-Tzaeg,UCf5lnNZF7Qrtli9v4N_23WQ,1
UC1Y7x3h0c95Z8kUhi-Tzaeg,UCg3eIfd7BrsLEqS0BLkftHA,1
UC1Y7x3h0c95Z8kUhi-Tzaeg,UCgQJgI9vu1FI2dnC9mrFthw,1
UC1Y7x3h0c95Z8kUhi-Tzaeg,UClsrFGJKWPxxw7MiaEdKLXw,1
UC1Y7x3h0c95Z8kUhi-Tzaeg,UCtNyHmRZtvGF2hSvI2dUBWw,1
UC1Y7x3h0c95Z8kUhi-Tzaeg,UCuP4UK33HKtJE_S39ksmaTw,1
UC1Y7x3h0c95Z8kUhi-Tzaeg,UCusjriFsDHEc2AOjqk-p5ig,1
UC1Y7x3h0c95Z8kUhi-Tzaeg,UCzZ6dDCEsLMXbc5pCFXIprw,1
UC7IMsCxfZyWN7YQo8-JYa6Q,UC8xlJWNHz1V_W6q3fbuQH8g,1
UC7IMsCxfZyWN7YQo8-JYa6Q,UCAV7QIjYhbDJaycQycM_0eQ,1
UC7IMsCxfZyWN7YQo8-JYa6Q,UCGX_UbAQOXGZknv5iqklwTA,1
UC7IMsCxfZyWN7YQo8-JYa6Q,UCHTGCgY2l-DQJIvlA_cpa_Q,1
UC7IMsCxfZyWN7YQo8-JYa6Q,UCN2N_wYOw6fMwCeSzdXLPIw,1
UC7IMsCxfZyWN7YQo8-JYa6Q,UCNIeXbV_mEwpa412h1aqUWw,1
UC7IMsCxfZyWN7YQo8-JYa6Q,UCPZueDLrCS4BmTBRMA4q0fA,1
UC7IMsCxfZyWN7YQo8-JYa6Q,UCVQf0tzL7xRzFJsABVVULpg,1
UC7IMsCxfZyWN7YQo8-JYa6Q,UCbYoNG5J3Au5BqtbXogfEFw,1
UC7IMsCxfZyWN7YQo8-JYa6Q,UCf5lnNZF7Qrtli9v4N_23WQ,1
UC7IMsCxfZyWN7YQo8-JYa6Q,UCg3eIfd7BrsLEqS0BLkftHA,1
UC7IMsCxfZyWN7YQo8-JYa6Q,UCgQJgI9vu1FI2dnC9mrFthw,1
UC7IMsCxfZyWN7YQo8-JYa6Q,UClsrFGJKWPxxw7MiaEdKLXw,1
UC7IMsCxfZyWN7YQo8-JYa6Q,UCtNyHmRZtvGF2hSvI2dUBWw,1
UC7IMsCxfZyWN7YQo8-JYa6Q,UCuP4UK33HKtJE_S39ksmaTw,1
UC7IMsCxfZyWN7YQo8-JYa6Q,UCusjriFsDHEc2AOjqk-p5ig,1
UC7IMsCxfZyWN7YQo8-JYa6Q,UCzZ6dDCEsLMXbc5pCFXIprw,1
UC8xlJWNHz1V_W6q3fbuQH8g,UCAV7QIjYhbDJaycQycM_0eQ,1
UC8xlJWNHz1V_W6q3fbuQH8g,UCGX_UbAQOXGZknv5iqklwTA,1
UC8xlJWNHz1V_W6q3fbuQH8g,UCHTGCgY2l-DQJIvlA_cpa_Q,1
UC8xlJWNHz1V_W6q3fbuQH8g,UCN2N_wYOw6fMwCeSzdXLPIw,1
UC8xlJWNHz1V_W6q3fbuQH8g,UCNIeXbV_mEwpa412h1aqUWw,1
UC8xlJWNHz1V_W6q3fbuQH8g,UCPZueDLrCS4BmTBRMA4q0fA,1
UC8xlJWNHz1V_W6q3fbuQH8g,UCVQf0tzL7xRzFJsABVVULpg,1
UC8xlJWNHz1V_W6q3fbuQH8g,UCbYoNG5J3Au5BqtbXogfEFw,1
UC8xlJWNHz1V_W6q3fbuQH8g,UCf5lnNZF7Qrtli9v4N_23WQ,1
UC8xlJWNHz1V_W6q3fbuQH8g,UCg3eIfd7BrsLEqS0BLkftHA,1
UC8xlJWNHz1V_W6q3fbuQH8g,UCgQJgI9vu1FI2dnC9mrFthw,1
UC8xlJWNHz1V_W6q3fbuQH8g,UClsrFGJKWPxxw7MiaEdKLXw,1
UC8xlJWNHz1V_W6q3fbuQH8g,UCtNyHmRZtvGF2hSvI2dUBWw,1
UC8xlJWNHz1V_W6q3fbuQH8g,UCuP4UK33HKtJE_S39ksmaTw,1
UC8xlJWNHz1V_W6q3fbuQH8g,UCusjriFsDHEc2AOjqk-p5ig,1
UC8xlJWNHz1V_W6q3fbuQH8g,UCzZ6dDCEsLMXbc5pCFXIprw,1
UCAV7QIjYhbDJaycQycM_0eQ,UCGX_UbAQOXGZknv5iqklwTA,1
UCAV7QIjYhbDJaycQycM_0eQ,UCHTGCgY2l-DQJIvlA_cpa_Q,1
UCAV7QIjYhbDJaycQycM_0eQ,UCN2N_wYOw6fMwCeSzdXLPIw,1
UCAV7QIjYhbDJaycQycM_0eQ,UCNIeXbV_mEwpa412h1aqUWw,1
UCAV7QIjYhbDJaycQycM_0eQ,UCPZueDLrCS4BmTBRMA4q0fA,1
UCAV7QIjYhbDJaycQycM_0eQ,UCVQf0tzL7xRzFJsABVVULpg,1
UCAV7QIjYhbDJaycQycM_0eQ,UCbYoNG5J3Au5BqtbXogfEFw,1
UCAV7QIjYhbDJaycQycM_0eQ,UCf5lnNZF7Qrtli9v4N_23WQ,1
UCAV7QIjYhbDJaycQycM_0eQ,UCg3eIfd7BrsLEqS0BLkftHA,1
UCAV7QIjYhbDJaycQycM_0eQ,UCgQJgI9vu1FI2dnC9mrFthw,1
UCAV7QIjYhbDJaycQycM_0eQ,UClsrFGJKWPxxw7MiaEdKLXw,1
UCAV7QIjYhbDJaycQycM_0eQ,UCtNyHmRZtvGF2hSvI2dUBWw,1
UCAV7QIjYhbDJaycQycM_0eQ,UCuP4UK33HKtJE_S39ksmaTw,1
UCAV7QIjYhbDJaycQycM_0eQ,UCusjriFsDHEc2AOjqk-p5ig,1
UCAV7QIjYhbDJaycQycM_0eQ,UCzZ6dDCEsLMXbc5pCFXIprw,1
UCGX_UbAQOXGZknv5iqklwTA,UCHTGCgY2l-DQJIvlA_cpa_Q,1
UCGX_UbAQOXGZknv5iqklwTA,UCN2N_wYOw6fMwCeSzdXLPIw,1
UCGX_UbAQOXGZknv5iqklwTA,UCNIeXbV_mEwpa412h1aqUWw,1
UCGX_UbAQOXGZknv5iqklwTA,UCPZueDLrCS4BmTBRMA4q0fA,1
UCGX_UbAQOXGZknv5iqklwTA,UCVQf0tzL7xRzFJsABVVULpg,1
UCGX_UbAQOXGZknv5iqklwTA,UCbYoNG5J3Au5BqtbXogfEFw,1
UCGX_UbAQOXGZknv5iqklwTA,UCf5lnNZF7Qrtli9v4N_23WQ,1
UCGX_UbAQOXGZknv5iqklwTA,UCg3eIfd7BrsLEqS0BLkftHA,1
UCGX_UbAQOXGZknv5iqklwTA,UCgQJgI9vu1FI2dnC9mrFthw,1
UCGX_UbAQOXGZknv5iqklwTA,UClsrFGJKWPxxw7MiaEdKLXw,1
UCGX_UbAQOXGZknv5iqklwTA,UCtNyHmRZtvGF2hSvI2dUBWw,1
UCGX_UbAQOXGZknv5iqklwTA,UCuP4UK33HKtJE_S39ksmaTw,1
UCGX_UbAQOXGZknv5iqklwTA,UCusjriFsDHEc2AOjqk-p5ig,1
UCGX_UbAQOXGZknv5iqklwTA,UCzZ6dDCEsLMXbc5pCFXIprw,1
UCHTGCgY2l-DQJIvlA_cpa_Q,UCN2N_wYOw6fMwCeSzdXLPIw,1
UCHTGCgY2l-DQJIvlA_cpa_Q,UCNIeXbV_mEwpa412h1aqUWw,1
UCHTGCgY2l-DQJIvlA_cpa_Q,UCPZueDLrCS4BmTBRMA4q0fA,1
UCHTGCgY2l-DQJIvlA_cpa_Q,UCVQf0tzL7xRzFJsABVVULpg,1
UCHTGCgY2l-DQJIvlA_cpa_Q,UCbYoNG5J3Au5BqtbXogfEFw,1
UCHTGCgY2l-DQJIvlA_cpa_Q,UCf5lnNZF7Qrtli9v4N_23WQ,1
UCHTGCgY2l-DQJIvlA_cpa_Q,UCg3eIfd7BrsLEqS0BLkftHA,1
UCHTGCgY2l-DQJIvlA_cpa_Q,UCgQJgI9vu1FI2dnC9mrFthw,1
UCHTGCgY2l-DQJIvlA_cpa_Q,UClsrFGJKWPxxw7MiaEdKLXw,1
UCHTGCgY2l-DQJIvlA_cpa_Q,UCtNyHmRZtvGF2hSvI2dUBWw,1
UCHTGCgY2l-DQJIvlA_cpa_Q,UCuP4UK33HKtJE_S39ksmaTw,1
UCHTGCgY2l-DQJIvlA_cpa_Q,UCusjriFsDHEc2AOjqk-p5ig,1
UCHTGCgY2l-DQJIvlA_cpa_Q,UCzZ6dDCEsLMXbc5pCFXIprw,1
UCN2N_wYOw6fMwCeSzdXLPIw,UCNIeXbV_mEwpa412h1aqUWw,1
UCN2N_wYOw6fMwCeSzdXLPIw,UCPZueDLrCS4BmTBRMA4q0fA,1
UCN2N_wYOw6fMwCeSzdXLPIw,UCVQf0tzL7xRzFJsABVVULpg,1
UCN2N_wYOw6fMwCeSzdXLPIw,UCbYoNG5J3Au5BqtbXogfEFw,1
UCN2N_wYOw6fMwCeSzdXLPIw,UCf5lnNZF7Qrtli9v4N_23WQ,1
UCN2N_wYOw6fMwCeSzdXLPIw,UCg3eIfd7BrsLEqS0BLkftHA,1
UCN2N_wYOw6fMwCeSzdXLPIw,UCgQJgI9vu1FI2dnC9mrFthw,1
UCN2N_wYOw6fMwCeSzdXLPIw,UClsrFGJKWPxxw7MiaEdKLXw,1
UCN2N_wYOw6fMwCeSzdXLPIw,UCtNyHmRZtvGF2hSvI2dUBWw,1
UCN2N_wYOw6fMwCeSzdXLPIw,UCuP4UK33HKtJE_S39ksmaTw,1
UCN2N_wYOw6fMwCeSzdXLPIw,UCusjriFsDHEc2AOjqk-p5ig,1
UCN2N_wYOw6fMwCeSzdXLPIw,UCzZ6dDCEsLMXbc5pCFXIprw,1
UCNIeXbV_mEwpa412h1aqUWw,UCPZueDLrCS4BmTBRMA4q0fA,1
UCNIeXbV_mEwpa412h1aqUWw,UCVQf0tzL7xRzFJsABVVULpg,1
UCNIeXbV_mEwpa412h1aqUWw,UCbYoNG5J3Au5BqtbXogfEFw,1
UCNIeXbV_mEwpa412h1aqUWw,UCf5lnNZF7Qrtli9v4N_23WQ,1
UCNIeXbV_mEwpa412h1aqUWw,UCg3eIfd7BrsLEqS0BLkftHA,1
UCNIeXbV_mEwpa412h1aqUWw,UCgQJgI9vu1FI2dnC9mrFthw,1
UCNIeXbV_mEwpa412h1aqUWw,UClsrFGJKWPxxw7MiaEdKLXw,1
UCNIeXbV_mEwpa412h1aqUWw,UCtNyHmRZtvGF2hSvI2dUBWw,1
UCNIeXbV_mEwpa412h1aqUWw,UCuP4UK33HKtJE_S39ksmaTw,1
UCNIeXbV_mEwpa412h1aqUWw,UCusjriFsDHEc2AOjqk-p5ig,1
UCNIeXbV_mEwpa412h1aqUWw,UCzZ6dDCEsLMXbc5pCFXIprw,1
UCPZueDLrCS4BmTBRMA4q0fA,UCVQf0tzL7xRzFJsABVVULpg,1
UCPZueDLrCS4BmTBRMA4q0fA,UCbYoNG5J3Au5BqtbXogfEFw,1
UCPZueDLrCS4BmTBRMA4q0fA,UCf5lnNZF7Qrtli9v4N_23WQ,1
UCPZueDLrCS4BmTBRMA4q0fA,UCg3eIfd7BrsLEqS0BLkftHA,1
UCPZueDLrCS4BmTBRMA4q0fA,UCgQJgI9vu1FI2dnC9mrFthw,1
UCPZueDLrCS4BmTBRMA4q0fA,UClsrFGJKWPxxw7MiaEdKLXw,1
UCPZueDLrCS4BmTBRMA4q0fA,UCtNyHmRZtvGF2hSvI2dUBWw,1
UCPZueDLrCS4BmTBRMA4q0fA,UCuP4UK33HKtJE_S39ksmaTw,1
UCPZueDLrCS4BmTBRMA4q0fA,UCusjriFsDHEc2AOjqk-p5ig,1
UCPZueDLrCS4BmTBRMA4q0fA,UCzZ6dDCEsLMXbc5pCFXIprw,1
UCVQf0tzL7xRzFJsABVVULpg,UCbYoNG5J3Au5BqtbXogfEFw,1
UCVQf0tzL7xRzFJsABVVULpg,UCf5lnNZF7Qrtli9v4N_23WQ,1
UCVQf0tzL7xRzFJsABVVULpg,UCg3eIfd7BrsLEqS0BLkftHA,1
UCVQf0tzL7xRzFJsABVVULpg,UCgQJgI9vu1FI2dnC9mrFthw,1
UCVQf0tzL7xRzFJsABVVULpg,UClsrFGJKWPxxw7MiaEdKLXw,1
UCVQf0tzL7xRzFJsABVVULpg,UCtNyHmRZtvGF2hSvI2dUBWw,1
UCVQf0tzL7xRzFJsABVVULpg,UCuP4UK33HKtJE_S39ksmaTw,1
UCVQf0tzL7xRzFJsABVVULpg,UCusjriFsDHEc2AOjqk-p5ig,1
UCVQf0tzL7xRzFJsABVVULpg,UCzZ6dDCEsLMXbc5pCFXIprw,1
UCbYoNG5J3Au5BqtbXogfEFw,UCf5lnNZF7Qrtli9v4N_23WQ,1
UCbYoNG5J3Au5BqtbXogfEFw,UCg3eIfd7BrsLEqS0BLkftHA,1
UCbYoNG5J3Au5BqtbXogfEFw,UCgQJgI9vu1FI2dnC9mrFthw,1
UCbYoNG5J3Au5BqtbXogfEFw,UClsrFGJKWPxxw7MiaEdKLXw,1
UCbYoNG5J3Au5BqtbXogfEFw,UCtNyHmRZtvGF2hSvI2dUBWw,1
UCbYoNG5J3Au5BqtbXogfEFw,UCuP4UK33HKtJE_S39ksmaTw,1
UCbYoNG5J3Au5BqtbXogfEFw,UCusjriFsDHEc2AOjqk-p5ig,1
UCbYoNG5J3Au5BqtbXogfEFw,UCzZ6dDCEsLMXbc5pCFXIprw,1
UCf5lnNZF7Qrtli9v4N_23WQ,UCg3eIfd7BrsLEqS0BLkftHA,1
UCf5lnNZF7Qrtli9v4N_23WQ,UCgQJgI9vu1FI2dnC9mrFthw,1
UCf5lnNZF7Qrtli9v4N_23WQ,UClsrFGJKWPxxw7MiaEdKLXw,1
UCf5lnNZF7Qrtli9v4N_23WQ,UCtNyHmRZtvGF2hSvI2dUBWw,1
UCf5lnNZF7Qrtli9v4N_23WQ,UCuP4UK33HKtJE_S39ksmaTw,1
UCf5lnNZF7Qrtli9v4N_23WQ,UCusjriFsDHEc2AOjqk-p5ig,1
UCf5lnNZF7Qrtli9v4N_23WQ,UCzZ6dDCEsLMXbc5pCFXIprw,1
UCg3eIfd7BrsLEqS0BLkftHA,UCgQJgI9vu1FI2dnC9mrFthw,1
UCg3eIfd7BrsLEqS0BLkftHA,UClsrFGJKWPxxw7MiaEdKLXw,1
UCg3eIfd7BrsLEqS0BLkftHA,UCtNyHmRZtvGF2hSvI2dUBWw,1
UCg3eIfd7BrsLEqS0BLkftHA,UCuP4UK33HKtJE_S39ksmaTw,1
UCg3eIfd7BrsLEqS0BLkftHA,UCusjriFsDHEc2AOjqk-p5ig,1
UCg3eIfd7BrsLEqS0BLkftHA,UCzZ6dDCEsLMXbc5pCFXIprw,1
UCgQJgI9vu1FI2dnC9mrFthw,UClsrFGJKWPxxw7MiaEdKLXw,1
UCgQJgI9vu1FI2dnC9mrFthw,UCtNyHmRZtvGF2hSvI2dUBWw,1
UCgQJgI9vu1FI2dnC9mrFthw,UCuP4UK33HKtJE_S39ksmaTw,1
UCgQJgI9vu1FI2dnC9mrFthw,UCusjriFsDHEc2AOjqk-p5ig,1
UCgQJgI9vu1FI2dnC9mrFthw,UCzZ6dDCEsLMXbc5pCFXIprw,1
UClsrFGJKWPxxw7MiaEdKLXw,UCtNyHmRZtvGF2hSvI2dUBWw,1
UClsrFGJKWPxxw7MiaEdKLXw,UCuP4UK33HKtJE_S39ksmaTw,1
UClsrFGJKWPxxw7MiaEdKLXw,UCusjriFsDHEc2AOjqk-p5ig,1
UClsrFGJKWPxxw7MiaEdKLXw,UCzZ6dDCEsLMXbc5pCFXIprw,1
UCtNyHmRZtvGF2hSvI2dUBWw,UCuP4UK33HKtJE_S39ksmaTw,1
UCtNyHmRZtvGF2hSvI2dUBWw,UCusjriFsDHEc2AOjqk-p5ig,1
UCtNyHmRZtvGF2hSvI2dUBWw,UCzZ6dDCEsLMXbc5pCFXIprw,1
UCuP4UK33HKtJE_S39ksmaTw,UCusjriFsDHEc2AOjqk-p5ig,1
UCuP4UK33HKtJE_S39ksmaTw,UCzZ6dDCEsLMXbc5pCFXIprw,1
UCusjriFsDHEc2AOjqk-p5ig,UCzZ6dDCEsLMXbc5pCFXIprw,1
UC2ngpd8UBQu4gcUYy0goAtg,UCAxvOOHQk7dYPOajzFEVtbA,1
UC2ngpd8UBQu4gcUYy0goAtg,UCIXLDYqR_syskKRJy_x9W9Q,1
UC2ngpd8UBQu4gcUYy0goAtg,UCLXYp1Cvc5DLtq5UQL5D9vw,1
UC2ngpd8UBQu4gcUYy0goAtg,UCO0zwwLWGyDgQmWPJ5Qrr1w,1
UC2ngpd8UBQu4gcUYy0goAtg,UCXN2s7DwTJm33xO-pNkAdaA,1
UC2ngpd8UBQu4gcUYy0goAtg,UC_3xuTXvMIWU5MYP9HkJ3vQ,1
UC2ngpd8UBQu4gcUYy0goAtg,UCfXykdbSU97rj987LDUGfvg,1
UC2ngpd8UBQu4gcUYy0goAtg,UCfjhejO7LZy4doXURa7LZCQ,1
UC2ngpd8UBQu4gcUYy0goAtg,UCjZgFEowMBrsjodqfovzdKw,1
UC2ngpd8UBQu4gcUYy0goAtg,UCq3mDTTRZnUybct5M9OSXbg,1
UC2ngpd8UBQu4gcUYy0goAtg,UCvl1tzQeBeGy6efPTRJXSCw,1
UC2ngpd8UBQu4gcUYy0goAtg,UCwCfs-2zbD5k0lG-UVg_JBw,1
UCAxvOOHQk7dYPOajzFEVtbA,UCIXLDYqR_syskKRJy_x9W9Q,1
UCAxvOOHQk7dYPOajzFEVtbA,UCLXYp1Cvc5DLtq5UQL5D9vw,1
UCAxvOOHQk7dYPOajzFEVtbA,UCO0zwwLWGyDgQmWPJ5Qrr1w,1
UCAxvOOHQk7dYPOajzFEVtbA,UCXN2s7DwTJm33xO-pNkAdaA,1
UCAxvOOHQk7dYPOajzFEVtbA,UC_3xuTXvMIWU5MYP9HkJ3vQ,1
UCAxvOOHQk7dYPOajzFEVtbA,UCfXykdbSU97rj987LDUGfvg,1
UCAxvOOHQk7dYPOajzFEVtbA,UCfjhejO7LZy4doXURa7LZCQ,1
UCAxvOOHQk7dYPOajzFEVtbA,UCjZgFEowMBrsjodqfovzdKw,1
UCAxvOOHQk7dYPOajzFEVtbA,UCq3mDTTRZnUybct5M9OSXbg,1
UCAxvOOHQk7dYPOajzFEVtbA,UCvl1tzQeBeGy6efPTRJXSCw,1
UCAxvOOHQk7dYPOajzFEVtbA,UCwCfs-2zbD5k0lG-UVg_JBw,1
UCIXLDYqR_syskKRJy_x9W9Q,UCLXYp1Cvc5DLtq5UQL5D9vw,1
UCIXLDYqR_syskKRJy_x9W9Q,UCO0zwwLWGyDgQmWPJ5Qrr1w,1
UCIXLDYqR_syskKRJy_x9W9Q,UCXN2s7DwTJm33xO-pNkAdaA,1
UCIXLDYqR_syskKRJy_x9W9Q,UC_3xuTXvMIWU5MYP9HkJ3vQ,1
UCIXLDYqR_syskKRJy_x9W9Q,UCfXykdbSU97rj987LDUGfvg,1
UCIXLDYqR_syskKRJy_x9W9Q,UCfjhejO7LZy4doXURa7LZCQ,1
UCIXLDYqR_syskKRJy_x9W9Q,UCjZgFEowMBrsjodqfovzdKw,1
UCIXLDYqR_syskKRJy_x9W9Q,UCq3mDTTRZnUybct5M9OSXbg,1
UCIXLDYqR_syskKRJy_x9W9Q,UCvl1tzQeBeGy6efPTRJXSCw,1
UCIXLDYqR_syskKRJy_x9W9Q,UCwCfs-2zbD5k0lG-UVg_JBw,1
UCLXYp1Cvc5DLtq5UQL5D9vw,UCO0zwwLWGyDgQmWPJ5Qrr1w,1
UCLXYp1Cvc5DLtq5UQL5D9vw,UCXN2s7DwTJm33xO-pNkAdaA,1
UCLXYp1Cvc5DLtq5UQL5D9vw,UC_3xuTXvMIWU5MYP9HkJ3vQ,1
UCLXYp1Cvc5DLtq5UQL5D9vw,UCfXykdbSU97rj987LDUGfvg,1
UCLXYp1Cvc5DLtq5UQL5D9vw,UCfjhejO7LZy4doXURa7LZCQ,1
UCLXYp1Cvc5DLtq5UQL5D9vw,UCjZgFEowMBrsjodqfovzdKw,1
UCLXYp1Cvc5DLtq5UQL5D9vw,UCq3mDTTRZnUybct5M9OSXbg,1
UCLXYp1Cvc5DLtq5UQL5D9vw,UCvl1tzQeBeGy6efPTRJXSCw,1
UCLXYp1Cvc5DLtq5UQL5D9vw,UCwCfs-2zbD5k0lG-UVg_JBw,1
UCO0zwwLWGyDgQmWPJ5Qrr1w,UCXN2s7DwTJm33xO-pNkAdaA,1
UCO0zwwLWGyDgQmWPJ5Qrr1w,UC_3xuTXvMIWU5MYP9HkJ3vQ,1
UCO0zwwLWGyDgQmWPJ5Qrr1w,UCfXykdbSU97rj987LDUGfvg,1
UCO0zwwLWGyDgQmWPJ5Qrr1w,UCfjhejO7LZy4doXURa7LZCQ,1
UCO0zwwLWGyDgQmWPJ5Qrr1w,UCjZgFEowMBrsjodqfovzdKw,1
UCO0zwwLWGyDgQmWPJ5Qrr1w,UCq3mDTTRZnUybct5M9OSXbg,1
UCO0zwwLWGyDgQmWPJ5Qrr1w,UCvl1tzQeBeGy6efPTRJXSCw,1
UCO0zwwLWGyDgQmWPJ5Qrr1w,UCwCfs-2zbD5k0lG-UVg_JBw,1
UCXN2s7DwTJm33xO-pNkAdaA,UC_3xuTXvMIWU5MYP9HkJ3vQ,1
UCXN2s7DwTJm33xO-pNkAdaA,UCfXykdbSU97rj987LDUGfvg,1
UCXN2s7DwTJm33xO-pNkAdaA,UCfjhejO7LZy4doXURa7LZCQ,1
UCXN2s7DwTJm33xO-pNkAdaA,UCjZgFEowMBrsjodqfovzdKw,1
UCXN2s7DwTJm33xO-pNkAdaA,UCq3mDTTRZnUybct5M9OSXbg,1
UCXN2s7DwTJm33xO-pNkAdaA,UCvl1tzQeBeGy6efPTRJXSCw,1
UCXN2s7DwTJm33xO-pNkAdaA,UCwCfs-2zbD5k0lG-UVg_JBw,1
UC_3xuTXvMIWU5MYP9HkJ3vQ,UCfXykdbSU97rj987LDUGfvg,1
UC_3xuTXvMIWU5MYP9HkJ3vQ,UCfjhejO7LZy4doXURa7LZCQ,1
UC_3xuTXvMIWU5MYP9HkJ3vQ,UCjZgFEowMBrsjodqfovzdKw,1
UC_3xuTXvMIWU5MYP9HkJ3vQ,UCq3mDTTRZnUybct5M9OSXbg,1
UC_3xuTXvMIWU5MYP9HkJ3vQ,UCvl1tzQeBeGy6efPTRJXSCw,1
UC_3xuTXvMIWU5MYP9HkJ3vQ,UCwCfs-2zbD5k0lG-UVg_JBw,1
UCfXykdbSU97rj987LDUGfvg,UCfjhejO7LZy4doXURa7LZCQ,1
UCfXykdbSU97rj987LDUGfvg,UCjZgFEowMBrsjodqfovzdKw,1
UCfXykdbSU97rj987LDUGfvg,UCq3mDTTRZnUybct5M9OSXbg,1
UCfXykdbSU97rj987LDUGfvg,UCvl1tzQeBeGy6efPTRJXSCw,1
UCfXykdbSU97rj987LDUGfvg,UCwCfs-2zbD5k0lG-UVg_JBw,1
UCfjhejO7LZy4doXURa7LZCQ,UCjZgFEowMBrsjodqfovzdKw,1
UCfjhejO7LZy4doXURa7LZCQ,UCq3mDTTRZnUybct5M9OSXbg,1
UCfjhejO7LZy4doXURa7LZCQ,UCvl1tzQeBeGy6efPTRJXSCw,1
UCfjhejO7LZy4doXURa7LZCQ,UCwCfs-2zbD5k0lG-UVg_JBw,1
UCjZgFEowMBrsjodqfovzdKw,UCq3mDTTRZnUybct5M9OSXbg,1
UCjZgFEowMBrsjodqfovzdKw,UCvl1tzQeBeGy6efPTRJXSCw,1
UCjZgFEowMBrsjodqfovzdKw,UCwCfs-2zbD5k0lG-UVg_JBw,1
UCq3mDTTRZnUybct5M9OSXbg,UCvl1tzQeBeGy6efPTRJXSCw,1
UCq3mDTTRZnUybct5M9OSXbg,UCwCfs-2zbD5k0lG-UVg_JBw,1
UCvl1tzQeBeGy6efPTRJXSCw,UCwCfs-2zbD5k0lG-UVg_JBw,1
UC4kg7zuTfqQKLd2bkZrSYBA,UCBtB5dIyx-C16UN8ClUD2UA,1
UC4kg7zuTfqQKLd2bkZrSYBA,UCFFrEmn6lPYiWyElpfzTy5Q,1
UC4kg7zuTfqQKLd2bkZrSYBA,UCLh1Kde4_vI1sTZBkTNP7RQ,1
UC4kg7zuTfqQKLd2bkZrSYBA,UCdFlugHJJa4l3YqWuNRmvXw,1
UC4kg7zuTfqQKLd2bkZrSYBA,UCfRqgt2O-vjzUDMZY_tnxQw,1
UC4kg7zuTfqQKLd2bkZrSYBA,UCk4O-J1BhoqPmig1KLGJePA,1
UCBtB5dIyx-C16UN8ClUD2UA,UCFFrEmn6lPYiWyElpfzTy5Q,1
UCBtB5dIyx-C16UN8ClUD2UA,UCLh1Kde4_vI1sTZBkTNP7RQ,1
UCBtB5dIyx-C16UN8ClUD2UA,UCdFlugHJJa4l3YqWuNRmvXw,1
UCBtB5dIyx-C16UN8ClUD2UA,UCfRqgt2O-vjzUDMZY_tnxQw,1
UCBtB5dIyx-C16UN8ClUD2UA,UCk4O-J1BhoqPmig1KLGJePA,1
UCFFrEmn6lPYiWyElpfzTy5Q,UCLh1Kde4_vI1sTZBkTNP7RQ,1
UCFFrEmn6lPYiWyElpfzTy5Q,UCdFlugHJJa4l3YqWuNRmvXw,1
UCFFrEmn6lPYiWyElpfzTy5Q,UCfRqgt2O-vjzUDMZY_tnxQw,1
UCFFrEmn6lPYiWyElpfzTy5Q,UCk4O-J1BhoqPmig1KLGJePA,1
UCLh1Kde4_vI1sTZBkTNP7RQ,UCdFlugHJJa4l3YqWuNRmvXw,1
UCLh1Kde4_vI1sTZBkTNP7RQ,UCfRqgt2O-vjzUDMZY_tnxQw,1
UCLh1Kde4_vI1sTZBkTNP7RQ,UCk4O-J1BhoqPmig1KLGJePA,1
UCdFlugHJJa4l3YqWuNRmvXw,UCfRqgt2O-vjzUDMZY_tnxQw,1
UCdFlugHJJa4l3YqWuNRmvXw,UCk4O-J1BhoqPmig1KLGJePA,1
UCfRqgt2O-vjzUDMZY_tnxQw,UCk4O-J1BhoqPmig1KLGJePA,1
UC5wuDq3U3vRAhOQI3D7gNdw,UCJp3OrVYcBorC94sKwdch_A,1
UC5wuDq3U3vRAhOQI3D7gNdw,UCVC2QugcI1G4RvlCiUqd1aQ,1
UC5wuDq3U3vRAhOQI3D7gNdw,UCZOmq6MwFDVoCaEl99BRRaw,1
UC5wuDq3U3vRAhOQI3D7gNdw,UC_6KbBY1bsYXz9fwFS0eQRg,1
UC5wuDq3U3vRAhOQI3D7gNdw,UCbrtvygfRT6QXqWDNrOf-cA,1
UC5wuDq3U3vRAhOQI3D7gNdw,UCjJf-AJKRFFWtiN-CSwkDmA,1
UC5wuDq3U3vRAhOQI3D7gNdw,UCnU8wO1OurAmGstDw6VGjgQ,1
UC5wuDq3U3vRAhOQI3D7gNdw,UCpsKOkt5iWTbenzeuq7dsmQ,1
UC5wuDq3U3vRAhOQI3D7gNdw,UCvcu1kR8xMYy_I1Ty-2mV2Q,1
UCJp3OrVYcBorC94sKwdch_A,UCVC2QugcI1G4RvlCiUqd1aQ,1
UCJp3OrVYcBorC94sKwdch_A,UCZOmq6MwFDVoCaEl99BRRaw,1
UCJp3OrVYcBorC94sKwdch_A,UC_6KbBY1bsYXz9fwFS0eQRg,1
UCJp3OrVYcBorC94sKwdch_A,UCbrtvygfRT6QXqWDNrOf-cA,1
UCJp3OrVYcBorC94sKwdch_A,UCjJf-AJKRFFWtiN-CSwkDmA,1
UCJp3OrVYcBorC94sKwdch_A,UCnU8wO1OurAmGstDw6VGjgQ,1
UCJp3OrVYcBorC94sKwdch_A,UCpsKOkt5iWTbenzeuq7dsmQ,1
UCJp3OrVYcBorC94sKwdch_A,UCvcu1kR8xMYy_I1Ty-2mV2Q,1
UCVC2QugcI1G4RvlCiUqd1aQ,UCZOmq6MwFDVoCaEl99BRRaw,1
UCVC2QugcI1G4RvlCiUqd1aQ,UC_6KbBY1bsYXz9fwFS0eQRg,1
UCVC2QugcI1G4RvlCiUqd1aQ,UCbrtvygfRT6QXqWDNrOf-cA,1
UCVC2QugcI1G4RvlCiUqd1aQ,UCjJf-AJKRFFWtiN-CSwkDmA,1
UCVC2QugcI1G4RvlCiUqd1aQ,UCnU8wO1OurAmGstDw6VGjgQ,1
UCVC2QugcI1G4RvlCiUqd1aQ,UCpsKOkt5iWTbenzeuq7dsmQ,1
UCVC2QugcI1G4RvlCiUqd1aQ,UCvcu1kR8xMYy_I1Ty-2mV2Q,1
UCZOmq6MwFDVoCaEl99BRRaw,UC_6KbBY1bsYXz9fwFS0eQRg,1
UCZOmq6MwFDVoCaEl99BRRaw,UCbrtvygfRT6QXqWDNrOf-cA,1
UCZOmq6MwFDVoCaEl99BRRaw,UCjJf-AJKRFFWtiN-CSwkDmA,1
UCZOmq6MwFDVoCaEl99BRRaw,UCnU8wO1OurAmGstDw6VGjgQ,1
UCZOmq6MwFDVoCaEl99BRRaw,UCpsKOkt5iWTbenzeuq7dsmQ,1
UCZOmq6MwFDVoCaEl99BRRaw,UCvcu1kR8xMYy_I1Ty-2mV2Q,1
UC_6KbBY1bsYXz9fwFS0eQRg,UCbrtvygfRT6QXqWDNrOf-cA,1
UC_6KbBY1bsYXz9fwFS0eQRg,UCjJf-AJKRFFWtiN-CSwkDmA,1
UC_6KbBY1bsYXz9fwFS0eQRg,UCnU8wO1OurAmGstDw6VGjgQ,1
UC_6KbBY1bsYXz9fwFS0eQRg,UCpsKOkt5iWTbenzeuq7dsmQ,1
UC_6KbBY1bsYXz9fwFS0eQRg,UCvcu1kR8xMYy_I1Ty-2mV2Q,1
UCbrtvygfRT6QXqWDNrOf-cA,UCjJf-AJKRFFWtiN-CSwkDmA,1
UCbrtvygfRT6QXqWDNrOf-cA,UCnU8wO1OurAmGstDw6VGjgQ,1
UCbrtvygfRT6QXqWDNrOf-cA,UCpsKOkt5iWTbenzeuq7dsmQ,1
UCbrtvygfRT6QXqWDNrOf-cA,UCvcu1kR8xMYy_I1Ty-2mV2Q,2
UCjJf-AJKRFFWtiN-CSwkDmA,UCnU8wO1OurAmGstDw6VGjgQ,1
UCjJf-AJKRFFWtiN-CSwkDmA,UCpsKOkt5iWTbenzeuq7dsmQ,1
UCjJf-AJKRFFWtiN-CSwkDmA,UCvcu1kR8xMYy_I1Ty-2mV2Q,1
UCnU8wO1OurAmGstDw6VGjgQ,UCpsKOkt5iWTbenzeuq7dsmQ,1
UCnU8wO1OurAmGstDw6VGjgQ,UCvcu1kR8xMYy_I1Ty-2mV2Q,1
UCpsKOkt5iWTbenzeuq7dsmQ,UCvcu1kR8xMYy_I1Ty-2mV2Q,1
UCCUmP4PlbwgikVFpYwbtRTg,UCOY3XpD9qMCRSA8AA8c4CAw,1
UCCUmP4PlbwgikVFpYwbtRTg,UCTTILH6QCIxbTnEWxwRqs1g,1
UCCUmP4PlbwgikVFpYwbtRTg,UCXO1BBohNWXkK9SBDAG2ySg,1
UCCUmP4PlbwgikVFpYwbtRTg,UCXVLc8CmAO813ubM-fLvCDw,1
UCCUmP4PlbwgikVFpYwbtRTg,UCXl30Y_upRqbti52fmjK4YA,1
UCCUmP4PlbwgikVFpYwbtRTg,UCbrtvygfRT6QXqWDNrOf-cA,1
UCCUmP4PlbwgikVFpYwbtRTg,UCcFIBN-rtC3d3hXeuN5TfWw,1
UCCUmP4PlbwgikVFpYwbtRTg,UCc_F88PzGWtA1OPNUEASulA,1
UCCUmP4PlbwgikVFpYwbtRTg,UCdQAuWwyC99MB7Y02Umj26Q,1
UCCUmP4PlbwgikVFpYwbtRTg,UCefAH1MbvADWUjE9WVcB9EQ,1
UCCUmP4PlbwgikVFpYwbtRTg,UChT7pzGytNd92Nmvi-zuWog,1
UCCUmP4PlbwgikVFpYwbtRTg,UCkxdJ_yGN2gghOMo2ybQtXQ,1
UCCUmP4PlbwgikVFpYwbtRTg,UCvcu1kR8xMYy_I1Ty-2mV2Q,1
UCCUmP4PlbwgikVFpYwbtRTg,UCwEe1RKlEv1UpNWmWYfSh4w,1
UCCUmP4PlbwgikVFpYwbtRTg,UCxcoDvP-g2_KTZDmVZtvb3w,1
UCOY3XpD9qMCRSA8AA8c4CAw,UCTTILH6QCIxbTnEWxwRqs1g,1
UCOY3XpD9qMCRSA8AA8c4CAw,UCXO1BBohNWXkK9SBDAG2ySg,1
UCOY3XpD9qMCRSA8AA8c4CAw,UCXVLc8CmAO813ubM-fLvCDw,1
UCOY3XpD9qMCRSA8AA8c4CAw,UCXl30Y_upRqbti52fmjK4YA,1
UCOY3XpD9qMCRSA8AA8c4CAw,UCbrtvygfRT6QXqWDNrOf-cA,1
UCOY3XpD9qMCRSA8AA8c4CAw,UCcFIBN-rtC3d3hXeuN5TfWw,1
UCOY3XpD9qMCRSA8AA8c4CAw,UCc_F88PzGWtA1OPNUEASulA,1
UCOY3XpD9qMCRSA8AA8c4CAw,UCdQAuWwyC99MB7Y02Umj26Q,1
UCOY3XpD9qMCRSA8AA8c4CAw,UCefAH1MbvADWUjE9WVcB9EQ,1
UCOY3XpD9qMCRSA8AA8c4CAw,UChT7pzGytNd92Nmvi-zuWog,1
UCOY3XpD9qMCRSA8AA8c4CAw,UCkxdJ_yGN2gghOMo2ybQtXQ,1
UCOY3XpD9qMCRSA8AA8c4CAw,UCvcu1kR8xMYy_I1Ty-2mV2Q,1
UCOY3XpD9qMCRSA8AA8c4CAw,UCwEe1RKlEv1UpNWmWYfSh4w,1
UCOY3XpD9qMCRSA8AA8c4CAw,UCxcoDvP-g2_KTZDmVZtvb3w,1
UCTTILH6QCIxbTnEWxwRqs1g,UCXO1BBohNWXkK9SBDAG2ySg,1
UCTTILH6QCIxbTnEWxwRqs1g,UCXVLc8CmAO813ubM-fLvCDw,1
UCTTILH6QCIxbTnEWxwRqs1g,UCXl30Y_upRqbti52fmjK4YA,1
UCTTILH6QCIxbTnEWxwRqs1g,UCbrtvygfRT6QXqWDNrOf-cA,1
UCTTILH6QCIxbTnEWxwRqs1g,UCcFIBN-rtC3d3hXeuN5TfWw,1
UCTTILH6QCIxbTnEWxwRqs1g,UCc_F88PzGWtA1OPNUEASulA,1
UCTTILH6QCIxbTnEWxwRqs1g,UCdQAuWwyC99MB7Y02Umj26Q,1
UCTTILH6QCIxbTnEWxwRqs1g,UCefAH1MbvADWUjE9WVcB9EQ,1
UCTTILH6QCIxbTnEWxwRqs1g,UChT7pzGytNd92Nmvi-zuWog,1
UCTTILH6QCIxbTnEWxwRqs1g,UCkxdJ_yGN2gghOMo2ybQtXQ,1
UCTTILH6QCIxbTnEWxwRqs1g,UCvcu1kR8xMYy_I1Ty-2mV2Q,1
UCTTILH6QCIxbTnEWxwRqs1g,UCwEe1RKlEv1UpNWmWYfSh4w,1
UCTTILH6QCIxbTnEWxwRqs1g,UCxcoDvP-g2_KTZDmVZtvb3w,1
UCXO1BBohNWXkK9SBDAG2ySg,UCXVLc8CmAO813ubM-fLvCDw,1
UCXO1BBohNWXkK9SBDAG2ySg,UCXl30Y_upRqbti52fmjK4YA,1
UCXO1BBohNWXkK9SBDAG2ySg,UCbrtvygfRT6QXqWDNrOf-cA,1
UCXO1BBohNWXkK9SBDAG2ySg,UCcFIBN-rtC3d3hXeuN5TfWw,1
UCXO1BBohNWXkK9SBDAG2ySg,UCc_F88PzGWtA1OPNUEASulA,1
UCXO1BBohNWXkK9SBDAG2ySg,UCdQAuWwyC99MB7Y02Umj26Q,1
UCXO1BBohNWXkK9SBDAG2ySg,UCefAH1MbvADWUjE9WVcB9EQ,1
UCXO1BBohNWXkK9SBDAG2ySg,UChT7pzGytNd92Nmvi-zuWog,1
UCXO1BBohNWXkK9SBDAG2ySg,UCkxdJ_yGN2gghOMo2ybQtXQ,1
UCXO1BBohNWXkK9SBDAG2ySg,UCvcu1kR8xMYy_I1Ty-2mV2Q,1
UCXO1BBohNWXkK9SBDAG2ySg,UCwEe1RKlEv1UpNWmWYfSh4w,1
UCXO1BBohNWXkK9SBDAG2ySg,UCxcoDvP-g2_KTZDmVZtvb3w,1
UCXVLc8CmAO813ubM-fLvCDw,UCXl30Y_upRqbti52fmjK4YA,1
UCXVLc8CmAO813ubM-fLvCDw,UCbrtvygfRT6QXqWDNrOf-cA,1
UCXVLc8CmAO813ubM-fLvCDw,UCcFIBN-rtC3d3hXeuN5TfWw,1
UCXVLc8CmAO813ubM-fLvCDw,UCc_F88PzGWtA1OPNUEASulA,1
UCXVLc8CmAO813ubM-fLvCDw,UCdQAuWwyC99MB7Y02Umj26Q,1
UCXVLc8CmAO813ubM-fLvCDw,UCefAH1MbvADWUjE9WVcB9EQ,1
UCXVLc8CmAO813ubM-fLvCDw,UChT7pzGytNd92Nmvi-zuWog,1
UCXVLc8CmAO813ubM-fLvCDw,UCkxdJ_yGN2gghOMo2ybQtXQ,1
UCXVLc8CmAO813ubM-fLvCDw,UCvcu1kR8xMYy_I1Ty-2mV2Q,1
UCXVLc8CmAO813ubM-fLvCDw,UCwEe1RKlEv1UpNWmWYfSh4w,1
UCXVLc8CmAO813ubM-fLvCDw,UCxcoDvP-g2_KTZDmVZtvb3w,1
UCXl30Y_upRqbti52fmjK4YA,UCbrtvygfRT6QXqWDNrOf-cA,1
UCXl30Y_upRqbti52fmjK4YA,UCcFIBN-rtC3d3hXeuN5TfWw,1
UCXl30Y_upRqbti52fmjK4YA,UCc_F88PzGWtA1OPNUEASulA,1
UCXl30Y_upRqbti52fmjK4YA,UCdQAuWwyC99MB7Y02Umj26Q,1
UCXl30Y_upRqbti52fmjK4YA,UCefAH1MbvADWUjE9WVcB9EQ,1
UCXl30Y_upRqbti52fmjK4YA,UChT7pzGytNd92Nmvi-zuWog,1
UCXl30Y_upRqbti52fmjK4YA,UCkxdJ_yGN2gghOMo2ybQtXQ,1
UCXl30Y_upRqbti52fmjK4YA,UCvcu1kR8xMYy_I1Ty-2mV2Q,1
UCXl30Y_upRqbti52fmjK4YA,UCwEe1RKlEv1UpNWmWYfSh4w,1
UCXl30Y_upRqbti52fmjK4YA,UCxcoDvP-g2_KTZDmVZtvb3w,1
UCbrtvygfRT6QXqWDNrOf-cA,UCcFIBN-rtC3d3hXeuN5TfWw,1
UCbrtvygfRT6QXqWDNrOf-cA,UCc_F88PzGWtA1OPNUEASulA,1
UCbrtvygfRT6QXqWDNrOf-cA,UCdQAuWwyC99MB7Y02Umj26Q,1
UCbrtvygfRT6QXqWDNrOf-cA,UCefAH1MbvADWUjE9WVcB9EQ,1
UCbrtvygfRT6QXqWDNrOf-cA,UChT7pzGytNd92Nmvi-zuWog,1
UCbrtvygfRT6QXqWDNrOf-cA,UCkxdJ_yGN2gghOMo2ybQtXQ,1
UCbrtvygfRT6QXqWDNrOf-cA,UCwEe1RKlEv1UpNWmWYfSh4w,1
UCbrtvygfRT6QXqWDNrOf-cA,UCxcoDvP-g2_KTZDmVZtvb3w,1
UCcFIBN-rtC3d3hXeuN5TfWw,UCc_F88PzGWtA1OPNUEASulA,1
UCcFIBN-rtC3d3hXeuN5TfWw,UCdQAuWwyC99MB7Y02Umj26Q,1
UCcFIBN-rtC3d3hXeuN5TfWw,UCefAH1MbvADWUjE9WVcB9EQ,1
UCcFIBN-rtC3d3hXeuN5TfWw,UChT7pzGytNd92Nmvi-zuWog,1
UCcFIBN-rtC3d3hXeuN5TfWw,UCkxdJ_yGN2gghOMo2ybQtXQ,1
UCcFIBN-rtC3d3hXeuN5TfWw,UCvcu1kR8xMYy_I1Ty-2mV2Q,1
UCcFIBN-rtC3d3hXeuN5TfWw,UCwEe1RKlEv1UpNWmWYfSh4w,1
UCcFIBN-rtC3d3hXeuN5TfWw,UCxcoDvP-g2_KTZDmVZtvb3w,1
UCc_F88PzGWtA1OPNUEASulA,UCdQAuWwyC99MB7Y02Umj26Q,1
UCc_F88PzGWtA1OPNUEASulA,UCefAH1MbvADWUjE9WVcB9EQ,1
UCc_F88PzGWtA1OPNUEASulA,UChT7pzGytNd92Nmvi-zuWog,1
UCc_F88PzGWtA1OPNUEASulA,UCkxdJ_yGN2gghOMo2ybQtXQ,1
UCc_F88PzGWtA1OPNUEASulA,UCvcu1kR8xMYy_I1Ty-2mV2Q,1
UCc_F88PzGWtA1OPNUEASulA,UCwEe1RKlEv1UpNWmWYfSh4w,1
UCc_F88PzGWtA1OPNUEASulA,UCxcoDvP-g2_KTZDmVZtvb3w,1
UCdQAuWwyC99MB7Y02Umj26Q,UCefAH1MbvADWUjE9WVcB9EQ,1
UCdQAuWwyC99MB7Y02Umj26Q,UChT7pzGytNd92Nmvi-zuWog,1
UCdQAuWwyC99MB7Y02Umj26Q,UCkxdJ_yGN2gghOMo2ybQtXQ,1
UCdQAuWwyC99MB7Y02Umj26Q,UCvcu1kR8xMYy_I1Ty-2mV2Q,1
UCdQAuWwyC99MB7Y02Umj26Q,UCwEe1RKlEv1UpNWmWYfSh4w,1
UCdQAuWwyC99MB7Y02Umj26Q,UCxcoDvP-g2_KTZDmVZtvb3w,1
UCefAH1MbvADWUjE9WVcB9EQ,UChT7pzGytNd92Nmvi-zuWog,1
UCefAH1MbvADWUjE9WVcB9EQ,UCkxdJ_yGN2gghOMo2ybQtXQ,1
UCefAH1MbvADWUjE9WVcB9EQ,UCvcu1kR8xMYy_I1Ty-2mV2Q,1
UCefAH1MbvADWUjE9WVcB9EQ,UCwEe1RKlEv1UpNWmWYfSh4w,1
UCefAH1MbvADWUjE9WVcB9EQ,UCxcoDvP-g2_KTZDmVZtvb3w,1
UChT7pzGytNd92Nmvi-zuWog,UCkxdJ_yGN2gghOMo2ybQtXQ,1
UChT7pzGytNd92Nmvi-zuWog,UCvcu1kR8xMYy_I1Ty-2mV2Q,1
UChT7pzGytNd92Nmvi-zuWog,UCwEe1RKlEv1UpNWmWYfSh4w,1
UChT7pzGytNd92Nmvi-zuWog,UCxcoDvP-g2_KTZDmVZtvb3w,1
UCkxdJ_yGN2gghOMo2ybQtXQ,UCvcu1kR8xMYy_I1Ty-2mV2Q,1
UCkxdJ_yGN2gghOMo2ybQtXQ,UCwEe1RKlEv1UpNWmWYfSh4w,1
UCkxdJ_yGN2gghOMo2ybQtXQ,UCxcoDvP-g2_KTZDmVZtvb3w,1
UCvcu1kR8xMYy_I1Ty-2mV2Q,UCwEe1RKlEv1UpNWmWYfSh4w,1
UCvcu1kR8xMYy_I1Ty-2mV2Q,UCxcoDvP-g2_KTZDmVZtvb3w,1
UCwEe1RKlEv1UpNWmWYfSh4w,UCxcoDvP-g2_KTZDmVZtvb3w,1
UCGj2v6Gl5bN8NSrzJMXS-CA,UCOARn3hnfkB7-_Rwa8Hoqcw,1
UCGj2v6Gl5bN8NSrzJMXS-CA,UCVhif9eV0f8plICen2DnpKA,1
UCGj2v6Gl5bN8NSrzJMXS-CA,UCZIQnb1fkwe39Iw2TAu-bGA,1
UCGj2v6Gl5bN8NSrzJMXS-CA,UCvcu1kR8xMYy_I1Ty-2mV2Q,1
UCGj2v6Gl5bN8NSrzJMXS-CA,UCyW68EGZey4ao_Vf2cR5Ztg,1
UCOARn3hnfkB7-_Rwa8Hoqcw,UCVhif9eV0f8plICen2DnpKA,1
UCOARn3hnfkB7-_Rwa8Hoqcw,UCZIQnb1fkwe39Iw2TAu-bGA,1
UCOARn3hnfkB7-_Rwa8Hoqcw,UCvcu1kR8xMYy_I1Ty-2mV2Q,1
UCOARn3hnfkB7-_Rwa8Hoqcw,UCyW68EGZey4ao_Vf2cR5Ztg,1
UCVhif9eV0f8plICen2DnpKA,UCZIQnb1fkwe39Iw2TAu-bGA,1
UCVhif9eV0f8plICen2DnpKA,UCvcu1kR8xMYy_I1Ty-2mV2Q,1
UCVhif9eV0f8plICen2DnpKA,UCyW68EGZey4ao_Vf2cR5Ztg,1
UCZIQnb1fkwe39Iw2TAu-bGA,UCvcu1kR8xMYy_I1Ty-2mV2Q,1
UCZIQnb1fkwe39Iw2TAu-bGA,UCyW68EGZey4ao_Vf2cR5Ztg,1
UCvcu1kR8xMYy_I1Ty-2mV2Q,UCyW68EGZey4ao_Vf2cR5Ztg,1
UCHGd14aYuZZShLD73dkk6mg,UCQIdKuZ-OzuFqy0KjGrgesg,1
UCHGd14aYuZZShLD73dkk6mg,UCWWkebAekppaL5b5CNlppuw,1
UCQIdKuZ-OzuFqy0KjGrgesg,UCWWkebAekppaL5b5CNlppuw,1
UCJxJC56BSAX-ArD0NAb9qnQ,UCyor0Mmm0ivLX2jIdyGp84Q,1
UCKVzDUqbtdSMBcexaEtMmzQ,UCNiMNUJvaRJb0_QLClqwVnA,1
UCKVzDUqbtdSMBcexaEtMmzQ,UCld2stqxaVSk0QdGncM224A,1
UCKVzDUqbtdSMBcexaEtMmzQ,UCtowGNY2lnlg6O2CkwDgkLg,1
UCNiMNUJvaRJb0_QLClqwVnA,UCld2stqxaVSk0QdGncM224A,1
UCNiMNUJvaRJb0_QLClqwVnA,UCtowGNY2lnlg6O2CkwDgkLg,1
UCld2stqxaVSk0QdGncM224A,UCtowGNY2lnlg6O2CkwDgkLg,1
